2025-09-10 19:21:24,745 - INFO - Using device: cpu
2025-09-10 19:21:24,745 - INFO - Loading NLP models...
2025-09-10 19:23:59,437 - INFO - Processing file: data\input\A1.1.txt
2025-09-10 19:23:59,570 - ERROR - Error processing file data\input\A1.1.txt: '>' not supported between instances of 'int' and 'Logger'
2025-09-10 19:23:59,579 - ERROR - Failed to process data\input\A1.1.txt: '>' not supported between instances of 'int' and 'Logger'
2025-09-10 19:34:58,707 - INFO - Using device: cpu
2025-09-10 19:34:58,711 - INFO - Loading NLP models...
2025-09-10 19:35:53,022 - INFO - Using device: cpu
2025-09-10 19:35:53,023 - INFO - Loading NLP models...
2025-09-10 19:36:00,684 - INFO - Processing file: data\input\A1.1.txt
2025-09-10 19:36:00,896 - ERROR - Error processing file data\input\A1.1.txt: '>' not supported between instances of 'int' and 'Logger'
2025-09-10 19:36:00,910 - ERROR - Failed to process data\input\A1.1.txt: '>' not supported between instances of 'int' and 'Logger'
2025-09-10 19:37:43,367 - INFO - Using device: cpu
2025-09-10 19:37:43,367 - INFO - Loading NLP models...
2025-09-10 19:37:49,418 - INFO - Processing file: data\input\A1.1.txt
2025-09-10 19:37:49,581 - INFO - Split into 63 chunks
2025-09-10 19:40:53,181 - INFO - Successfully processed data\input\A1.1.txt
2025-09-17 19:23:34,533 - INFO - Using device: cuda
2025-09-17 19:23:34,536 - INFO - Loading NLP models...
2025-09-17 19:23:55,602 - INFO - Processing file: data\input\B1.1.1.txt
2025-09-17 19:23:55,701 - INFO - Split into 3 chunks
2025-09-17 19:23:56,656 - INFO - Successfully processed data\input\B1.1.1.txt
2025-09-17 19:23:56,657 - INFO - Processing file: data\input\B1.1.10.txt
2025-09-17 19:23:56,712 - INFO - Split into 11 chunks
2025-09-17 19:23:57,512 - INFO - Successfully processed data\input\B1.1.10.txt
2025-09-17 19:23:57,514 - INFO - Processing file: data\input\B1.1.11.txt
2025-09-17 19:23:57,553 - INFO - Split into 8 chunks
2025-09-17 19:23:58,139 - INFO - Successfully processed data\input\B1.1.11.txt
2025-09-17 19:23:58,140 - INFO - Processing file: data\input\B1.1.12.txt
2025-09-17 19:23:58,183 - INFO - Split into 9 chunks
2025-09-17 19:23:58,826 - INFO - Successfully processed data\input\B1.1.12.txt
2025-09-17 19:23:58,827 - INFO - Processing file: data\input\B1.1.13.2.txt
2025-09-17 19:23:58,854 - INFO - Split into 1 chunks
2025-09-17 19:23:58,924 - INFO - Successfully processed data\input\B1.1.13.2.txt
2025-09-17 19:23:58,925 - INFO - Processing file: data\input\B1.1.13.txt
2025-09-17 19:23:58,968 - INFO - Split into 6 chunks
2025-09-17 19:23:59,426 - INFO - Successfully processed data\input\B1.1.13.txt
2025-09-17 19:23:59,426 - INFO - Processing file: data\input\B1.1.14.txt
2025-09-17 19:23:59,471 - INFO - Split into 9 chunks
2025-09-17 19:24:00,118 - INFO - Successfully processed data\input\B1.1.14.txt
2025-09-17 19:24:00,120 - INFO - Processing file: data\input\B1.1.15.txt
2025-09-17 19:24:00,164 - INFO - Split into 8 chunks
2025-09-17 19:24:00,758 - INFO - Successfully processed data\input\B1.1.15.txt
2025-09-17 19:24:00,758 - INFO - Processing file: data\input\B1.1.16.txt
2025-09-17 19:24:00,779 - INFO - Split into 1 chunks
2025-09-17 19:24:00,842 - INFO - Successfully processed data\input\B1.1.16.txt
2025-09-17 19:24:00,844 - INFO - Processing file: data\input\B1.1.17.txt
2025-09-17 19:24:00,881 - INFO - Split into 8 chunks
2025-09-17 19:24:01,464 - INFO - Successfully processed data\input\B1.1.17.txt
2025-09-17 19:24:01,465 - INFO - Processing file: data\input\B1.1.18.4.txt
2025-09-17 19:24:01,484 - INFO - Split into 2 chunks
2025-09-17 19:24:01,597 - INFO - Successfully processed data\input\B1.1.18.4.txt
2025-09-17 19:24:01,598 - INFO - Processing file: data\input\B1.1.18.txt
2025-09-17 19:24:01,633 - INFO - Split into 7 chunks
2025-09-17 19:24:02,094 - INFO - Successfully processed data\input\B1.1.18.txt
2025-09-17 19:24:02,095 - INFO - Processing file: data\input\B1.1.19.4.txt
2025-09-17 19:24:02,132 - INFO - Split into 7 chunks
2025-09-17 19:24:02,630 - INFO - Successfully processed data\input\B1.1.19.4.txt
2025-09-17 19:24:02,631 - INFO - Processing file: data\input\B1.1.19.txt
2025-09-17 19:24:02,660 - INFO - Split into 5 chunks
2025-09-17 19:24:02,986 - INFO - Successfully processed data\input\B1.1.19.txt
2025-09-17 19:24:02,986 - INFO - Processing file: data\input\B1.1.2.txt
2025-09-17 19:24:03,044 - INFO - Split into 10 chunks
2025-09-17 19:24:03,777 - INFO - Successfully processed data\input\B1.1.2.txt
2025-09-17 19:24:03,779 - INFO - Processing file: data\input\B1.1.20.txt
2025-09-17 19:24:03,835 - INFO - Split into 10 chunks
2025-09-17 19:24:04,570 - INFO - Successfully processed data\input\B1.1.20.txt
2025-09-17 19:24:04,570 - INFO - Processing file: data\input\B1.1.21.txt
2025-09-17 19:24:04,620 - INFO - Split into 10 chunks
2025-09-17 19:24:05,317 - INFO - Successfully processed data\input\B1.1.21.txt
2025-09-17 19:24:05,318 - INFO - Processing file: data\input\B1.1.22.txt
2025-09-17 19:24:05,376 - INFO - Split into 13 chunks
2025-09-17 19:24:06,306 - INFO - Successfully processed data\input\B1.1.22.txt
2025-09-17 19:24:06,306 - INFO - Processing file: data\input\B1.1.23.txt
2025-09-17 19:24:06,350 - INFO - Split into 10 chunks
2025-09-17 19:24:07,074 - INFO - Successfully processed data\input\B1.1.23.txt
2025-09-17 19:24:07,074 - INFO - Processing file: data\input\B1.1.24.txt
2025-09-17 19:24:07,116 - INFO - Split into 10 chunks
2025-09-17 19:24:07,832 - INFO - Successfully processed data\input\B1.1.24.txt
2025-09-17 19:24:07,833 - INFO - Processing file: data\input\B1.1.25.txt
2025-09-17 19:24:07,870 - INFO - Split into 7 chunks
2025-09-17 19:24:08,369 - INFO - Successfully processed data\input\B1.1.25.txt
2025-09-17 19:24:08,370 - INFO - Processing file: data\input\B1.1.26.txt
2025-09-17 19:24:08,409 - INFO - Split into 7 chunks
2025-09-17 19:24:08,933 - INFO - Successfully processed data\input\B1.1.26.txt
2025-09-17 19:24:08,934 - INFO - Processing file: data\input\B1.1.27.txt
2025-09-17 19:24:08,971 - INFO - Split into 8 chunks
2025-09-17 19:24:09,547 - INFO - Successfully processed data\input\B1.1.27.txt
2025-09-17 19:24:09,548 - INFO - Processing file: data\input\B1.1.28.txt
2025-09-17 19:24:09,600 - INFO - Split into 12 chunks
2025-09-17 19:24:10,464 - INFO - Successfully processed data\input\B1.1.28.txt
2025-09-17 19:24:10,464 - INFO - Processing file: data\input\B1.1.29.txt
2025-09-17 19:24:10,509 - INFO - Split into 9 chunks
2025-09-17 19:24:11,174 - INFO - Successfully processed data\input\B1.1.29.txt
2025-09-17 19:24:11,176 - INFO - Processing file: data\input\B1.1.3.txt
2025-09-17 19:24:11,216 - INFO - Split into 9 chunks
2025-09-17 19:24:11,810 - INFO - Successfully processed data\input\B1.1.3.txt
2025-09-17 19:24:11,811 - INFO - Processing file: data\input\B1.1.30.txt
2025-09-17 19:24:11,850 - INFO - Split into 8 chunks
2025-09-17 19:24:12,419 - INFO - Successfully processed data\input\B1.1.30.txt
2025-09-17 19:24:12,420 - INFO - Processing file: data\input\B1.1.31.txt
2025-09-17 19:24:12,470 - INFO - Split into 14 chunks
2025-09-17 19:24:13,468 - INFO - Successfully processed data\input\B1.1.31.txt
2025-09-17 19:24:13,469 - INFO - Processing file: data\input\B1.1.32.txt
2025-09-17 19:24:13,518 - INFO - Split into 9 chunks
2025-09-17 19:24:14,157 - INFO - Successfully processed data\input\B1.1.32.txt
2025-09-17 19:24:14,158 - INFO - Processing file: data\input\B1.1.33.txt
2025-09-17 19:24:14,205 - INFO - Split into 11 chunks
2025-09-17 19:24:14,995 - INFO - Successfully processed data\input\B1.1.33.txt
2025-09-17 19:24:14,996 - INFO - Processing file: data\input\B1.1.34.txt
2025-09-17 19:24:15,040 - INFO - Split into 8 chunks
2025-09-17 19:24:15,614 - INFO - Successfully processed data\input\B1.1.34.txt
2025-09-17 19:24:15,615 - INFO - Processing file: data\input\B1.1.35.txt
2025-09-17 19:24:15,650 - INFO - Split into 6 chunks
2025-09-17 19:24:16,069 - INFO - Successfully processed data\input\B1.1.35.txt
2025-09-17 19:24:16,069 - INFO - Processing file: data\input\B1.1.36.txt
2025-09-17 19:24:16,118 - INFO - Split into 11 chunks
2025-09-17 19:24:16,862 - INFO - Successfully processed data\input\B1.1.36.txt
2025-09-17 19:24:16,863 - INFO - Processing file: data\input\B1.1.37.txt
2025-09-17 19:24:16,919 - INFO - Split into 12 chunks
2025-09-17 19:24:17,768 - INFO - Successfully processed data\input\B1.1.37.txt
2025-09-17 19:24:17,769 - INFO - Processing file: data\input\B1.1.38.txt
2025-09-17 19:24:17,818 - INFO - Split into 11 chunks
2025-09-17 19:24:18,608 - INFO - Successfully processed data\input\B1.1.38.txt
2025-09-17 19:24:18,609 - INFO - Processing file: data\input\B1.1.39.txt
2025-09-17 19:24:18,650 - INFO - Split into 8 chunks
2025-09-17 19:24:19,245 - INFO - Successfully processed data\input\B1.1.39.txt
2025-09-17 19:24:19,246 - INFO - Processing file: data\input\B1.1.4.txt
2025-09-17 19:24:19,285 - INFO - Split into 8 chunks
2025-09-17 19:24:19,857 - INFO - Successfully processed data\input\B1.1.4.txt
2025-09-17 19:24:19,857 - INFO - Processing file: data\input\B1.1.40.2.txt
2025-09-17 19:24:19,879 - INFO - Split into 1 chunks
2025-09-17 19:24:19,933 - INFO - Successfully processed data\input\B1.1.40.2.txt
2025-09-17 19:24:19,933 - INFO - Processing file: data\input\B1.1.40.txt
2025-09-17 19:24:19,984 - INFO - Split into 15 chunks
2025-09-17 19:24:21,052 - INFO - Successfully processed data\input\B1.1.40.txt
2025-09-17 19:24:21,052 - INFO - Processing file: data\input\B1.1.41.txt
2025-09-17 19:24:21,085 - INFO - Split into 4 chunks
2025-09-17 19:24:21,377 - INFO - Successfully processed data\input\B1.1.41.txt
2025-09-17 19:24:21,377 - INFO - Processing file: data\input\B1.1.42.txt
2025-09-17 19:24:21,413 - INFO - Split into 8 chunks
2025-09-17 19:24:21,972 - INFO - Successfully processed data\input\B1.1.42.txt
2025-09-17 19:24:21,972 - INFO - Processing file: data\input\B1.1.5.txt
2025-09-17 19:24:22,026 - INFO - Split into 11 chunks
2025-09-17 19:24:22,842 - INFO - Successfully processed data\input\B1.1.5.txt
2025-09-17 19:24:22,843 - INFO - Processing file: data\input\B1.1.6.txt
2025-09-17 19:24:22,879 - INFO - Split into 7 chunks
2025-09-17 19:24:23,385 - INFO - Successfully processed data\input\B1.1.6.txt
2025-09-17 19:24:23,386 - INFO - Processing file: data\input\B1.1.7.txt
2025-09-17 19:24:23,420 - INFO - Split into 7 chunks
2025-09-17 19:24:23,916 - INFO - Successfully processed data\input\B1.1.7.txt
2025-09-17 19:24:23,917 - INFO - Processing file: data\input\B1.1.8.txt
2025-09-17 19:24:23,959 - INFO - Split into 10 chunks
2025-09-17 19:24:24,684 - INFO - Successfully processed data\input\B1.1.8.txt
2025-09-17 19:24:24,685 - INFO - Processing file: data\input\B1.1.9.4.txt
2025-09-17 19:24:24,705 - INFO - Split into 1 chunks
2025-09-17 19:24:24,758 - INFO - Successfully processed data\input\B1.1.9.4.txt
2025-09-17 19:24:24,760 - INFO - Processing file: data\input\B1.1.9.txt
2025-09-17 19:24:24,800 - INFO - Split into 9 chunks
2025-09-17 19:24:25,427 - INFO - Successfully processed data\input\B1.1.9.txt
2025-09-17 19:24:25,428 - INFO - Processing file: data\input\B1.2.1.txt
2025-09-17 19:24:25,455 - INFO - Split into 2 chunks
2025-09-17 19:24:25,594 - INFO - Successfully processed data\input\B1.2.1.txt
2025-09-17 19:24:25,595 - INFO - Processing file: data\input\B1.2.10.txt
2025-09-17 19:24:25,638 - INFO - Split into 8 chunks
2025-09-17 19:24:26,211 - INFO - Successfully processed data\input\B1.2.10.txt
2025-09-17 19:24:26,212 - INFO - Processing file: data\input\B1.2.11.txt
2025-09-17 19:24:26,271 - INFO - Split into 10 chunks
2025-09-17 19:24:27,002 - INFO - Successfully processed data\input\B1.2.11.txt
2025-09-17 19:24:27,003 - INFO - Processing file: data\input\B1.2.12.txt
2025-09-17 19:24:27,081 - INFO - Split into 19 chunks
2025-09-17 19:24:28,463 - INFO - Successfully processed data\input\B1.2.12.txt
2025-09-17 19:24:28,465 - INFO - Processing file: data\input\B1.2.13.txt
2025-09-17 19:24:28,520 - INFO - Split into 12 chunks
2025-09-17 19:24:29,421 - INFO - Successfully processed data\input\B1.2.13.txt
2025-09-17 19:24:29,422 - INFO - Processing file: data\input\B1.2.14.txt
2025-09-17 19:24:29,467 - INFO - Split into 7 chunks
2025-09-17 19:24:29,994 - INFO - Successfully processed data\input\B1.2.14.txt
2025-09-17 19:24:29,995 - INFO - Processing file: data\input\B1.2.15.txt
2025-09-17 19:24:30,070 - INFO - Split into 12 chunks
2025-09-17 19:24:30,992 - INFO - Successfully processed data\input\B1.2.15.txt
2025-09-17 19:24:30,993 - INFO - Processing file: data\input\B1.2.16.txt
2025-09-17 19:24:31,072 - INFO - Split into 12 chunks
2025-09-17 19:24:31,968 - INFO - Successfully processed data\input\B1.2.16.txt
2025-09-17 19:24:31,969 - INFO - Processing file: data\input\B1.2.17.txt
2025-09-17 19:24:31,987 - INFO - Split into 1 chunks
2025-09-17 19:24:32,041 - INFO - Successfully processed data\input\B1.2.17.txt
2025-09-17 19:24:32,042 - INFO - Processing file: data\input\B1.2.18.txt
2025-09-17 19:24:32,096 - INFO - Split into 11 chunks
2025-09-17 19:24:32,893 - INFO - Successfully processed data\input\B1.2.18.txt
2025-09-17 19:24:32,894 - INFO - Processing file: data\input\B1.2.19.txt
2025-09-17 19:24:32,928 - INFO - Split into 4 chunks
2025-09-17 19:24:33,216 - INFO - Successfully processed data\input\B1.2.19.txt
2025-09-17 19:24:33,217 - INFO - Processing file: data\input\B1.2.2.txt
2025-09-17 19:24:33,273 - INFO - Split into 11 chunks
2025-09-17 19:24:34,155 - INFO - Successfully processed data\input\B1.2.2.txt
2025-09-17 19:24:34,156 - INFO - Processing file: data\input\B1.2.20.txt
2025-09-17 19:24:34,192 - INFO - Split into 6 chunks
2025-09-17 19:24:34,616 - INFO - Successfully processed data\input\B1.2.20.txt
2025-09-17 19:24:34,618 - INFO - Processing file: data\input\B1.2.21.txt
2025-09-17 19:24:34,656 - INFO - Split into 5 chunks
2025-09-17 19:24:35,012 - INFO - Successfully processed data\input\B1.2.21.txt
2025-09-17 19:24:35,013 - INFO - Processing file: data\input\B1.2.22.txt
2025-09-17 19:24:35,042 - INFO - Split into 2 chunks
2025-09-17 19:24:35,189 - INFO - Successfully processed data\input\B1.2.22.txt
2025-09-17 19:24:35,191 - INFO - Processing file: data\input\B1.2.23.txt
2025-09-17 19:24:35,228 - INFO - Split into 4 chunks
2025-09-17 19:24:35,512 - INFO - Successfully processed data\input\B1.2.23.txt
2025-09-17 19:24:35,513 - INFO - Processing file: data\input\B1.2.24.txt
2025-09-17 19:24:35,579 - INFO - Split into 12 chunks
2025-09-17 19:24:36,458 - INFO - Successfully processed data\input\B1.2.24.txt
2025-09-17 19:24:36,459 - INFO - Processing file: data\input\B1.2.25.txt
2025-09-17 19:24:36,515 - INFO - Split into 11 chunks
2025-09-17 19:24:37,326 - INFO - Successfully processed data\input\B1.2.25.txt
2025-09-17 19:24:37,327 - INFO - Processing file: data\input\B1.2.26.txt
2025-09-17 19:24:37,362 - INFO - Split into 5 chunks
2025-09-17 19:24:37,723 - INFO - Successfully processed data\input\B1.2.26.txt
2025-09-17 19:24:37,724 - INFO - Processing file: data\input\B1.2.27.txt
2025-09-17 19:24:37,750 - INFO - Split into 2 chunks
2025-09-17 19:24:37,874 - INFO - Successfully processed data\input\B1.2.27.txt
2025-09-17 19:24:37,874 - INFO - Processing file: data\input\B1.2.28.txt
2025-09-17 19:24:37,920 - INFO - Split into 8 chunks
2025-09-17 19:24:38,574 - INFO - Successfully processed data\input\B1.2.28.txt
2025-09-17 19:24:38,575 - INFO - Processing file: data\input\B1.2.29.txt
2025-09-17 19:24:38,613 - INFO - Split into 5 chunks
2025-09-17 19:24:38,985 - INFO - Successfully processed data\input\B1.2.29.txt
2025-09-17 19:24:38,987 - INFO - Processing file: data\input\B1.2.3.txt
2025-09-17 19:24:39,033 - INFO - Split into 7 chunks
2025-09-17 19:24:39,560 - INFO - Successfully processed data\input\B1.2.3.txt
2025-09-17 19:24:39,561 - INFO - Processing file: data\input\B1.2.30.txt
2025-09-17 19:24:39,590 - INFO - Split into 3 chunks
2025-09-17 19:24:39,807 - INFO - Successfully processed data\input\B1.2.30.txt
2025-09-17 19:24:39,808 - INFO - Processing file: data\input\B1.2.31.txt
2025-09-17 19:24:39,861 - INFO - Split into 10 chunks
2025-09-17 19:24:40,583 - INFO - Successfully processed data\input\B1.2.31.txt
2025-09-17 19:24:40,583 - INFO - Processing file: data\input\B1.2.32.txt
2025-09-17 19:24:40,618 - INFO - Split into 5 chunks
2025-09-17 19:24:40,983 - INFO - Successfully processed data\input\B1.2.32.txt
2025-09-17 19:24:40,983 - INFO - Processing file: data\input\B1.2.33.txt
2025-09-17 19:24:41,022 - INFO - Split into 6 chunks
2025-09-17 19:24:41,456 - INFO - Successfully processed data\input\B1.2.33.txt
2025-09-17 19:24:41,458 - INFO - Processing file: data\input\B1.2.34.txt
2025-09-17 19:24:41,502 - INFO - Split into 9 chunks
2025-09-17 19:24:42,141 - INFO - Successfully processed data\input\B1.2.34.txt
2025-09-17 19:24:42,141 - INFO - Processing file: data\input\B1.2.35.txt
2025-09-17 19:24:42,181 - INFO - Split into 6 chunks
2025-09-17 19:24:42,613 - INFO - Successfully processed data\input\B1.2.35.txt
2025-09-17 19:24:42,613 - INFO - Processing file: data\input\B1.2.36.txt
2025-09-17 19:24:42,650 - INFO - Split into 6 chunks
2025-09-17 19:24:43,071 - INFO - Successfully processed data\input\B1.2.36.txt
2025-09-17 19:24:43,071 - INFO - Processing file: data\input\B1.2.37.txt
2025-09-17 19:24:43,124 - INFO - Split into 9 chunks
2025-09-17 19:24:43,797 - INFO - Successfully processed data\input\B1.2.37.txt
2025-09-17 19:24:43,797 - INFO - Processing file: data\input\B1.2.38.txt
2025-09-17 19:24:43,831 - INFO - Split into 4 chunks
2025-09-17 19:24:44,109 - INFO - Successfully processed data\input\B1.2.38.txt
2025-09-17 19:24:44,110 - INFO - Processing file: data\input\B1.2.39.txt
2025-09-17 19:24:44,131 - INFO - Split into 1 chunks
2025-09-17 19:24:44,183 - INFO - Successfully processed data\input\B1.2.39.txt
2025-09-17 19:24:44,184 - INFO - Processing file: data\input\B1.2.4.txt
2025-09-17 19:24:44,237 - INFO - Split into 11 chunks
2025-09-17 19:24:45,034 - INFO - Successfully processed data\input\B1.2.4.txt
2025-09-17 19:24:45,035 - INFO - Processing file: data\input\B1.2.40.txt
2025-09-17 19:24:45,076 - INFO - Split into 7 chunks
2025-09-17 19:24:45,573 - INFO - Successfully processed data\input\B1.2.40.txt
2025-09-17 19:24:45,573 - INFO - Processing file: data\input\B1.2.41.txt
2025-09-17 19:24:45,623 - INFO - Split into 10 chunks
2025-09-17 19:24:46,372 - INFO - Successfully processed data\input\B1.2.41.txt
2025-09-17 19:24:46,373 - INFO - Processing file: data\input\B1.2.42.txt
2025-09-17 19:24:46,426 - INFO - Split into 11 chunks
2025-09-17 19:24:47,226 - INFO - Successfully processed data\input\B1.2.42.txt
2025-09-17 19:24:47,227 - INFO - Processing file: data\input\B1.2.43.txt
2025-09-17 19:24:47,248 - INFO - Split into 1 chunks
2025-09-17 19:24:47,307 - INFO - Successfully processed data\input\B1.2.43.txt
2025-09-17 19:24:47,309 - INFO - Processing file: data\input\B1.2.44.txt
2025-09-17 19:24:47,346 - INFO - Split into 6 chunks
2025-09-17 19:24:47,765 - INFO - Successfully processed data\input\B1.2.44.txt
2025-09-17 19:24:47,766 - INFO - Processing file: data\input\B1.2.45.txt
2025-09-17 19:24:47,803 - INFO - Split into 6 chunks
2025-09-17 19:24:48,231 - INFO - Successfully processed data\input\B1.2.45.txt
2025-09-17 19:24:48,232 - INFO - Processing file: data\input\B1.2.46.txt
2025-09-17 19:24:48,274 - INFO - Split into 8 chunks
2025-09-17 19:24:48,847 - INFO - Successfully processed data\input\B1.2.46.txt
2025-09-17 19:24:48,848 - INFO - Processing file: data\input\B1.2.47.txt
2025-09-17 19:24:48,890 - INFO - Split into 8 chunks
2025-09-17 19:24:49,478 - INFO - Successfully processed data\input\B1.2.47.txt
2025-09-17 19:24:49,479 - INFO - Processing file: data\input\B1.2.48.txt
2025-09-17 19:24:49,527 - INFO - Split into 8 chunks
2025-09-17 19:24:50,132 - INFO - Successfully processed data\input\B1.2.48.txt
2025-09-17 19:24:50,132 - INFO - Processing file: data\input\B1.2.49.txt
2025-09-17 19:24:50,187 - INFO - Split into 10 chunks
2025-09-17 19:24:50,916 - INFO - Successfully processed data\input\B1.2.49.txt
2025-09-17 19:24:50,917 - INFO - Processing file: data\input\B1.2.5.txt
2025-09-17 19:24:50,965 - INFO - Split into 10 chunks
2025-09-17 19:24:51,689 - INFO - Successfully processed data\input\B1.2.5.txt
2025-09-17 19:24:51,691 - INFO - Processing file: data\input\B1.2.50.txt
2025-09-17 19:24:51,712 - INFO - Split into 1 chunks
2025-09-17 19:24:51,765 - INFO - Successfully processed data\input\B1.2.50.txt
2025-09-17 19:24:51,767 - INFO - Processing file: data\input\B1.2.6.txt
2025-09-17 19:24:51,812 - INFO - Split into 9 chunks
2025-09-17 19:24:52,460 - INFO - Successfully processed data\input\B1.2.6.txt
2025-09-17 19:24:52,461 - INFO - Processing file: data\input\B1.2.7.txt
2025-09-17 19:24:52,499 - INFO - Split into 7 chunks
2025-09-17 19:24:52,991 - INFO - Successfully processed data\input\B1.2.7.txt
2025-09-17 19:24:52,992 - INFO - Processing file: data\input\B1.2.8.txt
2025-09-17 19:24:53,032 - INFO - Split into 7 chunks
2025-09-17 19:24:53,535 - INFO - Successfully processed data\input\B1.2.8.txt
2025-09-17 19:24:53,535 - INFO - Processing file: data\input\B1.2.9.txt
2025-09-17 19:24:53,578 - INFO - Split into 5 chunks
2025-09-17 19:24:53,929 - INFO - Successfully processed data\input\B1.2.9.txt
2025-09-17 19:24:53,930 - INFO - Processing file: data\input\B1.3.1.txt
2025-09-17 19:24:53,955 - INFO - Split into 1 chunks
2025-09-17 19:24:54,036 - INFO - Successfully processed data\input\B1.3.1.txt
2025-09-17 19:24:54,037 - INFO - Processing file: data\input\B1.3.10.txt
2025-09-17 19:24:54,063 - INFO - Split into 4 chunks
2025-09-17 19:24:54,364 - INFO - Successfully processed data\input\B1.3.10.txt
2025-09-17 19:24:54,366 - INFO - Processing file: data\input\B1.3.11.txt
2025-09-17 19:24:54,400 - INFO - Split into 8 chunks
2025-09-17 19:24:54,978 - INFO - Successfully processed data\input\B1.3.11.txt
2025-09-17 19:24:54,979 - INFO - Processing file: data\input\B1.3.12.txt
2025-09-17 19:24:55,010 - INFO - Split into 9 chunks
2025-09-17 19:24:55,655 - INFO - Successfully processed data\input\B1.3.12.txt
2025-09-17 19:24:55,656 - INFO - Processing file: data\input\B1.3.13.txt
2025-09-17 19:24:55,692 - INFO - Split into 8 chunks
2025-09-17 19:24:56,271 - INFO - Successfully processed data\input\B1.3.13.txt
2025-09-17 19:24:56,271 - INFO - Processing file: data\input\B1.3.14.txt
2025-09-17 19:24:56,306 - INFO - Split into 7 chunks
2025-09-17 19:24:56,826 - INFO - Successfully processed data\input\B1.3.14.txt
2025-09-17 19:24:56,827 - INFO - Processing file: data\input\B1.3.15.txt
2025-09-17 19:24:56,853 - INFO - Split into 4 chunks
2025-09-17 19:24:57,149 - INFO - Successfully processed data\input\B1.3.15.txt
2025-09-17 19:24:57,150 - INFO - Processing file: data\input\B1.3.16.txt
2025-09-17 19:24:57,175 - INFO - Split into 5 chunks
2025-09-17 19:24:57,528 - INFO - Successfully processed data\input\B1.3.16.txt
2025-09-17 19:24:57,529 - INFO - Processing file: data\input\B1.3.17.txt
2025-09-17 19:24:57,562 - INFO - Split into 9 chunks
2025-09-17 19:24:58,208 - INFO - Successfully processed data\input\B1.3.17.txt
2025-09-17 19:24:58,208 - INFO - Processing file: data\input\B1.3.18.txt
2025-09-17 19:24:58,236 - INFO - Split into 6 chunks
2025-09-17 19:24:58,660 - INFO - Successfully processed data\input\B1.3.18.txt
2025-09-17 19:24:58,661 - INFO - Processing file: data\input\B1.3.19.txt
2025-09-17 19:24:58,701 - INFO - Split into 12 chunks
2025-09-17 19:24:59,569 - INFO - Successfully processed data\input\B1.3.19.txt
2025-09-17 19:24:59,570 - INFO - Processing file: data\input\B1.3.2.txt
2025-09-17 19:24:59,601 - INFO - Split into 9 chunks
2025-09-17 19:25:00,252 - INFO - Successfully processed data\input\B1.3.2.txt
2025-09-17 19:25:00,252 - INFO - Processing file: data\input\B1.3.20.txt
2025-09-17 19:25:00,279 - INFO - Split into 5 chunks
2025-09-17 19:25:00,651 - INFO - Successfully processed data\input\B1.3.20.txt
2025-09-17 19:25:00,652 - INFO - Processing file: data\input\B1.3.21.txt
2025-09-17 19:25:00,675 - INFO - Split into 3 chunks
2025-09-17 19:25:00,881 - INFO - Successfully processed data\input\B1.3.21.txt
2025-09-17 19:25:00,882 - INFO - Processing file: data\input\B1.3.22.txt
2025-09-17 19:25:00,917 - INFO - Split into 11 chunks
2025-09-17 19:25:01,719 - INFO - Successfully processed data\input\B1.3.22.txt
2025-09-17 19:25:01,721 - INFO - Processing file: data\input\B1.3.23.txt
2025-09-17 19:25:01,754 - INFO - Split into 6 chunks
2025-09-17 19:25:02,190 - INFO - Successfully processed data\input\B1.3.23.txt
2025-09-17 19:25:02,191 - INFO - Processing file: data\input\B1.3.24.txt
2025-09-17 19:25:02,218 - INFO - Split into 5 chunks
2025-09-17 19:25:02,572 - INFO - Successfully processed data\input\B1.3.24.txt
2025-09-17 19:25:02,573 - INFO - Processing file: data\input\B1.3.25.txt
2025-09-17 19:25:02,618 - INFO - Split into 17 chunks
2025-09-17 19:25:03,896 - INFO - Successfully processed data\input\B1.3.25.txt
2025-09-17 19:25:03,897 - INFO - Processing file: data\input\B1.3.26.txt
2025-09-17 19:25:03,928 - INFO - Split into 6 chunks
2025-09-17 19:25:04,374 - INFO - Successfully processed data\input\B1.3.26.txt
2025-09-17 19:25:04,375 - INFO - Processing file: data\input\B1.3.27.txt
2025-09-17 19:25:04,401 - INFO - Split into 4 chunks
2025-09-17 19:25:04,701 - INFO - Successfully processed data\input\B1.3.27.txt
2025-09-17 19:25:04,703 - INFO - Processing file: data\input\B1.3.28.txt
2025-09-17 19:25:04,730 - INFO - Split into 4 chunks
2025-09-17 19:25:05,010 - INFO - Successfully processed data\input\B1.3.28.txt
2025-09-17 19:25:05,012 - INFO - Processing file: data\input\B1.3.29.txt
2025-09-17 19:25:05,043 - INFO - Split into 6 chunks
2025-09-17 19:25:05,497 - INFO - Successfully processed data\input\B1.3.29.txt
2025-09-17 19:25:05,499 - INFO - Processing file: data\input\B1.3.3.txt
2025-09-17 19:25:05,534 - INFO - Split into 11 chunks
2025-09-17 19:25:06,332 - INFO - Successfully processed data\input\B1.3.3.txt
2025-09-17 19:25:06,333 - INFO - Processing file: data\input\B1.3.30.txt
2025-09-17 19:25:06,397 - INFO - Split into 30 chunks
2025-09-17 19:25:08,630 - INFO - Successfully processed data\input\B1.3.30.txt
2025-09-17 19:25:08,631 - INFO - Processing file: data\input\B1.3.31.txt
2025-09-17 19:25:08,661 - INFO - Split into 6 chunks
2025-09-17 19:25:09,084 - INFO - Successfully processed data\input\B1.3.31.txt
2025-09-17 19:25:09,084 - INFO - Processing file: data\input\B1.3.32.txt
2025-09-17 19:25:09,116 - INFO - Split into 8 chunks
2025-09-17 19:25:09,711 - INFO - Successfully processed data\input\B1.3.32.txt
2025-09-17 19:25:09,712 - INFO - Processing file: data\input\B1.3.33.txt
2025-09-17 19:25:09,746 - INFO - Split into 8 chunks
2025-09-17 19:25:10,331 - INFO - Successfully processed data\input\B1.3.33.txt
2025-09-17 19:25:10,331 - INFO - Processing file: data\input\B1.3.34.txt
2025-09-17 19:25:10,369 - INFO - Split into 10 chunks
2025-09-17 19:25:11,091 - INFO - Successfully processed data\input\B1.3.34.txt
2025-09-17 19:25:11,091 - INFO - Processing file: data\input\B1.3.35.txt
2025-09-17 19:25:11,122 - INFO - Split into 6 chunks
2025-09-17 19:25:11,581 - INFO - Successfully processed data\input\B1.3.35.txt
2025-09-17 19:25:11,581 - INFO - Processing file: data\input\B1.3.4.txt
2025-09-17 19:25:11,628 - INFO - Split into 18 chunks
2025-09-17 19:25:12,970 - INFO - Successfully processed data\input\B1.3.4.txt
2025-09-17 19:25:12,971 - INFO - Processing file: data\input\B1.3.5.txt
2025-09-17 19:25:13,012 - INFO - Split into 12 chunks
2025-09-17 19:25:13,889 - INFO - Successfully processed data\input\B1.3.5.txt
2025-09-17 19:25:13,890 - INFO - Processing file: data\input\B1.3.6.txt
2025-09-17 19:25:13,930 - INFO - Split into 12 chunks
2025-09-17 19:25:14,802 - INFO - Successfully processed data\input\B1.3.6.txt
2025-09-17 19:25:14,803 - INFO - Processing file: data\input\B1.3.7.txt
2025-09-17 19:25:14,837 - INFO - Split into 8 chunks
2025-09-17 19:25:15,413 - INFO - Successfully processed data\input\B1.3.7.txt
2025-09-17 19:25:15,413 - INFO - Processing file: data\input\B1.3.8.txt
2025-09-17 19:25:15,452 - INFO - Split into 12 chunks
2025-09-17 19:25:16,326 - INFO - Successfully processed data\input\B1.3.8.txt
2025-09-17 19:25:16,327 - INFO - Processing file: data\input\B1.3.9.txt
2025-09-17 19:25:16,358 - INFO - Split into 7 chunks
2025-09-17 19:25:16,860 - INFO - Successfully processed data\input\B1.3.9.txt
2025-09-17 19:25:16,860 - INFO - Processing file: data\input\B1.4.1.txt
2025-09-17 19:25:16,891 - INFO - Split into 9 chunks
2025-09-17 19:25:17,536 - INFO - Successfully processed data\input\B1.4.1.txt
2025-09-17 19:25:17,537 - INFO - Processing file: data\input\B1.4.10.txt
2025-09-17 19:25:17,564 - INFO - Split into 5 chunks
2025-09-17 19:25:17,930 - INFO - Successfully processed data\input\B1.4.10.txt
2025-09-17 19:25:17,932 - INFO - Processing file: data\input\B1.4.11.txt
2025-09-17 19:25:17,967 - INFO - Split into 9 chunks
2025-09-17 19:25:18,652 - INFO - Successfully processed data\input\B1.4.11.txt
2025-09-17 19:25:18,652 - INFO - Processing file: data\input\B1.4.12.txt
2025-09-17 19:25:18,676 - INFO - Split into 4 chunks
2025-09-17 19:25:18,951 - INFO - Successfully processed data\input\B1.4.12.txt
2025-09-17 19:25:18,952 - INFO - Processing file: data\input\B1.4.13.txt
2025-09-17 19:25:18,979 - INFO - Split into 5 chunks
2025-09-17 19:25:19,333 - INFO - Successfully processed data\input\B1.4.13.txt
2025-09-17 19:25:19,334 - INFO - Processing file: data\input\B1.4.14.txt
2025-09-17 19:25:19,361 - INFO - Split into 5 chunks
2025-09-17 19:25:19,708 - INFO - Successfully processed data\input\B1.4.14.txt
2025-09-17 19:25:19,709 - INFO - Processing file: data\input\B1.4.15.txt
2025-09-17 19:25:19,736 - INFO - Split into 5 chunks
2025-09-17 19:25:20,090 - INFO - Successfully processed data\input\B1.4.15.txt
2025-09-17 19:25:20,090 - INFO - Processing file: data\input\B1.4.16.txt
2025-09-17 19:25:20,116 - INFO - Split into 4 chunks
2025-09-17 19:25:20,394 - INFO - Successfully processed data\input\B1.4.16.txt
2025-09-17 19:25:20,395 - INFO - Processing file: data\input\B1.4.17.txt
2025-09-17 19:25:20,422 - INFO - Split into 6 chunks
2025-09-17 19:25:22,678 - INFO - Successfully processed data\input\B1.4.17.txt
2025-09-17 19:25:22,683 - INFO - Processing file: data\input\B1.4.18.txt
2025-09-17 19:25:22,846 - INFO - Split into 6 chunks
2025-09-17 19:25:25,213 - INFO - Successfully processed data\input\B1.4.18.txt
2025-09-17 19:25:25,214 - INFO - Processing file: data\input\B1.4.19.txt
2025-09-17 19:25:25,256 - INFO - Split into 8 chunks
2025-09-17 19:25:28,999 - INFO - Successfully processed data\input\B1.4.19.txt
2025-09-17 19:25:29,000 - INFO - Processing file: data\input\B1.4.2.txt
2025-09-17 19:25:29,034 - INFO - Split into 6 chunks
2025-09-17 19:25:30,217 - INFO - Successfully processed data\input\B1.4.2.txt
2025-09-17 19:25:30,219 - INFO - Processing file: data\input\B1.4.20.txt
2025-09-17 19:25:30,260 - INFO - Split into 8 chunks
2025-09-17 19:25:31,864 - INFO - Successfully processed data\input\B1.4.20.txt
2025-09-17 19:25:31,866 - INFO - Processing file: data\input\B1.4.21.txt
2025-09-17 19:25:31,903 - INFO - Split into 7 chunks
2025-09-17 19:25:33,429 - INFO - Successfully processed data\input\B1.4.21.txt
2025-09-17 19:25:33,432 - INFO - Processing file: data\input\B1.4.22.txt
2025-09-17 19:25:33,479 - INFO - Split into 14 chunks
2025-09-17 19:25:36,601 - INFO - Successfully processed data\input\B1.4.22.txt
2025-09-17 19:25:36,604 - INFO - Processing file: data\input\B1.4.23.txt
2025-09-17 19:25:36,735 - INFO - Split into 2 chunks
2025-09-17 19:25:38,224 - INFO - Successfully processed data\input\B1.4.23.txt
2025-09-17 19:25:38,228 - INFO - Processing file: data\input\B1.4.24.txt
2025-09-17 19:25:38,419 - INFO - Split into 5 chunks
2025-09-17 19:25:40,786 - INFO - Successfully processed data\input\B1.4.24.txt
2025-09-17 19:25:40,788 - INFO - Processing file: data\input\B1.4.25.txt
2025-09-17 19:25:40,810 - INFO - Split into 1 chunks
2025-09-17 19:25:40,935 - INFO - Successfully processed data\input\B1.4.25.txt
2025-09-17 19:25:40,935 - INFO - Processing file: data\input\B1.4.26.1.txt
2025-09-17 19:25:40,957 - INFO - Split into 1 chunks
2025-09-17 19:25:41,179 - INFO - Successfully processed data\input\B1.4.26.1.txt
2025-09-17 19:25:41,182 - INFO - Processing file: data\input\B1.4.26.2.txt
2025-09-17 19:25:41,204 - INFO - Split into 1 chunks
2025-09-17 19:25:41,290 - INFO - Successfully processed data\input\B1.4.26.2.txt
2025-09-17 19:25:41,291 - INFO - Processing file: data\input\B1.4.26.3.txt
2025-09-17 19:25:41,311 - INFO - Split into 1 chunks
2025-09-17 19:25:41,511 - INFO - Successfully processed data\input\B1.4.26.3.txt
2025-09-17 19:25:41,512 - INFO - Processing file: data\input\B1.4.27.txt
2025-09-17 19:25:41,539 - INFO - Split into 3 chunks
2025-09-17 19:25:42,185 - INFO - Successfully processed data\input\B1.4.27.txt
2025-09-17 19:25:42,186 - INFO - Processing file: data\input\B1.4.28.txt
2025-09-17 19:25:42,216 - INFO - Split into 3 chunks
2025-09-17 19:25:42,754 - INFO - Successfully processed data\input\B1.4.28.txt
2025-09-17 19:25:42,758 - INFO - Processing file: data\input\B1.4.29.txt
2025-09-17 19:25:42,782 - INFO - Split into 1 chunks
2025-09-17 19:25:42,872 - INFO - Successfully processed data\input\B1.4.29.txt
2025-09-17 19:25:42,874 - INFO - Processing file: data\input\B1.4.3.txt
2025-09-17 19:25:42,901 - INFO - Split into 4 chunks
2025-09-17 19:25:43,709 - INFO - Successfully processed data\input\B1.4.3.txt
2025-09-17 19:25:43,711 - INFO - Processing file: data\input\B1.4.30.txt
2025-09-17 19:25:43,735 - INFO - Split into 3 chunks
2025-09-17 19:25:44,243 - INFO - Successfully processed data\input\B1.4.30.txt
2025-09-17 19:25:44,244 - INFO - Processing file: data\input\B1.4.31.txt
2025-09-17 19:25:44,271 - INFO - Split into 3 chunks
2025-09-17 19:25:44,800 - INFO - Successfully processed data\input\B1.4.31.txt
2025-09-17 19:25:44,802 - INFO - Processing file: data\input\B1.4.4.txt
2025-09-17 19:25:44,834 - INFO - Split into 6 chunks
2025-09-17 19:25:46,108 - INFO - Successfully processed data\input\B1.4.4.txt
2025-09-17 19:25:46,109 - INFO - Processing file: data\input\B1.4.5.txt
2025-09-17 19:25:46,145 - INFO - Split into 6 chunks
2025-09-17 19:25:47,467 - INFO - Successfully processed data\input\B1.4.5.txt
2025-09-17 19:25:47,469 - INFO - Processing file: data\input\B1.4.6.txt
2025-09-17 19:25:47,507 - INFO - Split into 8 chunks
2025-09-17 19:25:49,207 - INFO - Successfully processed data\input\B1.4.6.txt
2025-09-17 19:25:49,208 - INFO - Processing file: data\input\B1.4.7.txt
2025-09-17 19:25:49,242 - INFO - Split into 5 chunks
2025-09-17 19:25:50,312 - INFO - Successfully processed data\input\B1.4.7.txt
2025-09-17 19:25:50,313 - INFO - Processing file: data\input\B1.4.8.txt
2025-09-17 19:25:50,347 - INFO - Split into 5 chunks
2025-09-17 19:25:51,351 - INFO - Successfully processed data\input\B1.4.8.txt
2025-09-17 19:25:51,352 - INFO - Processing file: data\input\B1.4.9.txt
2025-09-17 19:25:51,383 - INFO - Split into 4 chunks
2025-09-17 19:25:52,178 - INFO - Successfully processed data\input\B1.4.9.txt
2025-09-17 19:25:52,179 - INFO - Processing file: data\input\B1.5.1.txt
2025-09-17 19:25:52,230 - INFO - Split into 12 chunks
2025-09-17 19:25:54,674 - INFO - Successfully processed data\input\B1.5.1.txt
2025-09-17 19:25:54,675 - INFO - Processing file: data\input\B1.5.11.txt
2025-09-17 19:25:54,714 - INFO - Split into 7 chunks
2025-09-17 19:25:56,092 - INFO - Successfully processed data\input\B1.5.11.txt
2025-09-17 19:25:56,093 - INFO - Processing file: data\input\B1.5.12.txt
2025-09-17 19:25:56,133 - INFO - Split into 7 chunks
2025-09-17 19:25:57,652 - INFO - Successfully processed data\input\B1.5.12.txt
2025-09-17 19:25:57,653 - INFO - Processing file: data\input\B1.5.13.txt
2025-09-17 19:25:57,696 - INFO - Split into 11 chunks
2025-09-17 19:26:00,046 - INFO - Successfully processed data\input\B1.5.13.txt
2025-09-17 19:26:00,048 - INFO - Processing file: data\input\B1.5.14.txt
2025-09-17 19:26:00,087 - INFO - Split into 8 chunks
2025-09-17 19:26:01,788 - INFO - Successfully processed data\input\B1.5.14.txt
2025-09-17 19:26:01,790 - INFO - Processing file: data\input\B1.5.15.txt
2025-09-17 19:26:01,847 - INFO - Split into 10 chunks
2025-09-17 19:26:03,934 - INFO - Successfully processed data\input\B1.5.15.txt
2025-09-17 19:26:03,935 - INFO - Processing file: data\input\B1.5.2.txt
2025-09-17 19:26:03,979 - INFO - Split into 10 chunks
2025-09-17 19:26:06,117 - INFO - Successfully processed data\input\B1.5.2.txt
2025-09-17 19:26:06,119 - INFO - Processing file: data\input\B1.5.4.txt
2025-09-17 19:26:06,158 - INFO - Split into 4 chunks
2025-09-17 19:26:07,012 - INFO - Successfully processed data\input\B1.5.4.txt
2025-09-17 19:26:07,014 - INFO - Processing file: data\input\B1.5.5.txt
2025-09-17 19:26:07,048 - INFO - Split into 4 chunks
2025-09-17 19:26:10,310 - INFO - Successfully processed data\input\B1.5.5.txt
2025-09-17 19:26:10,314 - INFO - Processing file: data\input\B1.5.6.txt
2025-09-17 19:26:10,475 - INFO - Split into 6 chunks
2025-09-17 19:26:12,677 - INFO - Successfully processed data\input\B1.5.6.txt
2025-09-17 19:26:12,678 - INFO - Processing file: data\input\B1.5.7.txt
2025-09-17 19:26:12,714 - INFO - Split into 6 chunks
2025-09-17 19:26:14,024 - INFO - Successfully processed data\input\B1.5.7.txt
2025-09-17 19:26:14,025 - INFO - Processing file: data\input\B1.5.8.txt
2025-09-17 19:26:14,069 - INFO - Split into 12 chunks
2025-09-17 19:26:16,499 - INFO - Successfully processed data\input\B1.5.8.txt
2025-09-17 19:26:16,500 - INFO - Processing file: data\input\B1.5.9.txt
2025-09-17 19:26:16,529 - INFO - Split into 3 chunks
2025-09-17 19:26:17,099 - INFO - Successfully processed data\input\B1.5.9.txt
2025-09-17 19:26:17,099 - INFO - Processing file: data\input\B1.6.1.txt
2025-09-17 19:26:17,150 - INFO - Split into 17 chunks
2025-09-17 19:26:20,819 - INFO - Successfully processed data\input\B1.6.1.txt
2025-09-17 19:26:20,820 - INFO - Processing file: data\input\B1.6.2.1.txt
2025-09-17 19:26:20,862 - INFO - Split into 11 chunks
2025-09-17 19:26:23,155 - INFO - Successfully processed data\input\B1.6.2.1.txt
2025-09-17 19:26:23,157 - INFO - Processing file: data\input\B1.6.2.2.txt
2025-09-17 19:26:23,200 - INFO - Split into 10 chunks
2025-09-17 19:26:25,327 - INFO - Successfully processed data\input\B1.6.2.2.txt
2025-09-17 19:26:25,328 - INFO - Processing file: data\input\B1.6.3.txt
2025-09-17 19:26:25,356 - INFO - Split into 2 chunks
2025-09-17 19:26:25,777 - INFO - Successfully processed data\input\B1.6.3.txt
2025-09-17 19:26:25,778 - INFO - Processing file: data\input\B1.6.4.txt
2025-09-17 19:26:25,809 - INFO - Split into 6 chunks
2025-09-17 19:26:27,117 - INFO - Successfully processed data\input\B1.6.4.txt
2025-09-17 19:26:27,118 - INFO - Processing file: data\input\B1.6.5.txt
2025-09-17 19:26:27,148 - INFO - Split into 5 chunks
2025-09-17 19:26:28,100 - INFO - Successfully processed data\input\B1.6.5.txt
2025-09-17 19:26:28,101 - INFO - Processing file: data\input\B1.8.1.1.txt
2025-09-17 19:26:28,128 - INFO - Split into 2 chunks
2025-09-17 19:26:28,410 - INFO - Successfully processed data\input\B1.8.1.1.txt
2025-09-17 19:26:28,411 - INFO - Processing file: data\input\B1.8.1.txt
2025-09-17 19:26:28,458 - INFO - Split into 12 chunks
2025-09-17 19:26:31,037 - INFO - Successfully processed data\input\B1.8.1.txt
2025-09-17 19:26:31,038 - INFO - Processing file: data\input\B1.8.2.txt
2025-09-17 19:26:31,101 - INFO - Split into 15 chunks
2025-09-17 19:26:34,332 - INFO - Successfully processed data\input\B1.8.2.txt
2025-09-17 19:26:34,333 - INFO - Processing file: data\input\B1.8.3.txt
2025-09-17 19:26:34,391 - INFO - Split into 16 chunks
2025-09-17 19:26:37,706 - INFO - Successfully processed data\input\B1.8.3.txt
2025-09-17 19:26:37,707 - INFO - Processing file: data\input\B1.8.4.3.txt
2025-09-17 19:26:37,749 - INFO - Split into 8 chunks
2025-09-17 19:26:39,452 - INFO - Successfully processed data\input\B1.8.4.3.txt
2025-09-17 19:26:39,452 - INFO - Processing file: data\input\B1.8.4.4.txt
2025-09-17 19:26:39,520 - INFO - Split into 23 chunks
2025-09-17 19:26:44,177 - INFO - Successfully processed data\input\B1.8.4.4.txt
2025-09-17 19:26:44,178 - INFO - Processing file: data\input\B1.8.5.txt
2025-09-17 19:26:44,212 - INFO - Split into 6 chunks
2025-09-17 19:26:45,233 - INFO - Successfully processed data\input\B1.8.5.txt
2025-09-17 19:26:45,234 - INFO - Processing file: data\input\B1.8.6.txt
2025-09-17 19:26:45,269 - INFO - Split into 7 chunks
2025-09-17 19:26:46,647 - INFO - Successfully processed data\input\B1.8.6.txt
2025-09-17 19:26:46,648 - INFO - Processing file: data\input\B1.9.1.txt
2025-09-17 19:26:46,922 - INFO - Split into 139 chunks
2025-09-17 19:27:15,421 - INFO - Successfully processed data\input\B1.9.1.txt
2025-09-17 19:27:15,421 - INFO - Processing file: data\input\B1.9.2.txt
2025-09-17 19:27:15,491 - INFO - Split into 21 chunks
2025-09-17 19:27:19,873 - INFO - Successfully processed data\input\B1.9.2.txt
2025-09-17 19:27:19,874 - INFO - Processing file: data\input\B1.9.3.txt
2025-09-17 19:27:19,915 - INFO - Split into 12 chunks
2025-09-17 19:27:22,348 - INFO - Successfully processed data\input\B1.9.3.txt
2025-09-17 19:27:22,349 - INFO - Processing file: data\input\B1.9.4.txt
2025-09-17 19:27:22,407 - INFO - Split into 19 chunks
2025-09-17 19:27:26,362 - INFO - Successfully processed data\input\B1.9.4.txt
2025-09-17 19:27:26,363 - INFO - Processing file: data\input\B1.9.6.txt
2025-09-17 19:27:26,393 - INFO - Split into 4 chunks
2025-09-17 19:27:27,168 - INFO - Successfully processed data\input\B1.9.6.txt
2025-09-17 19:27:27,169 - INFO - Processing file: data\input\B1.9.7.txt
2025-09-17 19:27:27,192 - INFO - Split into 1 chunks
2025-09-17 19:27:27,314 - INFO - Successfully processed data\input\B1.9.7.txt
2025-09-24 19:48:13,129 - INFO - Using device: cuda
2025-09-24 19:48:13,135 - INFO - Loading NLP models...
2025-09-24 19:48:28,028 - INFO - Processing file: data\input\B1.1.1.txt
2025-09-24 19:48:28,109 - INFO - Split into 3 chunks
2025-09-24 19:48:28,817 - INFO - Successfully processed data\input\B1.1.1.txt
2025-09-24 19:48:28,817 - INFO - Processing file: data\input\B1.1.10.txt
2025-09-24 19:48:28,849 - INFO - Split into 11 chunks
2025-09-24 19:48:29,576 - INFO - Successfully processed data\input\B1.1.10.txt
2025-09-24 19:48:29,576 - INFO - Processing file: data\input\B1.1.11.txt
2025-09-24 19:48:29,601 - INFO - Split into 8 chunks
2025-09-24 19:48:30,150 - INFO - Successfully processed data\input\B1.1.11.txt
2025-09-24 19:48:30,150 - INFO - Processing file: data\input\B1.1.12.txt
2025-09-24 19:48:30,174 - INFO - Split into 9 chunks
2025-09-24 19:48:30,784 - INFO - Successfully processed data\input\B1.1.12.txt
2025-09-24 19:48:30,784 - INFO - Processing file: data\input\B1.1.13.2.txt
2025-09-24 19:48:30,802 - INFO - Split into 1 chunks
2025-09-24 19:48:30,850 - INFO - Successfully processed data\input\B1.1.13.2.txt
2025-09-24 19:48:30,850 - INFO - Processing file: data\input\B1.1.13.txt
2025-09-24 19:48:30,877 - INFO - Split into 6 chunks
2025-09-24 19:48:31,335 - INFO - Successfully processed data\input\B1.1.13.txt
2025-09-24 19:48:31,337 - INFO - Processing file: data\input\B1.1.14.txt
2025-09-24 19:48:31,365 - INFO - Split into 9 chunks
2025-09-24 19:48:31,995 - INFO - Successfully processed data\input\B1.1.14.txt
2025-09-24 19:48:31,997 - INFO - Processing file: data\input\B1.1.15.txt
2025-09-24 19:48:32,021 - INFO - Split into 8 chunks
2025-09-24 19:48:32,589 - INFO - Successfully processed data\input\B1.1.15.txt
2025-09-24 19:48:32,597 - INFO - Processing file: data\input\B1.1.16.txt
2025-09-24 19:48:32,608 - INFO - Split into 1 chunks
2025-09-24 19:48:32,639 - INFO - Successfully processed data\input\B1.1.16.txt
2025-09-24 19:48:32,639 - INFO - Processing file: data\input\B1.1.17.txt
2025-09-24 19:48:32,665 - INFO - Split into 8 chunks
2025-09-24 19:48:33,234 - INFO - Successfully processed data\input\B1.1.17.txt
2025-09-24 19:48:33,234 - INFO - Processing file: data\input\B1.1.18.4.txt
2025-09-24 19:48:33,241 - INFO - Split into 2 chunks
2025-09-24 19:48:33,345 - INFO - Successfully processed data\input\B1.1.18.4.txt
2025-09-24 19:48:33,349 - INFO - Processing file: data\input\B1.1.18.txt
2025-09-24 19:48:33,373 - INFO - Split into 7 chunks
2025-09-24 19:48:33,840 - INFO - Successfully processed data\input\B1.1.18.txt
2025-09-24 19:48:33,840 - INFO - Processing file: data\input\B1.1.19.4.txt
2025-09-24 19:48:33,851 - INFO - Split into 7 chunks
2025-09-24 19:48:34,328 - INFO - Successfully processed data\input\B1.1.19.4.txt
2025-09-24 19:48:34,328 - INFO - Processing file: data\input\B1.1.19.txt
2025-09-24 19:48:34,338 - INFO - Split into 5 chunks
2025-09-24 19:48:34,643 - INFO - Successfully processed data\input\B1.1.19.txt
2025-09-24 19:48:34,643 - INFO - Processing file: data\input\B1.1.2.txt
2025-09-24 19:48:34,673 - INFO - Split into 10 chunks
2025-09-24 19:48:35,379 - INFO - Successfully processed data\input\B1.1.2.txt
2025-09-24 19:48:35,381 - INFO - Processing file: data\input\B1.1.20.txt
2025-09-24 19:48:35,413 - INFO - Split into 10 chunks
2025-09-24 19:48:36,124 - INFO - Successfully processed data\input\B1.1.20.txt
2025-09-24 19:48:36,124 - INFO - Processing file: data\input\B1.1.21.txt
2025-09-24 19:48:36,155 - INFO - Split into 10 chunks
2025-09-24 19:48:36,818 - INFO - Successfully processed data\input\B1.1.21.txt
2025-09-24 19:48:36,820 - INFO - Processing file: data\input\B1.1.22.txt
2025-09-24 19:48:36,858 - INFO - Split into 13 chunks
2025-09-24 19:48:37,747 - INFO - Successfully processed data\input\B1.1.22.txt
2025-09-24 19:48:37,752 - INFO - Processing file: data\input\B1.1.23.txt
2025-09-24 19:48:37,773 - INFO - Split into 10 chunks
2025-09-24 19:48:38,449 - INFO - Successfully processed data\input\B1.1.23.txt
2025-09-24 19:48:38,449 - INFO - Processing file: data\input\B1.1.24.txt
2025-09-24 19:48:38,475 - INFO - Split into 10 chunks
2025-09-24 19:48:39,179 - INFO - Successfully processed data\input\B1.1.24.txt
2025-09-24 19:48:39,179 - INFO - Processing file: data\input\B1.1.25.txt
2025-09-24 19:48:39,203 - INFO - Split into 7 chunks
2025-09-24 19:48:39,647 - INFO - Successfully processed data\input\B1.1.25.txt
2025-09-24 19:48:39,649 - INFO - Processing file: data\input\B1.1.26.txt
2025-09-24 19:48:39,672 - INFO - Split into 7 chunks
2025-09-24 19:48:40,200 - INFO - Successfully processed data\input\B1.1.26.txt
2025-09-24 19:48:40,200 - INFO - Processing file: data\input\B1.1.27.txt
2025-09-24 19:48:40,222 - INFO - Split into 8 chunks
2025-09-24 19:48:40,771 - INFO - Successfully processed data\input\B1.1.27.txt
2025-09-24 19:48:40,771 - INFO - Processing file: data\input\B1.1.28.txt
2025-09-24 19:48:40,799 - INFO - Split into 12 chunks
2025-09-24 19:48:41,691 - INFO - Successfully processed data\input\B1.1.28.txt
2025-09-24 19:48:41,693 - INFO - Processing file: data\input\B1.1.29.txt
2025-09-24 19:48:41,735 - INFO - Split into 9 chunks
2025-09-24 19:48:42,387 - INFO - Successfully processed data\input\B1.1.29.txt
2025-09-24 19:48:42,389 - INFO - Processing file: data\input\B1.1.3.txt
2025-09-24 19:48:42,419 - INFO - Split into 9 chunks
2025-09-24 19:48:43,019 - INFO - Successfully processed data\input\B1.1.3.txt
2025-09-24 19:48:43,019 - INFO - Processing file: data\input\B1.1.30.txt
2025-09-24 19:48:43,055 - INFO - Split into 8 chunks
2025-09-24 19:48:43,592 - INFO - Successfully processed data\input\B1.1.30.txt
2025-09-24 19:48:43,592 - INFO - Processing file: data\input\B1.1.31.txt
2025-09-24 19:48:43,622 - INFO - Split into 14 chunks
2025-09-24 19:48:44,560 - INFO - Successfully processed data\input\B1.1.31.txt
2025-09-24 19:48:44,560 - INFO - Processing file: data\input\B1.1.32.txt
2025-09-24 19:48:44,590 - INFO - Split into 9 chunks
2025-09-24 19:48:45,217 - INFO - Successfully processed data\input\B1.1.32.txt
2025-09-24 19:48:45,217 - INFO - Processing file: data\input\B1.1.33.txt
2025-09-24 19:48:45,237 - INFO - Split into 11 chunks
2025-09-24 19:48:46,020 - INFO - Successfully processed data\input\B1.1.33.txt
2025-09-24 19:48:46,020 - INFO - Processing file: data\input\B1.1.34.txt
2025-09-24 19:48:46,047 - INFO - Split into 8 chunks
2025-09-24 19:48:46,631 - INFO - Successfully processed data\input\B1.1.34.txt
2025-09-24 19:48:46,631 - INFO - Processing file: data\input\B1.1.35.txt
2025-09-24 19:48:46,661 - INFO - Split into 6 chunks
2025-09-24 19:48:47,057 - INFO - Successfully processed data\input\B1.1.35.txt
2025-09-24 19:48:47,059 - INFO - Processing file: data\input\B1.1.36.txt
2025-09-24 19:48:47,101 - INFO - Split into 11 chunks
2025-09-24 19:48:47,810 - INFO - Successfully processed data\input\B1.1.36.txt
2025-09-24 19:48:47,820 - INFO - Processing file: data\input\B1.1.37.txt
2025-09-24 19:48:47,841 - INFO - Split into 12 chunks
2025-09-24 19:48:48,749 - INFO - Successfully processed data\input\B1.1.37.txt
2025-09-24 19:48:48,749 - INFO - Processing file: data\input\B1.1.38.txt
2025-09-24 19:48:48,778 - INFO - Split into 11 chunks
2025-09-24 19:48:49,555 - INFO - Successfully processed data\input\B1.1.38.txt
2025-09-24 19:48:49,557 - INFO - Processing file: data\input\B1.1.39.txt
2025-09-24 19:48:49,575 - INFO - Split into 8 chunks
2025-09-24 19:48:50,207 - INFO - Successfully processed data\input\B1.1.39.txt
2025-09-24 19:48:50,209 - INFO - Processing file: data\input\B1.1.4.txt
2025-09-24 19:48:50,234 - INFO - Split into 8 chunks
2025-09-24 19:48:50,792 - INFO - Successfully processed data\input\B1.1.4.txt
2025-09-24 19:48:50,792 - INFO - Processing file: data\input\B1.1.40.2.txt
2025-09-24 19:48:50,804 - INFO - Split into 1 chunks
2025-09-24 19:48:50,836 - INFO - Successfully processed data\input\B1.1.40.2.txt
2025-09-24 19:48:50,836 - INFO - Processing file: data\input\B1.1.40.txt
2025-09-24 19:48:50,870 - INFO - Split into 15 chunks
2025-09-24 19:48:51,941 - INFO - Successfully processed data\input\B1.1.40.txt
2025-09-24 19:48:51,941 - INFO - Processing file: data\input\B1.1.41.txt
2025-09-24 19:48:51,965 - INFO - Split into 4 chunks
2025-09-24 19:48:52,235 - INFO - Successfully processed data\input\B1.1.41.txt
2025-09-24 19:48:52,235 - INFO - Processing file: data\input\B1.1.42.txt
2025-09-24 19:48:52,262 - INFO - Split into 8 chunks
2025-09-24 19:48:52,816 - INFO - Successfully processed data\input\B1.1.42.txt
2025-09-24 19:48:52,816 - INFO - Processing file: data\input\B1.1.5.txt
2025-09-24 19:48:52,847 - INFO - Split into 11 chunks
2025-09-24 19:48:53,616 - INFO - Successfully processed data\input\B1.1.5.txt
2025-09-24 19:48:53,616 - INFO - Processing file: data\input\B1.1.6.txt
2025-09-24 19:48:53,633 - INFO - Split into 7 chunks
2025-09-24 19:48:54,120 - INFO - Successfully processed data\input\B1.1.6.txt
2025-09-24 19:48:54,120 - INFO - Processing file: data\input\B1.1.7.txt
2025-09-24 19:48:54,146 - INFO - Split into 7 chunks
2025-09-24 19:48:54,640 - INFO - Successfully processed data\input\B1.1.7.txt
2025-09-24 19:48:54,642 - INFO - Processing file: data\input\B1.1.8.txt
2025-09-24 19:48:54,672 - INFO - Split into 10 chunks
2025-09-24 19:48:55,374 - INFO - Successfully processed data\input\B1.1.8.txt
2025-09-24 19:48:55,374 - INFO - Processing file: data\input\B1.1.9.4.txt
2025-09-24 19:48:55,390 - INFO - Split into 1 chunks
2025-09-24 19:48:55,418 - INFO - Successfully processed data\input\B1.1.9.4.txt
2025-09-24 19:48:55,418 - INFO - Processing file: data\input\B1.1.9.txt
2025-09-24 19:48:55,451 - INFO - Split into 9 chunks
2025-09-24 19:48:56,054 - INFO - Successfully processed data\input\B1.1.9.txt
2025-09-24 19:48:56,054 - INFO - Processing file: data\input\B1.2.1.txt
2025-09-24 19:48:56,070 - INFO - Split into 2 chunks
2025-09-24 19:48:56,192 - INFO - Successfully processed data\input\B1.2.1.txt
2025-09-24 19:48:56,192 - INFO - Processing file: data\input\B1.2.10.txt
2025-09-24 19:48:56,227 - INFO - Split into 8 chunks
2025-09-24 19:48:56,812 - INFO - Successfully processed data\input\B1.2.10.txt
2025-09-24 19:48:56,815 - INFO - Processing file: data\input\B1.2.11.txt
2025-09-24 19:48:56,852 - INFO - Split into 10 chunks
2025-09-24 19:48:57,641 - INFO - Successfully processed data\input\B1.2.11.txt
2025-09-24 19:48:57,641 - INFO - Processing file: data\input\B1.2.12.txt
2025-09-24 19:48:57,692 - INFO - Split into 19 chunks
2025-09-24 19:48:59,059 - INFO - Successfully processed data\input\B1.2.12.txt
2025-09-24 19:48:59,059 - INFO - Processing file: data\input\B1.2.13.txt
2025-09-24 19:48:59,100 - INFO - Split into 12 chunks
2025-09-24 19:49:00,066 - INFO - Successfully processed data\input\B1.2.13.txt
2025-09-24 19:49:00,066 - INFO - Processing file: data\input\B1.2.14.txt
2025-09-24 19:49:00,097 - INFO - Split into 7 chunks
2025-09-24 19:49:00,565 - INFO - Successfully processed data\input\B1.2.14.txt
2025-09-24 19:49:00,565 - INFO - Processing file: data\input\B1.2.15.txt
2025-09-24 19:49:00,608 - INFO - Split into 12 chunks
2025-09-24 19:49:01,474 - INFO - Successfully processed data\input\B1.2.15.txt
2025-09-24 19:49:01,474 - INFO - Processing file: data\input\B1.2.16.txt
2025-09-24 19:49:01,511 - INFO - Split into 12 chunks
2025-09-24 19:49:02,424 - INFO - Successfully processed data\input\B1.2.16.txt
2025-09-24 19:49:02,424 - INFO - Processing file: data\input\B1.2.17.txt
2025-09-24 19:49:02,429 - INFO - Split into 1 chunks
2025-09-24 19:49:02,474 - INFO - Successfully processed data\input\B1.2.17.txt
2025-09-24 19:49:02,476 - INFO - Processing file: data\input\B1.2.18.txt
2025-09-24 19:49:02,509 - INFO - Split into 11 chunks
2025-09-24 19:49:03,275 - INFO - Successfully processed data\input\B1.2.18.txt
2025-09-24 19:49:03,275 - INFO - Processing file: data\input\B1.2.19.txt
2025-09-24 19:49:03,303 - INFO - Split into 4 chunks
2025-09-24 19:49:03,580 - INFO - Successfully processed data\input\B1.2.19.txt
2025-09-24 19:49:03,580 - INFO - Processing file: data\input\B1.2.2.txt
2025-09-24 19:49:03,608 - INFO - Split into 11 chunks
2025-09-24 19:49:04,452 - INFO - Successfully processed data\input\B1.2.2.txt
2025-09-24 19:49:04,452 - INFO - Processing file: data\input\B1.2.20.txt
2025-09-24 19:49:04,476 - INFO - Split into 6 chunks
2025-09-24 19:49:04,873 - INFO - Successfully processed data\input\B1.2.20.txt
2025-09-24 19:49:04,873 - INFO - Processing file: data\input\B1.2.21.txt
2025-09-24 19:49:04,902 - INFO - Split into 5 chunks
2025-09-24 19:49:05,233 - INFO - Successfully processed data\input\B1.2.21.txt
2025-09-24 19:49:05,236 - INFO - Processing file: data\input\B1.2.22.txt
2025-09-24 19:49:05,249 - INFO - Split into 2 chunks
2025-09-24 19:49:05,391 - INFO - Successfully processed data\input\B1.2.22.txt
2025-09-24 19:49:05,391 - INFO - Processing file: data\input\B1.2.23.txt
2025-09-24 19:49:05,415 - INFO - Split into 4 chunks
2025-09-24 19:49:05,678 - INFO - Successfully processed data\input\B1.2.23.txt
2025-09-24 19:49:05,678 - INFO - Processing file: data\input\B1.2.24.txt
2025-09-24 19:49:05,723 - INFO - Split into 12 chunks
2025-09-24 19:49:06,543 - INFO - Successfully processed data\input\B1.2.24.txt
2025-09-24 19:49:06,543 - INFO - Processing file: data\input\B1.2.25.txt
2025-09-24 19:49:06,579 - INFO - Split into 11 chunks
2025-09-24 19:49:07,355 - INFO - Successfully processed data\input\B1.2.25.txt
2025-09-24 19:49:07,355 - INFO - Processing file: data\input\B1.2.26.txt
2025-09-24 19:49:07,376 - INFO - Split into 5 chunks
2025-09-24 19:49:07,716 - INFO - Successfully processed data\input\B1.2.26.txt
2025-09-24 19:49:07,716 - INFO - Processing file: data\input\B1.2.27.txt
2025-09-24 19:49:07,730 - INFO - Split into 2 chunks
2025-09-24 19:49:07,857 - INFO - Successfully processed data\input\B1.2.27.txt
2025-09-24 19:49:07,857 - INFO - Processing file: data\input\B1.2.28.txt
2025-09-24 19:49:07,885 - INFO - Split into 8 chunks
2025-09-24 19:49:08,450 - INFO - Successfully processed data\input\B1.2.28.txt
2025-09-24 19:49:08,450 - INFO - Processing file: data\input\B1.2.29.txt
2025-09-24 19:49:08,477 - INFO - Split into 5 chunks
2025-09-24 19:49:08,849 - INFO - Successfully processed data\input\B1.2.29.txt
2025-09-24 19:49:08,849 - INFO - Processing file: data\input\B1.2.3.txt
2025-09-24 19:49:08,859 - INFO - Split into 7 chunks
2025-09-24 19:49:09,842 - INFO - Successfully processed data\input\B1.2.3.txt
2025-09-24 19:49:09,842 - INFO - Processing file: data\input\B1.2.30.txt
2025-09-24 19:49:09,872 - INFO - Split into 3 chunks
2025-09-24 19:49:10,080 - INFO - Successfully processed data\input\B1.2.30.txt
2025-09-24 19:49:10,080 - INFO - Processing file: data\input\B1.2.31.txt
2025-09-24 19:49:10,117 - INFO - Split into 10 chunks
2025-09-24 19:49:10,809 - INFO - Successfully processed data\input\B1.2.31.txt
2025-09-24 19:49:10,809 - INFO - Processing file: data\input\B1.2.32.txt
2025-09-24 19:49:10,831 - INFO - Split into 5 chunks
2025-09-24 19:49:11,193 - INFO - Successfully processed data\input\B1.2.32.txt
2025-09-24 19:49:11,196 - INFO - Processing file: data\input\B1.2.33.txt
2025-09-24 19:49:11,228 - INFO - Split into 6 chunks
2025-09-24 19:49:11,639 - INFO - Successfully processed data\input\B1.2.33.txt
2025-09-24 19:49:11,643 - INFO - Processing file: data\input\B1.2.34.txt
2025-09-24 19:49:11,711 - INFO - Split into 9 chunks
2025-09-24 19:49:12,324 - INFO - Successfully processed data\input\B1.2.34.txt
2025-09-24 19:49:12,334 - INFO - Processing file: data\input\B1.2.35.txt
2025-09-24 19:49:12,356 - INFO - Split into 6 chunks
2025-09-24 19:49:12,770 - INFO - Successfully processed data\input\B1.2.35.txt
2025-09-24 19:49:12,770 - INFO - Processing file: data\input\B1.2.36.txt
2025-09-24 19:49:12,800 - INFO - Split into 6 chunks
2025-09-24 19:49:13,189 - INFO - Successfully processed data\input\B1.2.36.txt
2025-09-24 19:49:13,194 - INFO - Processing file: data\input\B1.2.37.txt
2025-09-24 19:49:13,223 - INFO - Split into 9 chunks
2025-09-24 19:49:13,869 - INFO - Successfully processed data\input\B1.2.37.txt
2025-09-24 19:49:13,869 - INFO - Processing file: data\input\B1.2.38.txt
2025-09-24 19:49:13,890 - INFO - Split into 4 chunks
2025-09-24 19:49:14,153 - INFO - Successfully processed data\input\B1.2.38.txt
2025-09-24 19:49:14,153 - INFO - Processing file: data\input\B1.2.39.txt
2025-09-24 19:49:14,167 - INFO - Split into 1 chunks
2025-09-24 19:49:14,194 - INFO - Successfully processed data\input\B1.2.39.txt
2025-09-24 19:49:14,194 - INFO - Processing file: data\input\B1.2.4.txt
2025-09-24 19:49:14,225 - INFO - Split into 11 chunks
2025-09-24 19:49:15,039 - INFO - Successfully processed data\input\B1.2.4.txt
2025-09-24 19:49:15,039 - INFO - Processing file: data\input\B1.2.40.txt
2025-09-24 19:49:15,075 - INFO - Split into 7 chunks
2025-09-24 19:49:15,548 - INFO - Successfully processed data\input\B1.2.40.txt
2025-09-24 19:49:15,548 - INFO - Processing file: data\input\B1.2.41.txt
2025-09-24 19:49:15,589 - INFO - Split into 10 chunks
2025-09-24 19:49:16,317 - INFO - Successfully processed data\input\B1.2.41.txt
2025-09-24 19:49:16,317 - INFO - Processing file: data\input\B1.2.42.txt
2025-09-24 19:49:16,355 - INFO - Split into 11 chunks
2025-09-24 19:49:17,125 - INFO - Successfully processed data\input\B1.2.42.txt
2025-09-24 19:49:17,125 - INFO - Processing file: data\input\B1.2.43.txt
2025-09-24 19:49:17,143 - INFO - Split into 1 chunks
2025-09-24 19:49:17,188 - INFO - Successfully processed data\input\B1.2.43.txt
2025-09-24 19:49:17,188 - INFO - Processing file: data\input\B1.2.44.txt
2025-09-24 19:49:17,216 - INFO - Split into 6 chunks
2025-09-24 19:49:17,608 - INFO - Successfully processed data\input\B1.2.44.txt
2025-09-24 19:49:17,608 - INFO - Processing file: data\input\B1.2.45.txt
2025-09-24 19:49:17,637 - INFO - Split into 6 chunks
2025-09-24 19:49:18,031 - INFO - Successfully processed data\input\B1.2.45.txt
2025-09-24 19:49:18,031 - INFO - Processing file: data\input\B1.2.46.txt
2025-09-24 19:49:18,060 - INFO - Split into 8 chunks
2025-09-24 19:49:18,608 - INFO - Successfully processed data\input\B1.2.46.txt
2025-09-24 19:49:18,610 - INFO - Processing file: data\input\B1.2.47.txt
2025-09-24 19:49:18,639 - INFO - Split into 8 chunks
2025-09-24 19:49:19,215 - INFO - Successfully processed data\input\B1.2.47.txt
2025-09-24 19:49:19,215 - INFO - Processing file: data\input\B1.2.48.txt
2025-09-24 19:49:19,250 - INFO - Split into 8 chunks
2025-09-24 19:49:19,851 - INFO - Successfully processed data\input\B1.2.48.txt
2025-09-24 19:49:19,851 - INFO - Processing file: data\input\B1.2.49.txt
2025-09-24 19:49:19,881 - INFO - Split into 10 chunks
2025-09-24 19:49:20,603 - INFO - Successfully processed data\input\B1.2.49.txt
2025-09-24 19:49:20,603 - INFO - Processing file: data\input\B1.2.5.txt
2025-09-24 19:49:20,632 - INFO - Split into 10 chunks
2025-09-24 19:49:21,336 - INFO - Successfully processed data\input\B1.2.5.txt
2025-09-24 19:49:21,336 - INFO - Processing file: data\input\B1.2.50.txt
2025-09-24 19:49:21,350 - INFO - Split into 1 chunks
2025-09-24 19:49:21,386 - INFO - Successfully processed data\input\B1.2.50.txt
2025-09-24 19:49:21,386 - INFO - Processing file: data\input\B1.2.6.txt
2025-09-24 19:49:21,416 - INFO - Split into 9 chunks
2025-09-24 19:49:22,045 - INFO - Successfully processed data\input\B1.2.6.txt
2025-09-24 19:49:22,047 - INFO - Processing file: data\input\B1.2.7.txt
2025-09-24 19:49:22,065 - INFO - Split into 7 chunks
2025-09-24 19:49:22,543 - INFO - Successfully processed data\input\B1.2.7.txt
2025-09-24 19:49:22,543 - INFO - Processing file: data\input\B1.2.8.txt
2025-09-24 19:49:22,563 - INFO - Split into 7 chunks
2025-09-24 19:49:23,050 - INFO - Successfully processed data\input\B1.2.8.txt
2025-09-24 19:49:23,061 - INFO - Processing file: data\input\B1.2.9.txt
2025-09-24 19:49:23,081 - INFO - Split into 5 chunks
2025-09-24 19:49:23,424 - INFO - Successfully processed data\input\B1.2.9.txt
2025-09-24 19:49:23,424 - INFO - Processing file: data\input\B1.3.1.txt
2025-09-24 19:49:23,425 - INFO - Split into 1 chunks
2025-09-24 19:49:23,498 - INFO - Successfully processed data\input\B1.3.1.txt
2025-09-24 19:49:23,498 - INFO - Processing file: data\input\B1.3.10.txt
2025-09-24 19:49:23,514 - INFO - Split into 4 chunks
2025-09-24 19:49:23,815 - INFO - Successfully processed data\input\B1.3.10.txt
2025-09-24 19:49:23,815 - INFO - Processing file: data\input\B1.3.11.txt
2025-09-24 19:49:23,853 - INFO - Split into 8 chunks
2025-09-24 19:49:24,416 - INFO - Successfully processed data\input\B1.3.11.txt
2025-09-24 19:49:24,416 - INFO - Processing file: data\input\B1.3.12.txt
2025-09-24 19:49:24,446 - INFO - Split into 9 chunks
2025-09-24 19:49:25,059 - INFO - Successfully processed data\input\B1.3.12.txt
2025-09-24 19:49:25,059 - INFO - Processing file: data\input\B1.3.13.txt
2025-09-24 19:49:25,198 - INFO - Split into 8 chunks
2025-09-24 19:49:25,741 - INFO - Successfully processed data\input\B1.3.13.txt
2025-09-24 19:49:25,741 - INFO - Processing file: data\input\B1.3.14.txt
2025-09-24 19:49:25,761 - INFO - Split into 7 chunks
2025-09-24 19:49:26,262 - INFO - Successfully processed data\input\B1.3.14.txt
2025-09-24 19:49:26,262 - INFO - Processing file: data\input\B1.3.15.txt
2025-09-24 19:49:26,282 - INFO - Split into 4 chunks
2025-09-24 19:49:26,579 - INFO - Successfully processed data\input\B1.3.15.txt
2025-09-24 19:49:26,584 - INFO - Processing file: data\input\B1.3.16.txt
2025-09-24 19:49:26,602 - INFO - Split into 5 chunks
2025-09-24 19:49:26,944 - INFO - Successfully processed data\input\B1.3.16.txt
2025-09-24 19:49:26,944 - INFO - Processing file: data\input\B1.3.17.txt
2025-09-24 19:49:26,962 - INFO - Split into 9 chunks
2025-09-24 19:49:27,596 - INFO - Successfully processed data\input\B1.3.17.txt
2025-09-24 19:49:27,598 - INFO - Processing file: data\input\B1.3.18.txt
2025-09-24 19:49:27,609 - INFO - Split into 6 chunks
2025-09-24 19:49:28,018 - INFO - Successfully processed data\input\B1.3.18.txt
2025-09-24 19:49:28,018 - INFO - Processing file: data\input\B1.3.19.txt
2025-09-24 19:49:28,044 - INFO - Split into 12 chunks
2025-09-24 19:49:28,875 - INFO - Successfully processed data\input\B1.3.19.txt
2025-09-24 19:49:28,875 - INFO - Processing file: data\input\B1.3.2.txt
2025-09-24 19:49:28,902 - INFO - Split into 9 chunks
2025-09-24 19:49:29,580 - INFO - Successfully processed data\input\B1.3.2.txt
2025-09-24 19:49:29,580 - INFO - Processing file: data\input\B1.3.20.txt
2025-09-24 19:49:29,594 - INFO - Split into 5 chunks
2025-09-24 19:49:29,965 - INFO - Successfully processed data\input\B1.3.20.txt
2025-09-24 19:49:29,965 - INFO - Processing file: data\input\B1.3.21.txt
2025-09-24 19:49:29,978 - INFO - Split into 3 chunks
2025-09-24 19:49:30,182 - INFO - Successfully processed data\input\B1.3.21.txt
2025-09-24 19:49:30,182 - INFO - Processing file: data\input\B1.3.22.txt
2025-09-24 19:49:30,217 - INFO - Split into 11 chunks
2025-09-24 19:49:31,042 - INFO - Successfully processed data\input\B1.3.22.txt
2025-09-24 19:49:31,042 - INFO - Processing file: data\input\B1.3.23.txt
2025-09-24 19:49:31,058 - INFO - Split into 6 chunks
2025-09-24 19:49:31,487 - INFO - Successfully processed data\input\B1.3.23.txt
2025-09-24 19:49:31,487 - INFO - Processing file: data\input\B1.3.24.txt
2025-09-24 19:49:31,507 - INFO - Split into 5 chunks
2025-09-24 19:49:31,823 - INFO - Successfully processed data\input\B1.3.24.txt
2025-09-24 19:49:31,823 - INFO - Processing file: data\input\B1.3.25.txt
2025-09-24 19:49:31,843 - INFO - Split into 17 chunks
2025-09-24 19:49:33,191 - INFO - Successfully processed data\input\B1.3.25.txt
2025-09-24 19:49:33,193 - INFO - Processing file: data\input\B1.3.26.txt
2025-09-24 19:49:33,212 - INFO - Split into 6 chunks
2025-09-24 19:49:33,640 - INFO - Successfully processed data\input\B1.3.26.txt
2025-09-24 19:49:33,640 - INFO - Processing file: data\input\B1.3.27.txt
2025-09-24 19:49:33,650 - INFO - Split into 4 chunks
2025-09-24 19:49:33,937 - INFO - Successfully processed data\input\B1.3.27.txt
2025-09-24 19:49:33,937 - INFO - Processing file: data\input\B1.3.28.txt
2025-09-24 19:49:33,959 - INFO - Split into 4 chunks
2025-09-24 19:49:34,201 - INFO - Successfully processed data\input\B1.3.28.txt
2025-09-24 19:49:34,203 - INFO - Processing file: data\input\B1.3.29.txt
2025-09-24 19:49:34,210 - INFO - Split into 6 chunks
2025-09-24 19:49:34,655 - INFO - Successfully processed data\input\B1.3.29.txt
2025-09-24 19:49:34,655 - INFO - Processing file: data\input\B1.3.3.txt
2025-09-24 19:49:34,669 - INFO - Split into 11 chunks
2025-09-24 19:49:35,512 - INFO - Successfully processed data\input\B1.3.3.txt
2025-09-24 19:49:35,512 - INFO - Processing file: data\input\B1.3.30.txt
2025-09-24 19:49:35,562 - INFO - Split into 30 chunks
2025-09-24 19:49:37,883 - INFO - Successfully processed data\input\B1.3.30.txt
2025-09-24 19:49:37,883 - INFO - Processing file: data\input\B1.3.31.txt
2025-09-24 19:49:37,903 - INFO - Split into 6 chunks
2025-09-24 19:49:38,346 - INFO - Successfully processed data\input\B1.3.31.txt
2025-09-24 19:49:38,346 - INFO - Processing file: data\input\B1.3.32.txt
2025-09-24 19:49:38,372 - INFO - Split into 8 chunks
2025-09-24 19:49:38,986 - INFO - Successfully processed data\input\B1.3.32.txt
2025-09-24 19:49:38,986 - INFO - Processing file: data\input\B1.3.33.txt
2025-09-24 19:49:39,009 - INFO - Split into 8 chunks
2025-09-24 19:49:39,578 - INFO - Successfully processed data\input\B1.3.33.txt
2025-09-24 19:49:39,578 - INFO - Processing file: data\input\B1.3.34.txt
2025-09-24 19:49:39,602 - INFO - Split into 10 chunks
2025-09-24 19:49:40,292 - INFO - Successfully processed data\input\B1.3.34.txt
2025-09-24 19:49:40,292 - INFO - Processing file: data\input\B1.3.35.txt
2025-09-24 19:49:40,313 - INFO - Split into 6 chunks
2025-09-24 19:49:40,829 - INFO - Successfully processed data\input\B1.3.35.txt
2025-09-24 19:49:40,831 - INFO - Processing file: data\input\B1.3.4.txt
2025-09-24 19:49:40,863 - INFO - Split into 18 chunks
2025-09-24 19:49:42,139 - INFO - Successfully processed data\input\B1.3.4.txt
2025-09-24 19:49:42,139 - INFO - Processing file: data\input\B1.3.5.txt
2025-09-24 19:49:42,160 - INFO - Split into 12 chunks
2025-09-24 19:49:42,993 - INFO - Successfully processed data\input\B1.3.5.txt
2025-09-24 19:49:42,997 - INFO - Processing file: data\input\B1.3.6.txt
2025-09-24 19:49:43,021 - INFO - Split into 12 chunks
2025-09-24 19:49:43,842 - INFO - Successfully processed data\input\B1.3.6.txt
2025-09-24 19:49:43,842 - INFO - Processing file: data\input\B1.3.7.txt
2025-09-24 19:49:43,863 - INFO - Split into 8 chunks
2025-09-24 19:49:44,456 - INFO - Successfully processed data\input\B1.3.7.txt
2025-09-24 19:49:44,456 - INFO - Processing file: data\input\B1.3.8.txt
2025-09-24 19:49:44,476 - INFO - Split into 12 chunks
2025-09-24 19:49:45,352 - INFO - Successfully processed data\input\B1.3.8.txt
2025-09-24 19:49:45,352 - INFO - Processing file: data\input\B1.3.9.txt
2025-09-24 19:49:45,378 - INFO - Split into 7 chunks
2025-09-24 19:49:45,886 - INFO - Successfully processed data\input\B1.3.9.txt
2025-09-24 19:49:45,886 - INFO - Processing file: data\input\B1.4.1.txt
2025-09-24 19:49:45,900 - INFO - Split into 9 chunks
2025-09-24 19:49:46,521 - INFO - Successfully processed data\input\B1.4.1.txt
2025-09-24 19:49:46,521 - INFO - Processing file: data\input\B1.4.10.txt
2025-09-24 19:49:46,532 - INFO - Split into 5 chunks
2025-09-24 19:49:46,848 - INFO - Successfully processed data\input\B1.4.10.txt
2025-09-24 19:49:46,848 - INFO - Processing file: data\input\B1.4.11.txt
2025-09-24 19:49:46,877 - INFO - Split into 9 chunks
2025-09-24 19:49:47,530 - INFO - Successfully processed data\input\B1.4.11.txt
2025-09-24 19:49:47,530 - INFO - Processing file: data\input\B1.4.12.txt
2025-09-24 19:49:47,551 - INFO - Split into 4 chunks
2025-09-24 19:49:47,815 - INFO - Successfully processed data\input\B1.4.12.txt
2025-09-24 19:49:47,815 - INFO - Processing file: data\input\B1.4.13.txt
2025-09-24 19:49:47,835 - INFO - Split into 5 chunks
2025-09-24 19:49:48,171 - INFO - Successfully processed data\input\B1.4.13.txt
2025-09-24 19:49:48,171 - INFO - Processing file: data\input\B1.4.14.txt
2025-09-24 19:49:48,192 - INFO - Split into 5 chunks
2025-09-24 19:49:48,519 - INFO - Successfully processed data\input\B1.4.14.txt
2025-09-24 19:49:48,519 - INFO - Processing file: data\input\B1.4.15.txt
2025-09-24 19:49:48,529 - INFO - Split into 5 chunks
2025-09-24 19:49:48,862 - INFO - Successfully processed data\input\B1.4.15.txt
2025-09-24 19:49:48,862 - INFO - Processing file: data\input\B1.4.16.txt
2025-09-24 19:49:48,883 - INFO - Split into 4 chunks
2025-09-24 19:49:49,156 - INFO - Successfully processed data\input\B1.4.16.txt
2025-09-24 19:49:49,157 - INFO - Processing file: data\input\B1.4.17.txt
2025-09-24 19:49:49,177 - INFO - Split into 6 chunks
2025-09-24 19:49:49,573 - INFO - Successfully processed data\input\B1.4.17.txt
2025-09-24 19:49:49,573 - INFO - Processing file: data\input\B1.4.18.txt
2025-09-24 19:49:49,584 - INFO - Split into 6 chunks
2025-09-24 19:49:50,053 - INFO - Successfully processed data\input\B1.4.18.txt
2025-09-24 19:49:50,055 - INFO - Processing file: data\input\B1.4.19.txt
2025-09-24 19:49:50,079 - INFO - Split into 8 chunks
2025-09-24 19:49:50,631 - INFO - Successfully processed data\input\B1.4.19.txt
2025-09-24 19:49:50,633 - INFO - Processing file: data\input\B1.4.2.txt
2025-09-24 19:49:50,651 - INFO - Split into 6 chunks
2025-09-24 19:49:51,042 - INFO - Successfully processed data\input\B1.4.2.txt
2025-09-24 19:49:51,042 - INFO - Processing file: data\input\B1.4.20.txt
2025-09-24 19:49:51,071 - INFO - Split into 8 chunks
2025-09-24 19:49:51,729 - INFO - Successfully processed data\input\B1.4.20.txt
2025-09-24 19:49:51,729 - INFO - Processing file: data\input\B1.4.21.txt
2025-09-24 19:49:51,751 - INFO - Split into 7 chunks
2025-09-24 19:49:52,246 - INFO - Successfully processed data\input\B1.4.21.txt
2025-09-24 19:49:52,246 - INFO - Processing file: data\input\B1.4.22.txt
2025-09-24 19:49:52,275 - INFO - Split into 14 chunks
2025-09-24 19:49:53,307 - INFO - Successfully processed data\input\B1.4.22.txt
2025-09-24 19:49:53,307 - INFO - Processing file: data\input\B1.4.23.txt
2025-09-24 19:49:53,323 - INFO - Split into 2 chunks
2025-09-24 19:49:53,451 - INFO - Successfully processed data\input\B1.4.23.txt
2025-09-24 19:49:53,451 - INFO - Processing file: data\input\B1.4.24.txt
2025-09-24 19:49:53,473 - INFO - Split into 5 chunks
2025-09-24 19:49:53,834 - INFO - Successfully processed data\input\B1.4.24.txt
2025-09-24 19:49:53,834 - INFO - Processing file: data\input\B1.4.25.txt
2025-09-24 19:49:53,844 - INFO - Split into 1 chunks
2025-09-24 19:49:53,885 - INFO - Successfully processed data\input\B1.4.25.txt
2025-09-24 19:49:53,885 - INFO - Processing file: data\input\B1.4.26.1.txt
2025-09-24 19:49:53,885 - INFO - Split into 1 chunks
2025-09-24 19:49:53,946 - INFO - Successfully processed data\input\B1.4.26.1.txt
2025-09-24 19:49:53,946 - INFO - Processing file: data\input\B1.4.26.2.txt
2025-09-24 19:49:53,956 - INFO - Split into 1 chunks
2025-09-24 19:49:53,987 - INFO - Successfully processed data\input\B1.4.26.2.txt
2025-09-24 19:49:53,987 - INFO - Processing file: data\input\B1.4.26.3.txt
2025-09-24 19:49:54,007 - INFO - Split into 1 chunks
2025-09-24 19:49:54,058 - INFO - Successfully processed data\input\B1.4.26.3.txt
2025-09-24 19:49:54,058 - INFO - Processing file: data\input\B1.4.27.txt
2025-09-24 19:49:54,068 - INFO - Split into 3 chunks
2025-09-24 19:49:54,314 - INFO - Successfully processed data\input\B1.4.27.txt
2025-09-24 19:49:54,314 - INFO - Processing file: data\input\B1.4.28.txt
2025-09-24 19:49:54,330 - INFO - Split into 3 chunks
2025-09-24 19:49:54,539 - INFO - Successfully processed data\input\B1.4.28.txt
2025-09-24 19:49:54,539 - INFO - Processing file: data\input\B1.4.29.txt
2025-09-24 19:49:54,561 - INFO - Split into 1 chunks
2025-09-24 19:49:54,592 - INFO - Successfully processed data\input\B1.4.29.txt
2025-09-24 19:49:54,592 - INFO - Processing file: data\input\B1.4.3.txt
2025-09-24 19:49:54,612 - INFO - Split into 4 chunks
2025-09-24 19:49:54,874 - INFO - Successfully processed data\input\B1.4.3.txt
2025-09-24 19:49:54,874 - INFO - Processing file: data\input\B1.4.30.txt
2025-09-24 19:49:54,893 - INFO - Split into 3 chunks
2025-09-24 19:49:55,070 - INFO - Successfully processed data\input\B1.4.30.txt
2025-09-24 19:49:55,070 - INFO - Processing file: data\input\B1.4.31.txt
2025-09-24 19:49:55,084 - INFO - Split into 3 chunks
2025-09-24 19:49:55,291 - INFO - Successfully processed data\input\B1.4.31.txt
2025-09-24 19:49:55,291 - INFO - Processing file: data\input\B1.4.4.txt
2025-09-24 19:49:55,312 - INFO - Split into 6 chunks
2025-09-24 19:49:55,735 - INFO - Successfully processed data\input\B1.4.4.txt
2025-09-24 19:49:55,735 - INFO - Processing file: data\input\B1.4.5.txt
2025-09-24 19:49:55,742 - INFO - Split into 6 chunks
2025-09-24 19:49:56,189 - INFO - Successfully processed data\input\B1.4.5.txt
2025-09-24 19:49:56,189 - INFO - Processing file: data\input\B1.4.6.txt
2025-09-24 19:49:56,210 - INFO - Split into 8 chunks
2025-09-24 19:49:56,861 - INFO - Successfully processed data\input\B1.4.6.txt
2025-09-24 19:49:56,863 - INFO - Processing file: data\input\B1.4.7.txt
2025-09-24 19:49:56,885 - INFO - Split into 5 chunks
2025-09-24 19:49:57,334 - INFO - Successfully processed data\input\B1.4.7.txt
2025-09-24 19:49:57,339 - INFO - Processing file: data\input\B1.4.8.txt
2025-09-24 19:49:57,356 - INFO - Split into 5 chunks
2025-09-24 19:49:57,696 - INFO - Successfully processed data\input\B1.4.8.txt
2025-09-24 19:49:57,700 - INFO - Processing file: data\input\B1.4.9.txt
2025-09-24 19:49:57,707 - INFO - Split into 4 chunks
2025-09-24 19:49:58,017 - INFO - Successfully processed data\input\B1.4.9.txt
2025-09-24 19:49:58,017 - INFO - Processing file: data\input\B1.5.1.txt
2025-09-24 19:49:58,046 - INFO - Split into 12 chunks
2025-09-24 19:49:58,954 - INFO - Successfully processed data\input\B1.5.1.txt
2025-09-24 19:49:58,954 - INFO - Processing file: data\input\B1.5.11.txt
2025-09-24 19:49:58,991 - INFO - Split into 7 chunks
2025-09-24 19:49:59,540 - INFO - Successfully processed data\input\B1.5.11.txt
2025-09-24 19:49:59,540 - INFO - Processing file: data\input\B1.5.12.txt
2025-09-24 19:49:59,575 - INFO - Split into 7 chunks
2025-09-24 19:50:00,116 - INFO - Successfully processed data\input\B1.5.12.txt
2025-09-24 19:50:00,116 - INFO - Processing file: data\input\B1.5.13.txt
2025-09-24 19:50:00,137 - INFO - Split into 11 chunks
2025-09-24 19:50:01,687 - INFO - Successfully processed data\input\B1.5.13.txt
2025-09-24 19:50:01,884 - INFO - Processing file: data\input\B1.5.14.txt
2025-09-24 19:50:01,904 - INFO - Split into 8 chunks
2025-09-24 19:50:03,480 - INFO - Successfully processed data\input\B1.5.14.txt
2025-09-24 19:50:03,483 - INFO - Processing file: data\input\B1.5.15.txt
2025-09-24 19:50:03,496 - INFO - Split into 10 chunks
2025-09-24 19:50:05,560 - INFO - Successfully processed data\input\B1.5.15.txt
2025-09-24 19:50:05,562 - INFO - Processing file: data\input\B1.5.2.txt
2025-09-24 19:50:05,599 - INFO - Split into 10 chunks
2025-09-24 19:50:06,570 - INFO - Successfully processed data\input\B1.5.2.txt
2025-09-24 19:50:06,570 - INFO - Processing file: data\input\B1.5.4.txt
2025-09-24 19:50:06,593 - INFO - Split into 4 chunks
2025-09-24 19:50:06,976 - INFO - Successfully processed data\input\B1.5.4.txt
2025-09-24 19:50:06,978 - INFO - Processing file: data\input\B1.5.5.txt
2025-09-24 19:50:07,007 - INFO - Split into 4 chunks
2025-09-24 19:50:07,513 - INFO - Successfully processed data\input\B1.5.5.txt
2025-09-24 19:50:07,513 - INFO - Processing file: data\input\B1.5.6.txt
2025-09-24 19:50:07,559 - INFO - Split into 6 chunks
2025-09-24 19:50:08,282 - INFO - Successfully processed data\input\B1.5.6.txt
2025-09-24 19:50:08,282 - INFO - Processing file: data\input\B1.5.7.txt
2025-09-24 19:50:08,310 - INFO - Split into 6 chunks
2025-09-24 19:50:08,967 - INFO - Successfully processed data\input\B1.5.7.txt
2025-09-24 19:50:08,974 - INFO - Processing file: data\input\B1.5.8.txt
2025-09-24 19:50:09,003 - INFO - Split into 12 chunks
2025-09-24 19:50:09,853 - INFO - Successfully processed data\input\B1.5.8.txt
2025-09-24 19:50:09,853 - INFO - Processing file: data\input\B1.5.9.txt
2025-09-24 19:50:09,875 - INFO - Split into 3 chunks
2025-09-24 19:50:10,060 - INFO - Successfully processed data\input\B1.5.9.txt
2025-09-24 19:50:10,060 - INFO - Processing file: data\input\B1.6.1.txt
2025-09-24 19:50:10,091 - INFO - Split into 17 chunks
2025-09-24 19:50:11,346 - INFO - Successfully processed data\input\B1.6.1.txt
2025-09-24 19:50:11,346 - INFO - Processing file: data\input\B1.6.2.1.txt
2025-09-24 19:50:11,380 - INFO - Split into 11 chunks
2025-09-24 19:50:12,180 - INFO - Successfully processed data\input\B1.6.2.1.txt
2025-09-24 19:50:12,180 - INFO - Processing file: data\input\B1.6.2.2.txt
2025-09-24 19:50:12,215 - INFO - Split into 10 chunks
2025-09-24 19:50:12,938 - INFO - Successfully processed data\input\B1.6.2.2.txt
2025-09-24 19:50:12,938 - INFO - Processing file: data\input\B1.6.3.txt
2025-09-24 19:50:12,948 - INFO - Split into 2 chunks
2025-09-24 19:50:13,132 - INFO - Successfully processed data\input\B1.6.3.txt
2025-09-24 19:50:13,132 - INFO - Processing file: data\input\B1.6.4.txt
2025-09-24 19:50:13,155 - INFO - Split into 6 chunks
2025-09-24 19:50:13,605 - INFO - Successfully processed data\input\B1.6.4.txt
2025-09-24 19:50:13,605 - INFO - Processing file: data\input\B1.6.5.txt
2025-09-24 19:50:13,632 - INFO - Split into 5 chunks
2025-09-24 19:50:13,999 - INFO - Successfully processed data\input\B1.6.5.txt
2025-09-24 19:50:13,999 - INFO - Processing file: data\input\B1.8.1.1.txt
2025-09-24 19:50:14,027 - INFO - Split into 2 chunks
2025-09-24 19:50:14,130 - INFO - Successfully processed data\input\B1.8.1.1.txt
2025-09-24 19:50:14,130 - INFO - Processing file: data\input\B1.8.1.txt
2025-09-24 19:50:14,163 - INFO - Split into 12 chunks
2025-09-24 19:50:15,100 - INFO - Successfully processed data\input\B1.8.1.txt
2025-09-24 19:50:15,102 - INFO - Processing file: data\input\B1.8.2.txt
2025-09-24 19:50:15,133 - INFO - Split into 15 chunks
2025-09-24 19:50:16,272 - INFO - Successfully processed data\input\B1.8.2.txt
2025-09-24 19:50:16,272 - INFO - Processing file: data\input\B1.8.3.txt
2025-09-24 19:50:16,303 - INFO - Split into 16 chunks
2025-09-24 19:50:17,474 - INFO - Successfully processed data\input\B1.8.3.txt
2025-09-24 19:50:17,476 - INFO - Processing file: data\input\B1.8.4.3.txt
2025-09-24 19:50:17,491 - INFO - Split into 8 chunks
2025-09-24 19:50:18,099 - INFO - Successfully processed data\input\B1.8.4.3.txt
2025-09-24 19:50:18,099 - INFO - Processing file: data\input\B1.8.4.4.txt
2025-09-24 19:50:18,132 - INFO - Split into 23 chunks
2025-09-24 19:50:19,856 - INFO - Successfully processed data\input\B1.8.4.4.txt
2025-09-24 19:50:19,856 - INFO - Processing file: data\input\B1.8.5.txt
2025-09-24 19:50:19,869 - INFO - Split into 6 chunks
2025-09-24 19:50:20,225 - INFO - Successfully processed data\input\B1.8.5.txt
2025-09-24 19:50:20,228 - INFO - Processing file: data\input\B1.8.6.txt
2025-09-24 19:50:20,250 - INFO - Split into 7 chunks
2025-09-24 19:50:20,746 - INFO - Successfully processed data\input\B1.8.6.txt
2025-09-24 19:50:20,746 - INFO - Processing file: data\input\B1.9.1.txt
2025-09-24 19:50:20,880 - INFO - Split into 139 chunks
2025-09-24 19:50:31,101 - INFO - Successfully processed data\input\B1.9.1.txt
2025-09-24 19:50:31,101 - INFO - Processing file: data\input\B1.9.2.txt
2025-09-24 19:50:31,145 - INFO - Split into 21 chunks
2025-09-24 19:50:32,815 - INFO - Successfully processed data\input\B1.9.2.txt
2025-09-24 19:50:32,817 - INFO - Processing file: data\input\B1.9.3.txt
2025-09-24 19:50:32,851 - INFO - Split into 12 chunks
2025-09-24 19:50:33,671 - INFO - Successfully processed data\input\B1.9.3.txt
2025-09-24 19:50:33,671 - INFO - Processing file: data\input\B1.9.4.txt
2025-09-24 19:50:33,700 - INFO - Split into 19 chunks
2025-09-24 19:50:35,089 - INFO - Successfully processed data\input\B1.9.4.txt
2025-09-24 19:50:35,089 - INFO - Processing file: data\input\B1.9.6.txt
2025-09-24 19:50:35,108 - INFO - Split into 4 chunks
2025-09-24 19:50:35,366 - INFO - Successfully processed data\input\B1.9.6.txt
2025-09-24 19:50:35,366 - INFO - Processing file: data\input\B1.9.7.txt
2025-09-24 19:50:35,370 - INFO - Split into 1 chunks
2025-09-24 19:50:35,421 - INFO - Successfully processed data\input\B1.9.7.txt
2025-09-24 19:50:35,421 - INFO - Processing file: data\input\B12.3.1.txt
2025-09-24 19:50:35,436 - INFO - Split into 1 chunks
2025-09-24 19:50:35,483 - INFO - Successfully processed data\input\B12.3.1.txt
2025-09-24 19:50:35,485 - INFO - Processing file: data\input\B12.3.2.txt
2025-09-24 19:50:35,493 - INFO - Split into 1 chunks
2025-09-24 19:50:35,546 - INFO - Successfully processed data\input\B12.3.2.txt
2025-09-24 19:50:35,550 - INFO - Processing file: data\input\B12.4.1.1.txt
2025-09-24 19:50:35,564 - INFO - Split into 1 chunks
2025-09-24 19:50:35,595 - INFO - Successfully processed data\input\B12.4.1.1.txt
2025-09-24 19:50:35,595 - INFO - Processing file: data\input\B12.4.1.4.txt
2025-09-24 19:50:35,607 - INFO - Split into 1 chunks
2025-09-24 19:50:35,641 - INFO - Successfully processed data\input\B12.4.1.4.txt
2025-09-24 19:50:35,641 - INFO - Processing file: data\input\B13.6.1.txt
2025-09-24 19:50:35,658 - INFO - Split into 2 chunks
2025-09-24 19:50:35,787 - INFO - Successfully processed data\input\B13.6.1.txt
2025-09-24 19:50:35,787 - INFO - Processing file: data\input\B15.1.38.txt
2025-09-24 19:50:35,802 - INFO - Split into 2 chunks
2025-09-24 19:50:35,949 - INFO - Successfully processed data\input\B15.1.38.txt
2025-09-24 19:50:35,949 - INFO - Processing file: data\input\B3.4.4.txt
2025-09-24 19:50:35,970 - INFO - Split into 2 chunks
2025-09-24 19:50:36,072 - INFO - Successfully processed data\input\B3.4.4.txt
2025-09-24 19:50:36,072 - INFO - Processing file: data\input\B3.4.51.txt
2025-09-24 19:50:36,072 - INFO - Split into 1 chunks
2025-09-24 19:50:36,132 - INFO - Successfully processed data\input\B3.4.51.txt
2025-09-24 19:50:36,132 - INFO - Processing file: data\input\B3.4.52.txt
2025-09-24 19:50:36,145 - INFO - Split into 1 chunks
2025-09-24 19:50:36,198 - INFO - Successfully processed data\input\B3.4.52.txt
2025-09-24 19:50:36,198 - INFO - Processing file: data\input\C3.txt
2025-09-24 19:50:36,225 - INFO - Split into 15 chunks
2025-09-24 19:50:37,209 - INFO - Successfully processed data\input\C3.txt
2025-09-24 20:21:03,789 - INFO - Using device: cuda
2025-09-24 20:21:03,789 - INFO - Loading NLP models...
2025-09-24 20:21:15,459 - INFO - Processing file: data\input\A1.1.txt
2025-09-24 20:21:15,625 - INFO - Split into 63 chunks
2025-09-24 20:21:20,824 - INFO - Successfully processed data\input\A1.1.txt
2025-09-24 20:21:20,824 - INFO - Processing file: data\input\A1.2.txt
2025-09-24 20:21:20,855 - INFO - Split into 13 chunks
2025-09-24 20:21:21,837 - INFO - Successfully processed data\input\A1.2.txt
2025-09-24 20:21:21,837 - INFO - Processing file: data\input\A1.3.txt
2025-09-24 20:21:21,879 - INFO - Split into 17 chunks
2025-09-24 20:21:23,058 - INFO - Successfully processed data\input\A1.3.txt
2025-09-24 20:21:23,062 - INFO - Processing file: data\input\A1.4.txt
2025-09-24 20:21:23,104 - INFO - Split into 17 chunks
2025-09-24 20:21:24,304 - INFO - Successfully processed data\input\A1.4.txt
2025-09-24 20:21:24,306 - INFO - Processing file: data\input\A10.1.txt
2025-09-24 20:21:24,326 - INFO - Split into 2 chunks
2025-09-24 20:21:24,431 - INFO - Successfully processed data\input\A10.1.txt
2025-09-24 20:21:24,431 - INFO - Processing file: data\input\A10.2.txt
2025-09-24 20:21:24,431 - INFO - Split into 1 chunks
2025-09-24 20:21:24,472 - INFO - Successfully processed data\input\A10.2.txt
2025-09-24 20:21:24,472 - INFO - Processing file: data\input\A10.3.txt
2025-09-24 20:21:24,493 - INFO - Split into 1 chunks
2025-09-24 20:21:24,534 - INFO - Successfully processed data\input\A10.3.txt
2025-09-24 20:21:24,534 - INFO - Processing file: data\input\A10.4.txt
2025-09-24 20:21:24,546 - INFO - Split into 1 chunks
2025-09-24 20:21:24,616 - INFO - Successfully processed data\input\A10.4.txt
2025-09-24 20:21:24,618 - INFO - Processing file: data\input\A10.5.txt
2025-09-24 20:21:24,636 - INFO - Split into 1 chunks
2025-09-24 20:21:24,695 - INFO - Successfully processed data\input\A10.5.txt
2025-09-24 20:21:24,695 - INFO - Processing file: data\input\A10.6.txt
2025-09-24 20:21:24,697 - INFO - Split into 1 chunks
2025-09-24 20:21:24,740 - INFO - Successfully processed data\input\A10.6.txt
2025-09-24 20:21:24,745 - INFO - Processing file: data\input\A11.txt
2025-09-24 20:21:24,750 - INFO - Split into 1 chunks
2025-09-24 20:21:24,792 - INFO - Successfully processed data\input\A11.txt
2025-09-24 20:21:24,792 - INFO - Processing file: data\input\A12.txt
2025-09-24 20:21:24,816 - INFO - Split into 3 chunks
2025-09-24 20:21:25,013 - INFO - Successfully processed data\input\A12.txt
2025-09-24 20:21:25,013 - INFO - Processing file: data\input\A13.txt
2025-09-24 20:21:25,045 - INFO - Split into 12 chunks
2025-09-24 20:21:25,873 - INFO - Successfully processed data\input\A13.txt
2025-09-24 20:21:25,875 - INFO - Processing file: data\input\A14.txt
2025-09-24 20:21:25,894 - INFO - Split into 5 chunks
2025-09-24 20:21:26,221 - INFO - Successfully processed data\input\A14.txt
2025-09-24 20:21:26,221 - INFO - Processing file: data\input\A15.txt
2025-09-24 20:21:26,247 - INFO - Split into 2 chunks
2025-09-24 20:21:26,389 - INFO - Successfully processed data\input\A15.txt
2025-09-24 20:21:26,393 - INFO - Processing file: data\input\A16.txt
2025-09-24 20:21:26,412 - INFO - Split into 1 chunks
2025-09-24 20:21:26,441 - INFO - Successfully processed data\input\A16.txt
2025-09-24 20:21:26,450 - INFO - Processing file: data\input\A17.txt
2025-09-24 20:21:26,475 - INFO - Split into 6 chunks
2025-09-24 20:21:26,871 - INFO - Successfully processed data\input\A17.txt
2025-09-24 20:21:26,871 - INFO - Processing file: data\input\A18.txt
2025-09-24 20:21:26,890 - INFO - Split into 2 chunks
2025-09-24 20:21:27,007 - INFO - Successfully processed data\input\A18.txt
2025-09-24 20:21:27,007 - INFO - Processing file: data\input\A19.txt
2025-09-24 20:21:27,012 - INFO - Split into 1 chunks
2025-09-24 20:21:27,051 - INFO - Successfully processed data\input\A19.txt
2025-09-24 20:21:27,053 - INFO - Processing file: data\input\A2.1.txt
2025-09-24 20:21:27,106 - INFO - Split into 39 chunks
2025-09-24 20:21:29,994 - INFO - Successfully processed data\input\A2.1.txt
2025-09-24 20:21:29,994 - INFO - Processing file: data\input\A2.2.txt
2025-09-24 20:21:30,012 - INFO - Split into 3 chunks
2025-09-24 20:21:30,228 - INFO - Successfully processed data\input\A2.2.txt
2025-09-24 20:21:30,235 - INFO - Processing file: data\input\A2.3.txt
2025-09-24 20:21:30,259 - INFO - Split into 4 chunks
2025-09-24 20:21:30,555 - INFO - Successfully processed data\input\A2.3.txt
2025-09-24 20:21:30,555 - INFO - Processing file: data\input\A2.4.txt
2025-09-24 20:21:30,565 - INFO - Split into 1 chunks
2025-09-24 20:21:30,637 - INFO - Successfully processed data\input\A2.4.txt
2025-09-24 20:21:30,637 - INFO - Processing file: data\input\A2.5.txt
2025-09-24 20:21:30,664 - INFO - Split into 5 chunks
2025-09-24 20:21:30,992 - INFO - Successfully processed data\input\A2.5.txt
2025-09-24 20:21:30,992 - INFO - Processing file: data\input\A2.6.txt
2025-09-24 20:21:31,044 - INFO - Split into 26 chunks
2025-09-24 20:21:32,974 - INFO - Successfully processed data\input\A2.6.txt
2025-09-24 20:21:32,974 - INFO - Processing file: data\input\A20.txt
2025-09-24 20:21:32,988 - INFO - Split into 3 chunks
2025-09-24 20:21:33,178 - INFO - Successfully processed data\input\A20.txt
2025-09-24 20:21:33,178 - INFO - Processing file: data\input\A21.txt
2025-09-24 20:21:33,187 - INFO - Split into 2 chunks
2025-09-24 20:21:33,292 - INFO - Successfully processed data\input\A21.txt
2025-09-24 20:21:33,292 - INFO - Processing file: data\input\A22.txt
2025-09-24 20:21:33,311 - INFO - Split into 1 chunks
2025-09-24 20:21:33,366 - INFO - Successfully processed data\input\A22.txt
2025-09-24 20:21:33,368 - INFO - Processing file: data\input\A23.txt
2025-09-24 20:21:33,371 - INFO - Split into 1 chunks
2025-09-24 20:21:33,452 - INFO - Successfully processed data\input\A23.txt
2025-09-24 20:21:33,452 - INFO - Processing file: data\input\A24.txt
2025-09-24 20:21:33,476 - INFO - Split into 4 chunks
2025-09-24 20:21:33,732 - INFO - Successfully processed data\input\A24.txt
2025-09-24 20:21:33,732 - INFO - Processing file: data\input\A25.txt
2025-09-24 20:21:33,747 - INFO - Split into 1 chunks
2025-09-24 20:21:33,798 - INFO - Successfully processed data\input\A25.txt
2025-09-24 20:21:33,798 - INFO - Processing file: data\input\A26.txt
2025-09-24 20:21:33,821 - INFO - Split into 3 chunks
2025-09-24 20:21:34,018 - INFO - Successfully processed data\input\A26.txt
2025-09-24 20:21:34,020 - INFO - Processing file: data\input\A27.txt
2025-09-24 20:21:34,022 - INFO - Split into 1 chunks
2025-09-24 20:21:34,063 - INFO - Successfully processed data\input\A27.txt
2025-09-24 20:21:34,063 - INFO - Processing file: data\input\A28.txt
2025-09-24 20:21:34,073 - INFO - Split into 2 chunks
2025-09-24 20:21:34,183 - INFO - Successfully processed data\input\A28.txt
2025-09-24 20:21:34,183 - INFO - Processing file: data\input\A29.txt
2025-09-24 20:21:34,197 - INFO - Split into 1 chunks
2025-09-24 20:21:34,230 - INFO - Successfully processed data\input\A29.txt
2025-09-24 20:21:34,230 - INFO - Processing file: data\input\A3.1.txt
2025-09-24 20:21:34,277 - INFO - Split into 34 chunks
2025-09-24 20:21:36,714 - INFO - Successfully processed data\input\A3.1.txt
2025-09-24 20:21:36,725 - INFO - Processing file: data\input\A3.10.txt
2025-09-24 20:21:36,739 - INFO - Split into 2 chunks
2025-09-24 20:21:36,857 - INFO - Successfully processed data\input\A3.10.txt
2025-09-24 20:21:36,857 - INFO - Processing file: data\input\A3.11.txt
2025-09-24 20:21:36,868 - INFO - Split into 4 chunks
2025-09-24 20:21:37,128 - INFO - Successfully processed data\input\A3.11.txt
2025-09-24 20:21:37,130 - INFO - Processing file: data\input\A3.12.txt
2025-09-24 20:21:37,142 - INFO - Split into 2 chunks
2025-09-24 20:21:37,306 - INFO - Successfully processed data\input\A3.12.txt
2025-09-24 20:21:37,306 - INFO - Processing file: data\input\A3.13.txt
2025-09-24 20:21:37,331 - INFO - Split into 6 chunks
2025-09-24 20:21:37,786 - INFO - Successfully processed data\input\A3.13.txt
2025-09-24 20:21:37,786 - INFO - Processing file: data\input\A3.14.txt
2025-09-24 20:21:37,799 - INFO - Split into 2 chunks
2025-09-24 20:21:37,987 - INFO - Successfully processed data\input\A3.14.txt
2025-09-24 20:21:37,987 - INFO - Processing file: data\input\A3.15.txt
2025-09-24 20:21:38,002 - INFO - Split into 3 chunks
2025-09-24 20:21:38,174 - INFO - Successfully processed data\input\A3.15.txt
2025-09-24 20:21:38,174 - INFO - Processing file: data\input\A3.16.txt
2025-09-24 20:21:38,194 - INFO - Split into 2 chunks
2025-09-24 20:21:38,309 - INFO - Successfully processed data\input\A3.16.txt
2025-09-24 20:21:38,309 - INFO - Processing file: data\input\A3.17.txt
2025-09-24 20:21:38,309 - INFO - Split into 2 chunks
2025-09-24 20:21:38,470 - INFO - Successfully processed data\input\A3.17.txt
2025-09-24 20:21:38,470 - INFO - Processing file: data\input\A3.18.txt
2025-09-24 20:21:38,482 - INFO - Split into 1 chunks
2025-09-24 20:21:38,513 - INFO - Successfully processed data\input\A3.18.txt
2025-09-24 20:21:38,522 - INFO - Processing file: data\input\A3.19.txt
2025-09-24 20:21:38,535 - INFO - Split into 3 chunks
2025-09-24 20:21:38,722 - INFO - Successfully processed data\input\A3.19.txt
2025-09-24 20:21:38,724 - INFO - Processing file: data\input\A3.2.txt
2025-09-24 20:21:38,755 - INFO - Split into 28 chunks
2025-09-24 20:21:40,781 - INFO - Successfully processed data\input\A3.2.txt
2025-09-24 20:21:40,781 - INFO - Processing file: data\input\A3.20.txt
2025-09-24 20:21:40,797 - INFO - Split into 2 chunks
2025-09-24 20:21:40,899 - INFO - Successfully processed data\input\A3.20.txt
2025-09-24 20:21:40,899 - INFO - Processing file: data\input\A3.21.txt
2025-09-24 20:21:40,899 - INFO - Split into 1 chunks
2025-09-24 20:21:40,948 - INFO - Successfully processed data\input\A3.21.txt
2025-09-24 20:21:40,948 - INFO - Processing file: data\input\A3.22.1.txt
2025-09-24 20:21:40,948 - INFO - Split into 1 chunks
2025-09-24 20:21:40,989 - INFO - Successfully processed data\input\A3.22.1.txt
2025-09-24 20:21:40,989 - INFO - Processing file: data\input\A3.22.10.txt
2025-09-24 20:21:41,003 - INFO - Split into 1 chunks
2025-09-24 20:21:41,034 - INFO - Successfully processed data\input\A3.22.10.txt
2025-09-24 20:21:41,040 - INFO - Processing file: data\input\A3.22.11.txt
2025-09-24 20:21:41,053 - INFO - Split into 1 chunks
2025-09-24 20:21:41,087 - INFO - Successfully processed data\input\A3.22.11.txt
2025-09-24 20:21:41,087 - INFO - Processing file: data\input\A3.22.12.txt
2025-09-24 20:21:41,103 - INFO - Split into 1 chunks
2025-09-24 20:21:41,132 - INFO - Successfully processed data\input\A3.22.12.txt
2025-09-24 20:21:41,132 - INFO - Processing file: data\input\A3.22.13.txt
2025-09-24 20:21:41,144 - INFO - Split into 1 chunks
2025-09-24 20:21:41,185 - INFO - Successfully processed data\input\A3.22.13.txt
2025-09-24 20:21:41,185 - INFO - Processing file: data\input\A3.22.14.txt
2025-09-24 20:21:41,193 - INFO - Split into 1 chunks
2025-09-24 20:21:41,244 - INFO - Successfully processed data\input\A3.22.14.txt
2025-09-24 20:21:41,246 - INFO - Processing file: data\input\A3.22.15.txt
2025-09-24 20:21:41,255 - INFO - Split into 1 chunks
2025-09-24 20:21:41,309 - INFO - Successfully processed data\input\A3.22.15.txt
2025-09-24 20:21:41,309 - INFO - Processing file: data\input\A3.22.16.txt
2025-09-24 20:21:41,313 - INFO - Split into 1 chunks
2025-09-24 20:21:41,350 - INFO - Successfully processed data\input\A3.22.16.txt
2025-09-24 20:21:41,350 - INFO - Processing file: data\input\A3.22.17.txt
2025-09-24 20:21:41,364 - INFO - Split into 1 chunks
2025-09-24 20:21:41,399 - INFO - Successfully processed data\input\A3.22.17.txt
2025-09-24 20:21:41,401 - INFO - Processing file: data\input\A3.22.18.txt
2025-09-24 20:21:41,415 - INFO - Split into 1 chunks
2025-09-24 20:21:41,447 - INFO - Successfully processed data\input\A3.22.18.txt
2025-09-24 20:21:41,455 - INFO - Processing file: data\input\A3.22.19.txt
2025-09-24 20:21:41,468 - INFO - Split into 1 chunks
2025-09-24 20:21:41,508 - INFO - Successfully processed data\input\A3.22.19.txt
2025-09-24 20:21:41,508 - INFO - Processing file: data\input\A3.22.2.txt
2025-09-24 20:21:41,524 - INFO - Split into 1 chunks
2025-09-24 20:21:41,565 - INFO - Successfully processed data\input\A3.22.2.txt
2025-09-24 20:21:41,567 - INFO - Processing file: data\input\A3.22.20.txt
2025-09-24 20:21:41,583 - INFO - Split into 1 chunks
2025-09-24 20:21:41,648 - INFO - Successfully processed data\input\A3.22.20.txt
2025-09-24 20:21:41,650 - INFO - Processing file: data\input\A3.22.21.txt
2025-09-24 20:21:41,658 - INFO - Split into 1 chunks
2025-09-24 20:21:41,703 - INFO - Successfully processed data\input\A3.22.21.txt
2025-09-24 20:21:41,703 - INFO - Processing file: data\input\A3.22.22.txt
2025-09-24 20:21:41,719 - INFO - Split into 1 chunks
2025-09-24 20:21:41,759 - INFO - Successfully processed data\input\A3.22.22.txt
2025-09-24 20:21:41,770 - INFO - Processing file: data\input\A3.22.23.txt
2025-09-24 20:21:41,780 - INFO - Split into 1 chunks
2025-09-24 20:21:41,825 - INFO - Successfully processed data\input\A3.22.23.txt
2025-09-24 20:21:41,825 - INFO - Processing file: data\input\A3.22.24.txt
2025-09-24 20:21:41,831 - INFO - Split into 1 chunks
2025-09-24 20:21:41,873 - INFO - Successfully processed data\input\A3.22.24.txt
2025-09-24 20:21:41,873 - INFO - Processing file: data\input\A3.22.25.txt
2025-09-24 20:21:41,877 - INFO - Split into 1 chunks
2025-09-24 20:21:41,913 - INFO - Successfully processed data\input\A3.22.25.txt
2025-09-24 20:21:41,913 - INFO - Processing file: data\input\A3.22.26.txt
2025-09-24 20:21:41,929 - INFO - Split into 1 chunks
2025-09-24 20:21:41,974 - INFO - Successfully processed data\input\A3.22.26.txt
2025-09-24 20:21:41,974 - INFO - Processing file: data\input\A3.22.27.txt
2025-09-24 20:21:41,984 - INFO - Split into 1 chunks
2025-09-24 20:21:42,035 - INFO - Successfully processed data\input\A3.22.27.txt
2025-09-24 20:21:42,035 - INFO - Processing file: data\input\A3.22.28.txt
2025-09-24 20:21:42,046 - INFO - Split into 1 chunks
2025-09-24 20:21:42,076 - INFO - Successfully processed data\input\A3.22.28.txt
2025-09-24 20:21:42,076 - INFO - Processing file: data\input\A3.22.29.txt
2025-09-24 20:21:42,107 - INFO - Split into 1 chunks
2025-09-24 20:21:42,137 - INFO - Successfully processed data\input\A3.22.29.txt
2025-09-24 20:21:42,137 - INFO - Processing file: data\input\A3.22.3.txt
2025-09-24 20:21:42,158 - INFO - Split into 2 chunks
2025-09-24 20:21:42,270 - INFO - Successfully processed data\input\A3.22.3.txt
2025-09-24 20:21:42,270 - INFO - Processing file: data\input\A3.22.30.txt
2025-09-24 20:21:42,280 - INFO - Split into 1 chunks
2025-09-24 20:21:42,326 - INFO - Successfully processed data\input\A3.22.30.txt
2025-09-24 20:21:42,329 - INFO - Processing file: data\input\A3.22.31.txt
2025-09-24 20:21:42,346 - INFO - Split into 1 chunks
2025-09-24 20:21:42,394 - INFO - Successfully processed data\input\A3.22.31.txt
2025-09-24 20:21:42,394 - INFO - Processing file: data\input\A3.22.32.txt
2025-09-24 20:21:42,404 - INFO - Split into 1 chunks
2025-09-24 20:21:42,455 - INFO - Successfully processed data\input\A3.22.32.txt
2025-09-24 20:21:42,455 - INFO - Processing file: data\input\A3.22.33.txt
2025-09-24 20:21:42,479 - INFO - Split into 1 chunks
2025-09-24 20:21:42,506 - INFO - Successfully processed data\input\A3.22.33.txt
2025-09-24 20:21:42,506 - INFO - Processing file: data\input\A3.22.34.txt
2025-09-24 20:21:42,516 - INFO - Split into 1 chunks
2025-09-24 20:21:42,559 - INFO - Successfully processed data\input\A3.22.34.txt
2025-09-24 20:21:42,559 - INFO - Processing file: data\input\A3.22.35.txt
2025-09-24 20:21:42,580 - INFO - Split into 1 chunks
2025-09-24 20:21:42,628 - INFO - Successfully processed data\input\A3.22.35.txt
2025-09-24 20:21:42,628 - INFO - Processing file: data\input\A3.22.36.txt
2025-09-24 20:21:42,642 - INFO - Split into 1 chunks
2025-09-24 20:21:42,737 - INFO - Successfully processed data\input\A3.22.36.txt
2025-09-24 20:21:42,737 - INFO - Processing file: data\input\A3.22.37.txt
2025-09-24 20:21:42,739 - INFO - Split into 1 chunks
2025-09-24 20:21:42,780 - INFO - Successfully processed data\input\A3.22.37.txt
2025-09-24 20:21:42,780 - INFO - Processing file: data\input\A3.22.38.txt
2025-09-24 20:21:42,800 - INFO - Split into 1 chunks
2025-09-24 20:21:42,841 - INFO - Successfully processed data\input\A3.22.38.txt
2025-09-24 20:21:42,843 - INFO - Processing file: data\input\A3.22.39.txt
2025-09-24 20:21:42,848 - INFO - Split into 1 chunks
2025-09-24 20:21:42,913 - INFO - Successfully processed data\input\A3.22.39.txt
2025-09-24 20:21:42,913 - INFO - Processing file: data\input\A3.22.4.txt
2025-09-24 20:21:42,933 - INFO - Split into 1 chunks
2025-09-24 20:21:42,984 - INFO - Successfully processed data\input\A3.22.4.txt
2025-09-24 20:21:42,984 - INFO - Processing file: data\input\A3.22.40.txt
2025-09-24 20:21:43,004 - INFO - Split into 2 chunks
2025-09-24 20:21:43,158 - INFO - Successfully processed data\input\A3.22.40.txt
2025-09-24 20:21:43,158 - INFO - Processing file: data\input\A3.22.41.txt
2025-09-24 20:21:43,174 - INFO - Split into 1 chunks
2025-09-24 20:21:43,208 - INFO - Successfully processed data\input\A3.22.41.txt
2025-09-24 20:21:43,208 - INFO - Processing file: data\input\A3.22.42.txt
2025-09-24 20:21:43,229 - INFO - Split into 1 chunks
2025-09-24 20:21:43,278 - INFO - Successfully processed data\input\A3.22.42.txt
2025-09-24 20:21:43,280 - INFO - Processing file: data\input\A3.22.43.txt
2025-09-24 20:21:43,290 - INFO - Split into 1 chunks
2025-09-24 20:21:43,331 - INFO - Successfully processed data\input\A3.22.43.txt
2025-09-24 20:21:43,331 - INFO - Processing file: data\input\A3.22.44.txt
2025-09-24 20:21:43,343 - INFO - Split into 1 chunks
2025-09-24 20:21:43,382 - INFO - Successfully processed data\input\A3.22.44.txt
2025-09-24 20:21:43,382 - INFO - Processing file: data\input\A3.22.45.txt
2025-09-24 20:21:43,403 - INFO - Split into 1 chunks
2025-09-24 20:21:43,443 - INFO - Successfully processed data\input\A3.22.45.txt
2025-09-24 20:21:43,443 - INFO - Processing file: data\input\A3.22.46.txt
2025-09-24 20:21:43,469 - INFO - Split into 1 chunks
2025-09-24 20:21:43,510 - INFO - Successfully processed data\input\A3.22.46.txt
2025-09-24 20:21:43,510 - INFO - Processing file: data\input\A3.22.47.txt
2025-09-24 20:21:43,516 - INFO - Split into 1 chunks
2025-09-24 20:21:43,556 - INFO - Successfully processed data\input\A3.22.47.txt
2025-09-24 20:21:43,556 - INFO - Processing file: data\input\A3.22.48.txt
2025-09-24 20:21:43,556 - INFO - Split into 1 chunks
2025-09-24 20:21:43,598 - INFO - Successfully processed data\input\A3.22.48.txt
2025-09-24 20:21:43,598 - INFO - Processing file: data\input\A3.22.49.txt
2025-09-24 20:21:43,618 - INFO - Split into 1 chunks
2025-09-24 20:21:43,647 - INFO - Successfully processed data\input\A3.22.49.txt
2025-09-24 20:21:43,647 - INFO - Processing file: data\input\A3.22.5.txt
2025-09-24 20:21:43,667 - INFO - Split into 1 chunks
2025-09-24 20:21:43,702 - INFO - Successfully processed data\input\A3.22.5.txt
2025-09-24 20:21:43,702 - INFO - Processing file: data\input\A3.22.50.txt
2025-09-24 20:21:43,728 - INFO - Split into 1 chunks
2025-09-24 20:21:43,758 - INFO - Successfully processed data\input\A3.22.50.txt
2025-09-24 20:21:43,758 - INFO - Processing file: data\input\A3.22.51.txt
2025-09-24 20:21:43,768 - INFO - Split into 1 chunks
2025-09-24 20:21:43,809 - INFO - Successfully processed data\input\A3.22.51.txt
2025-09-24 20:21:43,809 - INFO - Processing file: data\input\A3.22.52.txt
2025-09-24 20:21:43,832 - INFO - Split into 1 chunks
2025-09-24 20:21:43,860 - INFO - Successfully processed data\input\A3.22.52.txt
2025-09-24 20:21:43,870 - INFO - Processing file: data\input\A3.22.53.txt
2025-09-24 20:21:43,875 - INFO - Split into 1 chunks
2025-09-24 20:21:43,913 - INFO - Successfully processed data\input\A3.22.53.txt
2025-09-24 20:21:43,921 - INFO - Processing file: data\input\A3.22.54.txt
2025-09-24 20:21:43,925 - INFO - Split into 1 chunks
2025-09-24 20:21:43,964 - INFO - Successfully processed data\input\A3.22.54.txt
2025-09-24 20:21:43,964 - INFO - Processing file: data\input\A3.22.55.txt
2025-09-24 20:21:43,982 - INFO - Split into 1 chunks
2025-09-24 20:21:44,021 - INFO - Successfully processed data\input\A3.22.55.txt
2025-09-24 20:21:44,021 - INFO - Processing file: data\input\A3.22.56.txt
2025-09-24 20:21:44,033 - INFO - Split into 1 chunks
2025-09-24 20:21:44,100 - INFO - Successfully processed data\input\A3.22.56.txt
2025-09-24 20:21:44,100 - INFO - Processing file: data\input\A3.22.57.txt
2025-09-24 20:21:44,104 - INFO - Split into 1 chunks
2025-09-24 20:21:44,145 - INFO - Successfully processed data\input\A3.22.57.txt
2025-09-24 20:21:44,145 - INFO - Processing file: data\input\A3.22.58.txt
2025-09-24 20:21:44,160 - INFO - Split into 1 chunks
2025-09-24 20:21:44,197 - INFO - Successfully processed data\input\A3.22.58.txt
2025-09-24 20:21:44,197 - INFO - Processing file: data\input\A3.22.59.txt
2025-09-24 20:21:44,207 - INFO - Split into 1 chunks
2025-09-24 20:21:44,260 - INFO - Successfully processed data\input\A3.22.59.txt
2025-09-24 20:21:44,260 - INFO - Processing file: data\input\A3.22.6.txt
2025-09-24 20:21:44,269 - INFO - Split into 1 chunks
2025-09-24 20:21:44,309 - INFO - Successfully processed data\input\A3.22.6.txt
2025-09-24 20:21:44,309 - INFO - Processing file: data\input\A3.22.7.txt
2025-09-24 20:21:44,324 - INFO - Split into 1 chunks
2025-09-24 20:21:44,361 - INFO - Successfully processed data\input\A3.22.7.txt
2025-09-24 20:21:44,361 - INFO - Processing file: data\input\A3.22.8.txt
2025-09-24 20:21:44,381 - INFO - Split into 1 chunks
2025-09-24 20:21:44,412 - INFO - Successfully processed data\input\A3.22.8.txt
2025-09-24 20:21:44,412 - INFO - Processing file: data\input\A3.22.9.txt
2025-09-24 20:21:44,422 - INFO - Split into 1 chunks
2025-09-24 20:21:44,473 - INFO - Successfully processed data\input\A3.22.9.txt
2025-09-24 20:21:44,473 - INFO - Processing file: data\input\A3.23.txt
2025-09-24 20:21:44,489 - INFO - Split into 2 chunks
2025-09-24 20:21:44,596 - INFO - Successfully processed data\input\A3.23.txt
2025-09-24 20:21:44,596 - INFO - Processing file: data\input\A3.24.txt
2025-09-24 20:21:44,596 - INFO - Split into 3 chunks
2025-09-24 20:21:44,814 - INFO - Successfully processed data\input\A3.24.txt
2025-09-24 20:21:44,814 - INFO - Processing file: data\input\A3.25.txt
2025-09-24 20:21:44,838 - INFO - Split into 3 chunks
2025-09-24 20:21:45,015 - INFO - Successfully processed data\input\A3.25.txt
2025-09-24 20:21:45,015 - INFO - Processing file: data\input\A3.26.txt
2025-09-24 20:21:45,043 - INFO - Split into 3 chunks
2025-09-24 20:21:45,240 - INFO - Successfully processed data\input\A3.26.txt
2025-09-24 20:21:45,240 - INFO - Processing file: data\input\A3.27.txt
2025-09-24 20:21:45,249 - INFO - Split into 1 chunks
2025-09-24 20:21:45,285 - INFO - Successfully processed data\input\A3.27.txt
2025-09-24 20:21:45,287 - INFO - Processing file: data\input\A3.28.txt
2025-09-24 20:21:45,292 - INFO - Split into 1 chunks
2025-09-24 20:21:45,330 - INFO - Successfully processed data\input\A3.28.txt
2025-09-24 20:21:45,332 - INFO - Processing file: data\input\A3.29.txt
2025-09-24 20:21:45,334 - INFO - Split into 1 chunks
2025-09-24 20:21:45,380 - INFO - Successfully processed data\input\A3.29.txt
2025-09-24 20:21:45,380 - INFO - Processing file: data\input\A3.3.txt
2025-09-24 20:21:45,391 - INFO - Split into 4 chunks
2025-09-24 20:21:45,675 - INFO - Successfully processed data\input\A3.3.txt
2025-09-24 20:21:45,675 - INFO - Processing file: data\input\A3.30.txt
2025-09-24 20:21:45,691 - INFO - Split into 1 chunks
2025-09-24 20:21:45,728 - INFO - Successfully processed data\input\A3.30.txt
2025-09-24 20:21:45,728 - INFO - Processing file: data\input\A3.31.1.txt
2025-09-24 20:21:45,744 - INFO - Split into 1 chunks
2025-09-24 20:21:45,777 - INFO - Successfully processed data\input\A3.31.1.txt
2025-09-24 20:21:45,779 - INFO - Processing file: data\input\A3.31.2.txt
2025-09-24 20:21:45,787 - INFO - Split into 1 chunks
2025-09-24 20:21:45,823 - INFO - Successfully processed data\input\A3.31.2.txt
2025-09-24 20:21:45,827 - INFO - Processing file: data\input\A3.32.txt
2025-09-24 20:21:45,837 - INFO - Split into 1 chunks
2025-09-24 20:21:45,919 - INFO - Successfully processed data\input\A3.32.txt
2025-09-24 20:21:45,921 - INFO - Processing file: data\input\A3.33.txt
2025-09-24 20:21:45,930 - INFO - Split into 1 chunks
2025-09-24 20:21:46,019 - INFO - Successfully processed data\input\A3.33.txt
2025-09-24 20:21:46,019 - INFO - Processing file: data\input\A3.34.1.txt
2025-09-24 20:21:46,032 - INFO - Split into 1 chunks
2025-09-24 20:21:46,069 - INFO - Successfully processed data\input\A3.34.1.txt
2025-09-24 20:21:46,069 - INFO - Processing file: data\input\A3.34.10.txt
2025-09-24 20:21:46,083 - INFO - Split into 1 chunks
2025-09-24 20:21:46,113 - INFO - Successfully processed data\input\A3.34.10.txt
2025-09-24 20:21:46,113 - INFO - Processing file: data\input\A3.34.11.txt
2025-09-24 20:21:46,124 - INFO - Split into 1 chunks
2025-09-24 20:21:46,165 - INFO - Successfully processed data\input\A3.34.11.txt
2025-09-24 20:21:46,165 - INFO - Processing file: data\input\A3.34.12.txt
2025-09-24 20:21:46,184 - INFO - Split into 1 chunks
2025-09-24 20:21:46,219 - INFO - Successfully processed data\input\A3.34.12.txt
2025-09-24 20:21:46,219 - INFO - Processing file: data\input\A3.34.13.txt
2025-09-24 20:21:46,234 - INFO - Split into 1 chunks
2025-09-24 20:21:46,269 - INFO - Successfully processed data\input\A3.34.13.txt
2025-09-24 20:21:46,269 - INFO - Processing file: data\input\A3.34.14.txt
2025-09-24 20:21:46,287 - INFO - Split into 1 chunks
2025-09-24 20:21:46,325 - INFO - Successfully processed data\input\A3.34.14.txt
2025-09-24 20:21:46,325 - INFO - Processing file: data\input\A3.34.15.txt
2025-09-24 20:21:46,336 - INFO - Split into 1 chunks
2025-09-24 20:21:46,370 - INFO - Successfully processed data\input\A3.34.15.txt
2025-09-24 20:21:46,370 - INFO - Processing file: data\input\A3.34.16.txt
2025-09-24 20:21:46,370 - INFO - Split into 1 chunks
2025-09-24 20:21:46,409 - INFO - Successfully processed data\input\A3.34.16.txt
2025-09-24 20:21:46,411 - INFO - Processing file: data\input\A3.34.17.txt
2025-09-24 20:21:46,417 - INFO - Split into 1 chunks
2025-09-24 20:21:46,453 - INFO - Successfully processed data\input\A3.34.17.txt
2025-09-24 20:21:46,453 - INFO - Processing file: data\input\A3.34.18.txt
2025-09-24 20:21:46,469 - INFO - Split into 1 chunks
2025-09-24 20:21:46,499 - INFO - Successfully processed data\input\A3.34.18.txt
2025-09-24 20:21:46,499 - INFO - Processing file: data\input\A3.34.19.txt
2025-09-24 20:21:46,510 - INFO - Split into 1 chunks
2025-09-24 20:21:46,551 - INFO - Successfully processed data\input\A3.34.19.txt
2025-09-24 20:21:46,553 - INFO - Processing file: data\input\A3.34.2.txt
2025-09-24 20:21:46,561 - INFO - Split into 1 chunks
2025-09-24 20:21:46,601 - INFO - Successfully processed data\input\A3.34.2.txt
2025-09-24 20:21:46,601 - INFO - Processing file: data\input\A3.34.20.txt
2025-09-24 20:21:46,617 - INFO - Split into 1 chunks
2025-09-24 20:21:46,655 - INFO - Successfully processed data\input\A3.34.20.txt
2025-09-24 20:21:46,655 - INFO - Processing file: data\input\A3.34.21.txt
2025-09-24 20:21:46,663 - INFO - Split into 1 chunks
2025-09-24 20:21:46,704 - INFO - Successfully processed data\input\A3.34.21.txt
2025-09-24 20:21:46,704 - INFO - Processing file: data\input\A3.34.22.txt
2025-09-24 20:21:46,715 - INFO - Split into 1 chunks
2025-09-24 20:21:46,755 - INFO - Successfully processed data\input\A3.34.22.txt
2025-09-24 20:21:46,755 - INFO - Processing file: data\input\A3.34.23.txt
2025-09-24 20:21:46,765 - INFO - Split into 1 chunks
2025-09-24 20:21:46,807 - INFO - Successfully processed data\input\A3.34.23.txt
2025-09-24 20:21:46,807 - INFO - Processing file: data\input\A3.34.24.txt
2025-09-24 20:21:46,828 - INFO - Split into 1 chunks
2025-09-24 20:21:46,896 - INFO - Successfully processed data\input\A3.34.24.txt
2025-09-24 20:21:46,896 - INFO - Processing file: data\input\A3.34.25.txt
2025-09-24 20:21:46,906 - INFO - Split into 1 chunks
2025-09-24 20:21:46,944 - INFO - Successfully processed data\input\A3.34.25.txt
2025-09-24 20:21:46,946 - INFO - Processing file: data\input\A3.34.26.txt
2025-09-24 20:21:46,950 - INFO - Split into 1 chunks
2025-09-24 20:21:46,991 - INFO - Successfully processed data\input\A3.34.26.txt
2025-09-24 20:21:46,991 - INFO - Processing file: data\input\A3.34.27.txt
2025-09-24 20:21:47,007 - INFO - Split into 1 chunks
2025-09-24 20:21:47,038 - INFO - Successfully processed data\input\A3.34.27.txt
2025-09-24 20:21:47,038 - INFO - Processing file: data\input\A3.34.28.txt
2025-09-24 20:21:47,038 - INFO - Split into 1 chunks
2025-09-24 20:21:47,099 - INFO - Successfully processed data\input\A3.34.28.txt
2025-09-24 20:21:47,099 - INFO - Processing file: data\input\A3.34.29.txt
2025-09-24 20:21:47,114 - INFO - Split into 1 chunks
2025-09-24 20:21:47,139 - INFO - Successfully processed data\input\A3.34.29.txt
2025-09-24 20:21:47,139 - INFO - Processing file: data\input\A3.34.3.txt
2025-09-24 20:21:47,156 - INFO - Split into 1 chunks
2025-09-24 20:21:47,190 - INFO - Successfully processed data\input\A3.34.3.txt
2025-09-24 20:21:47,190 - INFO - Processing file: data\input\A3.34.31.txt
2025-09-24 20:21:47,202 - INFO - Split into 1 chunks
2025-09-24 20:21:47,236 - INFO - Successfully processed data\input\A3.34.31.txt
2025-09-24 20:21:47,236 - INFO - Processing file: data\input\A3.34.32.txt
2025-09-24 20:21:47,249 - INFO - Split into 1 chunks
2025-09-24 20:21:47,277 - INFO - Successfully processed data\input\A3.34.32.txt
2025-09-24 20:21:47,281 - INFO - Processing file: data\input\A3.34.33.txt
2025-09-24 20:21:47,294 - INFO - Split into 1 chunks
2025-09-24 20:21:47,332 - INFO - Successfully processed data\input\A3.34.33.txt
2025-09-24 20:21:47,332 - INFO - Processing file: data\input\A3.34.34.txt
2025-09-24 20:21:47,344 - INFO - Split into 1 chunks
2025-09-24 20:21:47,373 - INFO - Successfully processed data\input\A3.34.34.txt
2025-09-24 20:21:47,373 - INFO - Processing file: data\input\A3.34.35.txt
2025-09-24 20:21:47,395 - INFO - Split into 1 chunks
2025-09-24 20:21:47,432 - INFO - Successfully processed data\input\A3.34.35.txt
2025-09-24 20:21:47,433 - INFO - Processing file: data\input\A3.34.4.txt
2025-09-24 20:21:47,443 - INFO - Split into 1 chunks
2025-09-24 20:21:47,474 - INFO - Successfully processed data\input\A3.34.4.txt
2025-09-24 20:21:47,474 - INFO - Processing file: data\input\A3.34.5.txt
2025-09-24 20:21:47,488 - INFO - Split into 1 chunks
2025-09-24 20:21:47,515 - INFO - Successfully processed data\input\A3.34.5.txt
2025-09-24 20:21:47,515 - INFO - Processing file: data\input\A3.34.6.txt
2025-09-24 20:21:47,535 - INFO - Split into 1 chunks
2025-09-24 20:21:47,568 - INFO - Successfully processed data\input\A3.34.6.txt
2025-09-24 20:21:47,568 - INFO - Processing file: data\input\A3.34.7.txt
2025-09-24 20:21:47,583 - INFO - Split into 1 chunks
2025-09-24 20:21:47,622 - INFO - Successfully processed data\input\A3.34.7.txt
2025-09-24 20:21:47,622 - INFO - Processing file: data\input\A3.34.8.txt
2025-09-24 20:21:47,626 - INFO - Split into 1 chunks
2025-09-24 20:21:47,665 - INFO - Successfully processed data\input\A3.34.8.txt
2025-09-24 20:21:47,665 - INFO - Processing file: data\input\A3.34.9.txt
2025-09-24 20:21:47,677 - INFO - Split into 1 chunks
2025-09-24 20:21:47,716 - INFO - Successfully processed data\input\A3.34.9.txt
2025-09-24 20:21:47,716 - INFO - Processing file: data\input\A3.4.txt
2025-09-24 20:21:47,738 - INFO - Split into 13 chunks
2025-09-24 20:21:48,678 - INFO - Successfully processed data\input\A3.4.txt
2025-09-24 20:21:48,678 - INFO - Processing file: data\input\A3.5.txt
2025-09-24 20:21:48,704 - INFO - Split into 16 chunks
2025-09-24 20:21:49,824 - INFO - Successfully processed data\input\A3.5.txt
2025-09-24 20:21:49,826 - INFO - Processing file: data\input\A3.6.txt
2025-09-24 20:21:49,839 - INFO - Split into 3 chunks
2025-09-24 20:21:50,042 - INFO - Successfully processed data\input\A3.6.txt
2025-09-24 20:21:50,051 - INFO - Processing file: data\input\A3.7.txt
2025-09-24 20:21:50,061 - INFO - Split into 3 chunks
2025-09-24 20:21:50,258 - INFO - Successfully processed data\input\A3.7.txt
2025-09-24 20:21:50,258 - INFO - Processing file: data\input\A3.8.txt
2025-09-24 20:21:50,279 - INFO - Split into 3 chunks
2025-09-24 20:21:50,448 - INFO - Successfully processed data\input\A3.8.txt
2025-09-24 20:21:50,448 - INFO - Processing file: data\input\A3.9.txt
2025-09-24 20:21:50,460 - INFO - Split into 3 chunks
2025-09-24 20:21:50,648 - INFO - Successfully processed data\input\A3.9.txt
2025-09-24 20:21:50,650 - INFO - Processing file: data\input\A30.txt
2025-09-24 20:21:50,654 - INFO - Split into 1 chunks
2025-09-24 20:21:50,686 - INFO - Successfully processed data\input\A30.txt
2025-09-24 20:21:50,686 - INFO - Processing file: data\input\A31.txt
2025-09-24 20:21:50,697 - INFO - Split into 4 chunks
2025-09-24 20:21:50,944 - INFO - Successfully processed data\input\A31.txt
2025-09-24 20:21:50,944 - INFO - Processing file: data\input\A32.1.txt
2025-09-24 20:21:50,958 - INFO - Split into 1 chunks
2025-09-24 20:21:50,992 - INFO - Successfully processed data\input\A32.1.txt
2025-09-24 20:21:50,992 - INFO - Processing file: data\input\A32.2.txt
2025-09-24 20:21:50,996 - INFO - Split into 1 chunks
2025-09-24 20:21:51,031 - INFO - Successfully processed data\input\A32.2.txt
2025-09-24 20:21:51,031 - INFO - Processing file: data\input\A33.1.txt
2025-09-24 20:21:51,040 - INFO - Split into 1 chunks
2025-09-24 20:21:51,079 - INFO - Successfully processed data\input\A33.1.txt
2025-09-24 20:21:51,081 - INFO - Processing file: data\input\A33.2.txt
2025-09-24 20:21:51,084 - INFO - Split into 1 chunks
2025-09-24 20:21:51,119 - INFO - Successfully processed data\input\A33.2.txt
2025-09-24 20:21:51,119 - INFO - Processing file: data\input\A33.3.txt
2025-09-24 20:21:51,132 - INFO - Split into 1 chunks
2025-09-24 20:21:51,167 - INFO - Successfully processed data\input\A33.3.txt
2025-09-24 20:21:51,167 - INFO - Processing file: data\input\A34.txt
2025-09-24 20:21:51,182 - INFO - Split into 1 chunks
2025-09-24 20:21:51,227 - INFO - Successfully processed data\input\A34.txt
2025-09-24 20:21:51,227 - INFO - Processing file: data\input\A35.txt
2025-09-24 20:21:51,243 - INFO - Split into 1 chunks
2025-09-24 20:21:51,286 - INFO - Successfully processed data\input\A35.txt
2025-09-24 20:21:51,286 - INFO - Processing file: data\input\A36.txt
2025-09-24 20:21:51,294 - INFO - Split into 1 chunks
2025-09-24 20:21:51,337 - INFO - Successfully processed data\input\A36.txt
2025-09-24 20:21:51,337 - INFO - Processing file: data\input\A37.txt
2025-09-24 20:21:51,347 - INFO - Split into 1 chunks
2025-09-24 20:21:51,416 - INFO - Successfully processed data\input\A37.txt
2025-09-24 20:21:51,416 - INFO - Processing file: data\input\A38.txt
2025-09-24 20:21:51,427 - INFO - Split into 1 chunks
2025-09-24 20:21:51,509 - INFO - Successfully processed data\input\A38.txt
2025-09-24 20:21:51,509 - INFO - Processing file: data\input\A39.txt
2025-09-24 20:21:51,521 - INFO - Split into 1 chunks
2025-09-24 20:21:51,550 - INFO - Successfully processed data\input\A39.txt
2025-09-24 20:21:51,550 - INFO - Processing file: data\input\A4.1.txt
2025-09-24 20:21:51,632 - INFO - Split into 64 chunks
2025-09-24 20:21:56,489 - INFO - Successfully processed data\input\A4.1.txt
2025-09-24 20:21:56,493 - INFO - Processing file: data\input\A4.2.txt
2025-09-24 20:21:56,513 - INFO - Split into 7 chunks
2025-09-24 20:21:57,052 - INFO - Successfully processed data\input\A4.2.txt
2025-09-24 20:21:57,052 - INFO - Processing file: data\input\A43.1.txt
2025-09-24 20:21:57,073 - INFO - Split into 2 chunks
2025-09-24 20:21:57,215 - INFO - Successfully processed data\input\A43.1.txt
2025-09-24 20:21:57,215 - INFO - Processing file: data\input\A43.10.txt
2025-09-24 20:21:57,225 - INFO - Split into 1 chunks
2025-09-24 20:21:57,270 - INFO - Successfully processed data\input\A43.10.txt
2025-09-24 20:21:57,270 - INFO - Processing file: data\input\A43.11.txt
2025-09-24 20:21:57,287 - INFO - Split into 1 chunks
2025-09-24 20:21:57,352 - INFO - Successfully processed data\input\A43.11.txt
2025-09-24 20:21:57,352 - INFO - Processing file: data\input\A43.12.txt
2025-09-24 20:21:57,370 - INFO - Split into 1 chunks
2025-09-24 20:21:57,409 - INFO - Successfully processed data\input\A43.12.txt
2025-09-24 20:21:57,409 - INFO - Processing file: data\input\A43.2.txt
2025-09-24 20:21:57,430 - INFO - Split into 2 chunks
2025-09-24 20:21:57,570 - INFO - Successfully processed data\input\A43.2.txt
2025-09-24 20:21:57,570 - INFO - Processing file: data\input\A43.3.txt
2025-09-24 20:21:57,571 - INFO - Split into 1 chunks
2025-09-24 20:21:57,622 - INFO - Successfully processed data\input\A43.3.txt
2025-09-24 20:21:57,622 - INFO - Processing file: data\input\A43.4.txt
2025-09-24 20:21:57,632 - INFO - Split into 1 chunks
2025-09-24 20:21:57,693 - INFO - Successfully processed data\input\A43.4.txt
2025-09-24 20:21:57,703 - INFO - Processing file: data\input\A43.5.txt
2025-09-24 20:21:57,717 - INFO - Split into 1 chunks
2025-09-24 20:21:57,754 - INFO - Successfully processed data\input\A43.5.txt
2025-09-24 20:21:57,764 - INFO - Processing file: data\input\A43.6.txt
2025-09-24 20:21:57,767 - INFO - Split into 1 chunks
2025-09-24 20:21:57,816 - INFO - Successfully processed data\input\A43.6.txt
2025-09-24 20:21:57,818 - INFO - Processing file: data\input\A43.7.txt
2025-09-24 20:21:57,828 - INFO - Split into 1 chunks
2025-09-24 20:21:57,865 - INFO - Successfully processed data\input\A43.7.txt
2025-09-24 20:21:57,865 - INFO - Processing file: data\input\A43.8.txt
2025-09-24 20:21:57,879 - INFO - Split into 1 chunks
2025-09-24 20:21:57,916 - INFO - Successfully processed data\input\A43.8.txt
2025-09-24 20:21:57,916 - INFO - Processing file: data\input\A43.9.txt
2025-09-24 20:21:57,916 - INFO - Split into 1 chunks
2025-09-24 20:21:57,977 - INFO - Successfully processed data\input\A43.9.txt
2025-09-24 20:21:57,977 - INFO - Processing file: data\input\A44.txt
2025-09-24 20:21:57,997 - INFO - Split into 6 chunks
2025-09-24 20:21:58,399 - INFO - Successfully processed data\input\A44.txt
2025-09-24 20:21:58,399 - INFO - Processing file: data\input\A45.txt
2025-09-24 20:21:58,408 - INFO - Split into 1 chunks
2025-09-24 20:21:58,442 - INFO - Successfully processed data\input\A45.txt
2025-09-24 20:21:58,442 - INFO - Processing file: data\input\A46.1.txt
2025-09-24 20:21:58,458 - INFO - Split into 1 chunks
2025-09-24 20:21:58,489 - INFO - Successfully processed data\input\A46.1.txt
2025-09-24 20:21:58,489 - INFO - Processing file: data\input\A46.2.txt
2025-09-24 20:21:58,501 - INFO - Split into 1 chunks
2025-09-24 20:21:58,560 - INFO - Successfully processed data\input\A46.2.txt
2025-09-24 20:21:58,560 - INFO - Processing file: data\input\A47.txt
2025-09-24 20:21:58,568 - INFO - Split into 1 chunks
2025-09-24 20:21:58,636 - INFO - Successfully processed data\input\A47.txt
2025-09-24 20:21:58,636 - INFO - Processing file: data\input\A48.txt
2025-09-24 20:21:58,638 - INFO - Split into 1 chunks
2025-09-24 20:21:58,670 - INFO - Successfully processed data\input\A48.txt
2025-09-24 20:21:58,670 - INFO - Processing file: data\input\A49.txt
2025-09-24 20:21:58,675 - INFO - Split into 1 chunks
2025-09-24 20:21:58,713 - INFO - Successfully processed data\input\A49.txt
2025-09-24 20:21:58,713 - INFO - Processing file: data\input\A5.txt
2025-09-24 20:21:58,846 - INFO - Split into 119 chunks
2025-09-24 20:22:07,577 - INFO - Successfully processed data\input\A5.txt
2025-09-24 20:22:07,587 - INFO - Processing file: data\input\A50.txt
2025-09-24 20:22:07,597 - INFO - Split into 1 chunks
2025-09-24 20:22:07,638 - INFO - Successfully processed data\input\A50.txt
2025-09-24 20:22:07,638 - INFO - Processing file: data\input\A51.txt
2025-09-24 20:22:07,669 - INFO - Split into 5 chunks
2025-09-24 20:22:08,029 - INFO - Successfully processed data\input\A51.txt
2025-09-24 20:22:08,029 - INFO - Processing file: data\input\A6.txt
2025-09-24 20:22:08,080 - INFO - Split into 33 chunks
2025-09-24 20:22:10,549 - INFO - Successfully processed data\input\A6.txt
2025-09-24 20:22:10,549 - INFO - Processing file: data\input\A7.txt
2025-09-24 20:22:10,570 - INFO - Split into 2 chunks
2025-09-24 20:22:10,670 - INFO - Successfully processed data\input\A7.txt
2025-09-24 20:22:10,672 - INFO - Processing file: data\input\A8.1.txt
2025-09-24 20:22:10,676 - INFO - Split into 1 chunks
2025-09-24 20:22:10,752 - INFO - Successfully processed data\input\A8.1.txt
2025-09-24 20:22:10,752 - INFO - Processing file: data\input\A8.txt
2025-09-24 20:22:10,759 - INFO - Split into 1 chunks
2025-09-24 20:22:10,826 - INFO - Successfully processed data\input\A8.txt
2025-09-24 20:22:10,826 - INFO - Processing file: data\input\A9.txt
2025-09-24 20:22:10,853 - INFO - Split into 8 chunks
2025-09-24 20:22:11,459 - INFO - Successfully processed data\input\A9.txt
2025-09-24 20:28:07,049 - INFO - Using device: cuda
2025-09-24 20:28:07,049 - INFO - Loading NLP models...
2025-09-24 20:28:16,365 - INFO - Processing file: data\input\C1.txt
2025-09-24 20:28:16,704 - INFO - Split into 6 chunks
2025-09-24 20:28:19,599 - INFO - Successfully processed data\input\C1.txt
2025-09-24 20:28:19,601 - INFO - Processing file: data\input\C10.txt
2025-09-24 20:28:19,610 - INFO - Split into 1 chunks
2025-09-24 20:28:19,659 - INFO - Successfully processed data\input\C10.txt
2025-09-24 20:28:19,659 - INFO - Processing file: data\input\C100.txt
2025-09-24 20:28:19,704 - INFO - Split into 1 chunks
2025-09-24 20:28:19,743 - INFO - Successfully processed data\input\C100.txt
2025-09-24 20:28:19,743 - INFO - Processing file: data\input\C101.txt
2025-09-24 20:28:19,763 - INFO - Split into 1 chunks
2025-09-24 20:28:20,016 - INFO - Successfully processed data\input\C101.txt
2025-09-24 20:28:20,016 - INFO - Processing file: data\input\C102.txt
2025-09-24 20:28:20,036 - INFO - Split into 1 chunks
2025-09-24 20:28:20,071 - INFO - Successfully processed data\input\C102.txt
2025-09-24 20:28:20,073 - INFO - Processing file: data\input\C11.1.txt
2025-09-24 20:28:20,117 - INFO - Split into 15 chunks
2025-09-24 20:28:21,189 - INFO - Successfully processed data\input\C11.1.txt
2025-09-24 20:28:21,189 - INFO - Processing file: data\input\C11.10.txt
2025-09-24 20:28:21,252 - INFO - Split into 14 chunks
2025-09-24 20:28:22,264 - INFO - Successfully processed data\input\C11.10.txt
2025-09-24 20:28:22,266 - INFO - Processing file: data\input\C11.11.txt
2025-09-24 20:28:22,324 - INFO - Split into 18 chunks
2025-09-24 20:28:23,616 - INFO - Successfully processed data\input\C11.11.txt
2025-09-24 20:28:23,618 - INFO - Processing file: data\input\C11.12.txt
2025-09-24 20:28:23,661 - INFO - Split into 18 chunks
2025-09-24 20:28:24,910 - INFO - Successfully processed data\input\C11.12.txt
2025-09-24 20:28:24,911 - INFO - Processing file: data\input\C11.2.txt
2025-09-24 20:28:24,951 - INFO - Split into 19 chunks
2025-09-24 20:28:26,289 - INFO - Successfully processed data\input\C11.2.txt
2025-09-24 20:28:26,290 - INFO - Processing file: data\input\C11.3.txt
2025-09-24 20:28:26,318 - INFO - Split into 9 chunks
2025-09-24 20:28:26,936 - INFO - Successfully processed data\input\C11.3.txt
2025-09-24 20:28:26,938 - INFO - Processing file: data\input\C11.4.txt
2025-09-24 20:28:26,970 - INFO - Split into 18 chunks
2025-09-24 20:28:28,268 - INFO - Successfully processed data\input\C11.4.txt
2025-09-24 20:28:28,268 - INFO - Processing file: data\input\C11.6.1.txt
2025-09-24 20:28:28,295 - INFO - Split into 7 chunks
2025-09-24 20:28:28,687 - INFO - Successfully processed data\input\C11.6.1.txt
2025-09-24 20:28:28,687 - INFO - Processing file: data\input\C11.6.txt
2025-09-24 20:28:28,733 - INFO - Split into 18 chunks
2025-09-24 20:28:30,005 - INFO - Successfully processed data\input\C11.6.txt
2025-09-24 20:28:30,005 - INFO - Processing file: data\input\C11.7.txt
2025-09-24 20:28:30,036 - INFO - Split into 16 chunks
2025-09-24 20:28:31,141 - INFO - Successfully processed data\input\C11.7.txt
2025-09-24 20:28:31,141 - INFO - Processing file: data\input\C11.8.txt
2025-09-24 20:28:31,166 - INFO - Split into 2 chunks
2025-09-24 20:28:31,293 - INFO - Successfully processed data\input\C11.8.txt
2025-09-24 20:28:31,293 - INFO - Processing file: data\input\C11.9.txt
2025-09-24 20:28:31,324 - INFO - Split into 15 chunks
2025-09-24 20:28:32,382 - INFO - Successfully processed data\input\C11.9.txt
2025-09-24 20:28:32,393 - INFO - Processing file: data\input\C12.1.txt
2025-09-24 20:28:32,433 - INFO - Split into 12 chunks
2025-09-24 20:28:33,240 - INFO - Successfully processed data\input\C12.1.txt
2025-09-24 20:28:33,240 - INFO - Processing file: data\input\C12.3.txt
2025-09-24 20:28:33,282 - INFO - Split into 11 chunks
2025-09-24 20:28:34,035 - INFO - Successfully processed data\input\C12.3.txt
2025-09-24 20:28:34,035 - INFO - Processing file: data\input\C13.1.txt
2025-09-24 20:28:34,066 - INFO - Split into 6 chunks
2025-09-24 20:28:34,457 - INFO - Successfully processed data\input\C13.1.txt
2025-09-24 20:28:34,457 - INFO - Processing file: data\input\C13.2.txt
2025-09-24 20:28:34,478 - INFO - Split into 1 chunks
2025-09-24 20:28:34,505 - INFO - Successfully processed data\input\C13.2.txt
2025-09-24 20:28:34,505 - INFO - Processing file: data\input\C14.txt
2025-09-24 20:28:34,539 - INFO - Split into 1 chunks
2025-09-24 20:28:34,587 - INFO - Successfully processed data\input\C14.txt
2025-09-24 20:28:34,587 - INFO - Processing file: data\input\C15.txt
2025-09-24 20:28:34,761 - INFO - Split into 134 chunks
2025-09-24 20:28:44,545 - INFO - Successfully processed data\input\C15.txt
2025-09-24 20:28:44,546 - INFO - Processing file: data\input\C16.1.txt
2025-09-24 20:28:44,587 - INFO - Split into 19 chunks
2025-09-24 20:28:45,950 - INFO - Successfully processed data\input\C16.1.txt
2025-09-24 20:28:45,957 - INFO - Processing file: data\input\C16.2.txt
2025-09-24 20:28:45,989 - INFO - Split into 13 chunks
2025-09-24 20:28:46,834 - INFO - Successfully processed data\input\C16.2.txt
2025-09-24 20:28:46,834 - INFO - Processing file: data\input\C16.3.txt
2025-09-24 20:28:46,845 - INFO - Split into 4 chunks
2025-09-24 20:28:47,025 - INFO - Successfully processed data\input\C16.3.txt
2025-09-24 20:28:47,025 - INFO - Processing file: data\input\C16.4.txt
2025-09-24 20:28:47,038 - INFO - Split into 1 chunks
2025-09-24 20:28:47,088 - INFO - Successfully processed data\input\C16.4.txt
2025-09-24 20:28:47,089 - INFO - Processing file: data\input\C16.5.txt
2025-09-24 20:28:47,101 - INFO - Split into 2 chunks
2025-09-24 20:28:47,228 - INFO - Successfully processed data\input\C16.5.txt
2025-09-24 20:28:47,230 - INFO - Processing file: data\input\C16.6.txt
2025-09-24 20:28:47,251 - INFO - Split into 1 chunks
2025-09-24 20:28:47,330 - INFO - Successfully processed data\input\C16.6.txt
2025-09-24 20:28:47,330 - INFO - Processing file: data\input\C16.7.txt
2025-09-24 20:28:47,347 - INFO - Split into 1 chunks
2025-09-24 20:28:47,416 - INFO - Successfully processed data\input\C16.7.txt
2025-09-24 20:28:47,416 - INFO - Processing file: data\input\C17.txt
2025-09-24 20:28:47,437 - INFO - Split into 1 chunks
2025-09-24 20:28:47,471 - INFO - Successfully processed data\input\C17.txt
2025-09-24 20:28:47,471 - INFO - Processing file: data\input\C18.1.txt
2025-09-24 20:28:47,487 - INFO - Split into 3 chunks
2025-09-24 20:28:47,622 - INFO - Successfully processed data\input\C18.1.txt
2025-09-24 20:28:47,622 - INFO - Processing file: data\input\C18.2.txt
2025-09-24 20:28:47,683 - INFO - Split into 39 chunks
2025-09-24 20:28:50,336 - INFO - Successfully processed data\input\C18.2.txt
2025-09-24 20:28:50,338 - INFO - Processing file: data\input\C18.3.txt
2025-09-24 20:28:50,397 - INFO - Split into 44 chunks
2025-09-24 20:28:53,627 - INFO - Successfully processed data\input\C18.3.txt
2025-09-24 20:28:53,627 - INFO - Processing file: data\input\C19.txt
2025-09-24 20:28:53,646 - INFO - Split into 1 chunks
2025-09-24 20:28:53,720 - INFO - Successfully processed data\input\C19.txt
2025-09-24 20:28:53,720 - INFO - Processing file: data\input\C2.txt
2025-09-24 20:28:53,745 - INFO - Split into 4 chunks
2025-09-24 20:28:53,990 - INFO - Successfully processed data\input\C2.txt
2025-09-24 20:28:53,990 - INFO - Processing file: data\input\C20.1.txt
2025-09-24 20:28:54,011 - INFO - Split into 3 chunks
2025-09-24 20:28:54,194 - INFO - Successfully processed data\input\C20.1.txt
2025-09-24 20:28:54,196 - INFO - Processing file: data\input\C20.2.txt
2025-09-24 20:28:54,213 - INFO - Split into 3 chunks
2025-09-24 20:28:54,346 - INFO - Successfully processed data\input\C20.2.txt
2025-09-24 20:28:54,348 - INFO - Processing file: data\input\C20.3.txt
2025-09-24 20:28:54,361 - INFO - Split into 2 chunks
2025-09-24 20:28:54,476 - INFO - Successfully processed data\input\C20.3.txt
2025-09-24 20:28:54,478 - INFO - Processing file: data\input\C20.4.txt
2025-09-24 20:28:54,480 - INFO - Split into 2 chunks
2025-09-24 20:28:54,594 - INFO - Successfully processed data\input\C20.4.txt
2025-09-24 20:28:54,594 - INFO - Processing file: data\input\C21.1.txt
2025-09-24 20:28:54,675 - INFO - Split into 47 chunks
2025-09-24 20:28:58,086 - INFO - Successfully processed data\input\C21.1.txt
2025-09-24 20:28:58,086 - INFO - Processing file: data\input\C21.2.txt
2025-09-24 20:28:58,113 - INFO - Split into 12 chunks
2025-09-24 20:28:58,957 - INFO - Successfully processed data\input\C21.2.txt
2025-09-24 20:28:58,958 - INFO - Processing file: data\input\C21.3.txt
2025-09-24 20:28:58,985 - INFO - Split into 6 chunks
2025-09-24 20:28:59,408 - INFO - Successfully processed data\input\C21.3.txt
2025-09-24 20:28:59,408 - INFO - Processing file: data\input\C21.4.txt
2025-09-24 20:28:59,424 - INFO - Split into 1 chunks
2025-09-24 20:28:59,456 - INFO - Successfully processed data\input\C21.4.txt
2025-09-24 20:28:59,458 - INFO - Processing file: data\input\C21.5.txt
2025-09-24 20:28:59,469 - INFO - Split into 4 chunks
2025-09-24 20:28:59,754 - INFO - Successfully processed data\input\C21.5.txt
2025-09-24 20:28:59,756 - INFO - Processing file: data\input\C21.6.txt
2025-09-24 20:28:59,762 - INFO - Split into 1 chunks
2025-09-24 20:28:59,809 - INFO - Successfully processed data\input\C21.6.txt
2025-09-24 20:28:59,810 - INFO - Processing file: data\input\C21.7.txt
2025-09-24 20:28:59,830 - INFO - Split into 1 chunks
2025-09-24 20:28:59,865 - INFO - Successfully processed data\input\C21.7.txt
2025-09-24 20:28:59,865 - INFO - Processing file: data\input\C21.8.txt
2025-09-24 20:28:59,890 - INFO - Split into 7 chunks
2025-09-24 20:29:00,366 - INFO - Successfully processed data\input\C21.8.txt
2025-09-24 20:29:00,366 - INFO - Processing file: data\input\C21.9.txt
2025-09-24 20:29:00,390 - INFO - Split into 3 chunks
2025-09-24 20:29:00,616 - INFO - Successfully processed data\input\C21.9.txt
2025-09-24 20:29:00,616 - INFO - Processing file: data\input\C22.txt
2025-09-24 20:29:00,639 - INFO - Split into 4 chunks
2025-09-24 20:29:00,904 - INFO - Successfully processed data\input\C22.txt
2025-09-24 20:29:00,904 - INFO - Processing file: data\input\C23.1.txt
2025-09-24 20:29:01,027 - INFO - Split into 20 chunks
2025-09-24 20:29:02,531 - INFO - Successfully processed data\input\C23.1.txt
2025-09-24 20:29:02,531 - INFO - Processing file: data\input\C23.2.txt
2025-09-24 20:29:02,551 - INFO - Split into 1 chunks
2025-09-24 20:29:02,592 - INFO - Successfully processed data\input\C23.2.txt
2025-09-24 20:29:02,592 - INFO - Processing file: data\input\C23.3.txt
2025-09-24 20:29:02,606 - INFO - Split into 1 chunks
2025-09-24 20:29:02,642 - INFO - Successfully processed data\input\C23.3.txt
2025-09-24 20:29:02,642 - INFO - Processing file: data\input\C24.txt
2025-09-24 20:29:02,663 - INFO - Split into 4 chunks
2025-09-24 20:29:02,921 - INFO - Successfully processed data\input\C24.txt
2025-09-24 20:29:02,921 - INFO - Processing file: data\input\C25.txt
2025-09-24 20:29:02,927 - INFO - Split into 3 chunks
2025-09-24 20:29:03,143 - INFO - Successfully processed data\input\C25.txt
2025-09-24 20:29:03,143 - INFO - Processing file: data\input\C26.1.txt
2025-09-24 20:29:03,162 - INFO - Split into 4 chunks
2025-09-24 20:29:03,421 - INFO - Successfully processed data\input\C26.1.txt
2025-09-24 20:29:03,421 - INFO - Processing file: data\input\C26.2.txt
2025-09-24 20:29:03,437 - INFO - Split into 6 chunks
2025-09-24 20:29:03,839 - INFO - Successfully processed data\input\C26.2.txt
2025-09-24 20:29:03,839 - INFO - Processing file: data\input\C27.txt
2025-09-24 20:29:03,915 - INFO - Split into 42 chunks
2025-09-24 20:29:06,548 - INFO - Successfully processed data\input\C27.txt
2025-09-24 20:29:06,550 - INFO - Processing file: data\input\C28.txt
2025-09-24 20:29:06,575 - INFO - Split into 6 chunks
2025-09-24 20:29:07,078 - INFO - Successfully processed data\input\C28.txt
2025-09-24 20:29:07,083 - INFO - Processing file: data\input\C29.txt
2025-09-24 20:29:07,093 - INFO - Split into 1 chunks
2025-09-24 20:29:07,143 - INFO - Successfully processed data\input\C29.txt
2025-09-24 20:29:07,143 - INFO - Processing file: data\input\C30.txt
2025-09-24 20:29:07,153 - INFO - Split into 1 chunks
2025-09-24 20:29:07,192 - INFO - Successfully processed data\input\C30.txt
2025-09-24 20:29:07,192 - INFO - Processing file: data\input\C31.1.txt
2025-09-24 20:29:07,357 - INFO - Split into 190 chunks
2025-09-24 20:29:18,554 - INFO - Successfully processed data\input\C31.1.txt
2025-09-24 20:29:18,556 - INFO - Processing file: data\input\C31.10.txt
2025-09-24 20:29:18,584 - INFO - Split into 10 chunks
2025-09-24 20:29:19,312 - INFO - Successfully processed data\input\C31.10.txt
2025-09-24 20:29:19,312 - INFO - Processing file: data\input\C31.11.txt
2025-09-24 20:29:19,332 - INFO - Split into 1 chunks
2025-09-24 20:29:19,391 - INFO - Successfully processed data\input\C31.11.txt
2025-09-24 20:29:19,391 - INFO - Processing file: data\input\C31.12.txt
2025-09-24 20:29:19,408 - INFO - Split into 1 chunks
2025-09-24 20:29:19,457 - INFO - Successfully processed data\input\C31.12.txt
2025-09-24 20:29:19,457 - INFO - Processing file: data\input\C31.13.1.1.txt
2025-09-24 20:29:19,473 - INFO - Split into 1 chunks
2025-09-24 20:29:19,506 - INFO - Successfully processed data\input\C31.13.1.1.txt
2025-09-24 20:29:19,506 - INFO - Processing file: data\input\C31.13.1.txt
2025-09-24 20:29:19,656 - INFO - Split into 125 chunks
2025-09-24 20:29:29,509 - INFO - Successfully processed data\input\C31.13.1.txt
2025-09-24 20:29:29,511 - INFO - Processing file: data\input\C31.13.2.txt
2025-09-24 20:29:29,525 - INFO - Split into 1 chunks
2025-09-24 20:29:29,569 - INFO - Successfully processed data\input\C31.13.2.txt
2025-09-24 20:29:29,569 - INFO - Processing file: data\input\C31.14.txt
2025-09-24 20:29:29,593 - INFO - Split into 6 chunks
2025-09-24 20:29:30,029 - INFO - Successfully processed data\input\C31.14.txt
2025-09-24 20:29:30,029 - INFO - Processing file: data\input\C31.2.1.txt
2025-09-24 20:29:30,044 - INFO - Split into 1 chunks
2025-09-24 20:29:30,078 - INFO - Successfully processed data\input\C31.2.1.txt
2025-09-24 20:29:30,078 - INFO - Processing file: data\input\C31.2.3.1.txt
2025-09-24 20:29:30,100 - INFO - Split into 4 chunks
2025-09-24 20:29:30,384 - INFO - Successfully processed data\input\C31.2.3.1.txt
2025-09-24 20:29:30,384 - INFO - Processing file: data\input\C31.2.3.2.txt
2025-09-24 20:29:30,394 - INFO - Split into 1 chunks
2025-09-24 20:29:30,435 - INFO - Successfully processed data\input\C31.2.3.2.txt
2025-09-24 20:29:30,445 - INFO - Processing file: data\input\C31.2.6.txt
2025-09-24 20:29:30,455 - INFO - Split into 1 chunks
2025-09-24 20:29:30,494 - INFO - Successfully processed data\input\C31.2.6.txt
2025-09-24 20:29:30,494 - INFO - Processing file: data\input\C31.2.7.txt
2025-09-24 20:29:30,506 - INFO - Split into 1 chunks
2025-09-24 20:29:30,542 - INFO - Successfully processed data\input\C31.2.7.txt
2025-09-24 20:29:30,542 - INFO - Processing file: data\input\C31.3.1.txt
2025-09-24 20:29:30,558 - INFO - Split into 2 chunks
2025-09-24 20:29:30,718 - INFO - Successfully processed data\input\C31.3.1.txt
2025-09-24 20:29:30,718 - INFO - Processing file: data\input\C31.3.2.txt
2025-09-24 20:29:30,732 - INFO - Split into 1 chunks
2025-09-24 20:29:30,773 - INFO - Successfully processed data\input\C31.3.2.txt
2025-09-24 20:29:30,773 - INFO - Processing file: data\input\C31.3.3.txt
2025-09-24 20:29:30,789 - INFO - Split into 3 chunks
2025-09-24 20:29:30,991 - INFO - Successfully processed data\input\C31.3.3.txt
2025-09-24 20:29:30,991 - INFO - Processing file: data\input\C31.4.txt
2025-09-24 20:29:31,008 - INFO - Split into 2 chunks
2025-09-24 20:29:31,111 - INFO - Successfully processed data\input\C31.4.txt
2025-09-24 20:29:31,111 - INFO - Processing file: data\input\C31.5.txt
2025-09-24 20:29:31,124 - INFO - Split into 1 chunks
2025-09-24 20:29:31,153 - INFO - Successfully processed data\input\C31.5.txt
2025-09-24 20:29:31,156 - INFO - Processing file: data\input\C31.6.txt
2025-09-24 20:29:31,158 - INFO - Split into 1 chunks
2025-09-24 20:29:31,192 - INFO - Successfully processed data\input\C31.6.txt
2025-09-24 20:29:31,192 - INFO - Processing file: data\input\C31.7.1.txt
2025-09-24 20:29:31,220 - INFO - Split into 7 chunks
2025-09-24 20:29:31,749 - INFO - Successfully processed data\input\C31.7.1.txt
2025-09-24 20:29:31,749 - INFO - Processing file: data\input\C31.7.2.txt
2025-09-24 20:29:31,763 - INFO - Split into 1 chunks
2025-09-24 20:29:31,800 - INFO - Successfully processed data\input\C31.7.2.txt
2025-09-24 20:29:31,802 - INFO - Processing file: data\input\C31.7.3.txt
2025-09-24 20:29:31,823 - INFO - Split into 4 chunks
2025-09-24 20:29:32,111 - INFO - Successfully processed data\input\C31.7.3.txt
2025-09-24 20:29:32,112 - INFO - Processing file: data\input\C31.7.4.txt
2025-09-24 20:29:32,131 - INFO - Split into 1 chunks
2025-09-24 20:29:32,166 - INFO - Successfully processed data\input\C31.7.4.txt
2025-09-24 20:29:32,166 - INFO - Processing file: data\input\C31.8.txt
2025-09-24 20:29:32,176 - INFO - Split into 1 chunks
2025-09-24 20:29:32,222 - INFO - Successfully processed data\input\C31.8.txt
2025-09-24 20:29:32,223 - INFO - Processing file: data\input\C31.9.txt
2025-09-24 20:29:32,248 - INFO - Split into 7 chunks
2025-09-24 20:29:32,742 - INFO - Successfully processed data\input\C31.9.txt
2025-09-24 20:29:32,742 - INFO - Processing file: data\input\C32.1.txt
2025-09-24 20:29:32,762 - INFO - Split into 1 chunks
2025-09-24 20:29:32,794 - INFO - Successfully processed data\input\C32.1.txt
2025-09-24 20:29:32,794 - INFO - Processing file: data\input\C32.2.1.txt
2025-09-24 20:29:32,809 - INFO - Split into 1 chunks
2025-09-24 20:29:32,858 - INFO - Successfully processed data\input\C32.2.1.txt
2025-09-24 20:29:32,858 - INFO - Processing file: data\input\C32.2.2.txt
2025-09-24 20:29:32,864 - INFO - Split into 1 chunks
2025-09-24 20:29:32,901 - INFO - Successfully processed data\input\C32.2.2.txt
2025-09-24 20:29:32,903 - INFO - Processing file: data\input\C32.3.1.txt
2025-09-24 20:29:32,913 - INFO - Split into 1 chunks
2025-09-24 20:29:32,945 - INFO - Successfully processed data\input\C32.3.1.txt
2025-09-24 20:29:32,945 - INFO - Processing file: data\input\C32.3.2.txt
2025-09-24 20:29:32,955 - INFO - Split into 1 chunks
2025-09-24 20:29:32,995 - INFO - Successfully processed data\input\C32.3.2.txt
2025-09-24 20:29:32,995 - INFO - Processing file: data\input\C32.4.1.txt
2025-09-24 20:29:33,015 - INFO - Split into 1 chunks
2025-09-24 20:29:33,046 - INFO - Successfully processed data\input\C32.4.1.txt
2025-09-24 20:29:33,046 - INFO - Processing file: data\input\C32.4.2.txt
2025-09-24 20:29:33,056 - INFO - Split into 1 chunks
2025-09-24 20:29:33,096 - INFO - Successfully processed data\input\C32.4.2.txt
2025-09-24 20:29:33,096 - INFO - Processing file: data\input\C32.5.1.txt
2025-09-24 20:29:33,117 - INFO - Split into 1 chunks
2025-09-24 20:29:33,188 - INFO - Successfully processed data\input\C32.5.1.txt
2025-09-24 20:29:33,188 - INFO - Processing file: data\input\C32.5.2.txt
2025-09-24 20:29:33,200 - INFO - Split into 1 chunks
2025-09-24 20:29:33,238 - INFO - Successfully processed data\input\C32.5.2.txt
2025-09-24 20:29:33,238 - INFO - Processing file: data\input\C33.1.txt
2025-09-24 20:29:33,248 - INFO - Split into 1 chunks
2025-09-24 20:29:33,331 - INFO - Successfully processed data\input\C33.1.txt
2025-09-24 20:29:33,331 - INFO - Processing file: data\input\C33.2.txt
2025-09-24 20:29:33,348 - INFO - Split into 2 chunks
2025-09-24 20:29:33,445 - INFO - Successfully processed data\input\C33.2.txt
2025-09-24 20:29:33,445 - INFO - Processing file: data\input\C33.3.txt
2025-09-24 20:29:33,466 - INFO - Split into 1 chunks
2025-09-24 20:29:33,506 - INFO - Successfully processed data\input\C33.3.txt
2025-09-24 20:29:33,506 - INFO - Processing file: data\input\C33.4.txt
2025-09-24 20:29:33,516 - INFO - Split into 1 chunks
2025-09-24 20:29:33,555 - INFO - Successfully processed data\input\C33.4.txt
2025-09-24 20:29:33,557 - INFO - Processing file: data\input\C33.5.txt
2025-09-24 20:29:33,571 - INFO - Split into 1 chunks
2025-09-24 20:29:33,611 - INFO - Successfully processed data\input\C33.5.txt
2025-09-24 20:29:33,611 - INFO - Processing file: data\input\C34.txt
2025-09-24 20:29:33,627 - INFO - Split into 1 chunks
2025-09-24 20:29:33,658 - INFO - Successfully processed data\input\C34.txt
2025-09-24 20:29:33,658 - INFO - Processing file: data\input\C35.txt
2025-09-24 20:29:33,665 - INFO - Split into 1 chunks
2025-09-24 20:29:33,699 - INFO - Successfully processed data\input\C35.txt
2025-09-24 20:29:33,699 - INFO - Processing file: data\input\C36.txt
2025-09-24 20:29:33,706 - INFO - Split into 2 chunks
2025-09-24 20:29:33,821 - INFO - Successfully processed data\input\C36.txt
2025-09-24 20:29:33,821 - INFO - Processing file: data\input\C37.txt
2025-09-24 20:29:33,830 - INFO - Split into 1 chunks
2025-09-24 20:29:33,861 - INFO - Successfully processed data\input\C37.txt
2025-09-24 20:29:33,863 - INFO - Processing file: data\input\C38.txt
2025-09-24 20:29:33,867 - INFO - Split into 1 chunks
2025-09-24 20:29:33,892 - INFO - Successfully processed data\input\C38.txt
2025-09-24 20:29:33,892 - INFO - Processing file: data\input\C39.1.txt
2025-09-24 20:29:33,909 - INFO - Split into 1 chunks
2025-09-24 20:29:33,959 - INFO - Successfully processed data\input\C39.1.txt
2025-09-24 20:29:33,959 - INFO - Processing file: data\input\C39.2.txt
2025-09-24 20:29:33,964 - INFO - Split into 1 chunks
2025-09-24 20:29:33,995 - INFO - Successfully processed data\input\C39.2.txt
2025-09-24 20:29:33,995 - INFO - Processing file: data\input\C4.txt
2025-09-24 20:29:34,056 - INFO - Split into 38 chunks
2025-09-24 20:29:36,956 - INFO - Successfully processed data\input\C4.txt
2025-09-24 20:29:36,956 - INFO - Processing file: data\input\C40.txt
2025-09-24 20:29:36,976 - INFO - Split into 1 chunks
2025-09-24 20:29:37,031 - INFO - Successfully processed data\input\C40.txt
2025-09-24 20:29:37,033 - INFO - Processing file: data\input\C41.txt
2025-09-24 20:29:37,055 - INFO - Split into 1 chunks
2025-09-24 20:29:37,097 - INFO - Successfully processed data\input\C41.txt
2025-09-24 20:29:37,104 - INFO - Processing file: data\input\C42.txt
2025-09-24 20:29:37,118 - INFO - Split into 1 chunks
2025-09-24 20:29:37,163 - INFO - Successfully processed data\input\C42.txt
2025-09-24 20:29:37,164 - INFO - Processing file: data\input\C43.txt
2025-09-24 20:29:37,174 - INFO - Split into 1 chunks
2025-09-24 20:29:37,225 - INFO - Successfully processed data\input\C43.txt
2025-09-24 20:29:37,225 - INFO - Processing file: data\input\C44.1.txt
2025-09-24 20:29:37,243 - INFO - Split into 1 chunks
2025-09-24 20:29:37,288 - INFO - Successfully processed data\input\C44.1.txt
2025-09-24 20:29:37,288 - INFO - Processing file: data\input\C45.1.1.txt
2025-09-24 20:29:37,337 - INFO - Split into 1 chunks
2025-09-24 20:29:37,383 - INFO - Successfully processed data\input\C45.1.1.txt
2025-09-24 20:29:37,383 - INFO - Processing file: data\input\C45.1.2.txt
2025-09-24 20:29:37,408 - INFO - Split into 7 chunks
2025-09-24 20:29:37,890 - INFO - Successfully processed data\input\C45.1.2.txt
2025-09-24 20:29:37,893 - INFO - Processing file: data\input\C45.2.txt
2025-09-24 20:29:37,900 - INFO - Split into 1 chunks
2025-09-24 20:29:37,929 - INFO - Successfully processed data\input\C45.2.txt
2025-09-24 20:29:37,939 - INFO - Processing file: data\input\C45.3.txt
2025-09-24 20:29:37,949 - INFO - Split into 1 chunks
2025-09-24 20:29:37,987 - INFO - Successfully processed data\input\C45.3.txt
2025-09-24 20:29:37,987 - INFO - Processing file: data\input\C45.4.txt
2025-09-24 20:29:38,000 - INFO - Split into 1 chunks
2025-09-24 20:29:38,034 - INFO - Successfully processed data\input\C45.4.txt
2025-09-24 20:29:38,034 - INFO - Processing file: data\input\C46.txt
2025-09-24 20:29:38,047 - INFO - Split into 1 chunks
2025-09-24 20:29:38,084 - INFO - Successfully processed data\input\C46.txt
2025-09-24 20:29:38,084 - INFO - Processing file: data\input\C47.1.txt
2025-09-24 20:29:38,102 - INFO - Split into 3 chunks
2025-09-24 20:29:38,306 - INFO - Successfully processed data\input\C47.1.txt
2025-09-24 20:29:38,308 - INFO - Processing file: data\input\C47.2.txt
2025-09-24 20:29:38,318 - INFO - Split into 1 chunks
2025-09-24 20:29:38,352 - INFO - Successfully processed data\input\C47.2.txt
2025-09-24 20:29:38,352 - INFO - Processing file: data\input\C47.3.txt
2025-09-24 20:29:38,370 - INFO - Split into 1 chunks
2025-09-24 20:29:38,407 - INFO - Successfully processed data\input\C47.3.txt
2025-09-24 20:29:38,411 - INFO - Processing file: data\input\C47.4.txt
2025-09-24 20:29:38,429 - INFO - Split into 1 chunks
2025-09-24 20:29:38,484 - INFO - Successfully processed data\input\C47.4.txt
2025-09-24 20:29:38,486 - INFO - Processing file: data\input\C47.5.txt
2025-09-24 20:29:38,490 - INFO - Split into 1 chunks
2025-09-24 20:29:38,526 - INFO - Successfully processed data\input\C47.5.txt
2025-09-24 20:29:38,526 - INFO - Processing file: data\input\C47.6.txt
2025-09-24 20:29:38,539 - INFO - Split into 1 chunks
2025-09-24 20:29:38,571 - INFO - Successfully processed data\input\C47.6.txt
2025-09-24 20:29:38,571 - INFO - Processing file: data\input\C47.7.txt
2025-09-24 20:29:38,583 - INFO - Split into 1 chunks
2025-09-24 20:29:38,620 - INFO - Successfully processed data\input\C47.7.txt
2025-09-24 20:29:38,622 - INFO - Processing file: data\input\C48.1.txt
2025-09-24 20:29:38,626 - INFO - Split into 1 chunks
2025-09-24 20:29:38,664 - INFO - Successfully processed data\input\C48.1.txt
2025-09-24 20:29:38,666 - INFO - Processing file: data\input\C48.2.txt
2025-09-24 20:29:38,666 - INFO - Split into 1 chunks
2025-09-24 20:29:38,708 - INFO - Successfully processed data\input\C48.2.txt
2025-09-24 20:29:38,708 - INFO - Processing file: data\input\C48.3.txt
2025-09-24 20:29:38,720 - INFO - Split into 1 chunks
2025-09-24 20:29:38,760 - INFO - Successfully processed data\input\C48.3.txt
2025-09-24 20:29:38,760 - INFO - Processing file: data\input\C49.txt
2025-09-24 20:29:38,806 - INFO - Split into 21 chunks
2025-09-24 20:29:40,318 - INFO - Successfully processed data\input\C49.txt
2025-09-24 20:29:40,318 - INFO - Processing file: data\input\C5.txt
2025-09-24 20:29:40,335 - INFO - Split into 5 chunks
2025-09-24 20:29:40,718 - INFO - Successfully processed data\input\C5.txt
2025-09-24 20:29:40,718 - INFO - Processing file: data\input\C50.1.1.txt
2025-09-24 20:29:40,730 - INFO - Split into 1 chunks
2025-09-24 20:29:40,775 - INFO - Successfully processed data\input\C50.1.1.txt
2025-09-24 20:29:40,775 - INFO - Processing file: data\input\C50.1.2.txt
2025-09-24 20:29:40,809 - INFO - Split into 12 chunks
2025-09-24 20:29:41,686 - INFO - Successfully processed data\input\C50.1.2.txt
2025-09-24 20:29:41,688 - INFO - Processing file: data\input\C50.1.3.txt
2025-09-24 20:29:41,691 - INFO - Split into 1 chunks
2025-09-24 20:29:41,729 - INFO - Successfully processed data\input\C50.1.3.txt
2025-09-24 20:29:41,731 - INFO - Processing file: data\input\C50.2.txt
2025-09-24 20:29:41,739 - INFO - Split into 1 chunks
2025-09-24 20:29:41,782 - INFO - Successfully processed data\input\C50.2.txt
2025-09-24 20:29:41,782 - INFO - Processing file: data\input\C51.1.1.txt
2025-09-24 20:29:41,784 - INFO - Split into 1 chunks
2025-09-24 20:29:41,844 - INFO - Successfully processed data\input\C51.1.1.txt
2025-09-24 20:29:41,844 - INFO - Processing file: data\input\C51.1.txt
2025-09-24 20:29:41,844 - INFO - Split into 2 chunks
2025-09-24 20:29:41,953 - INFO - Successfully processed data\input\C51.1.txt
2025-09-24 20:29:41,953 - INFO - Processing file: data\input\C51.2.txt
2025-09-24 20:29:41,971 - INFO - Split into 1 chunks
2025-09-24 20:29:42,044 - INFO - Successfully processed data\input\C51.2.txt
2025-09-24 20:29:42,044 - INFO - Processing file: data\input\C51.3.txt
2025-09-24 20:29:42,050 - INFO - Split into 1 chunks
2025-09-24 20:29:42,084 - INFO - Successfully processed data\input\C51.3.txt
2025-09-24 20:29:42,084 - INFO - Processing file: data\input\C51.4.1.txt
2025-09-24 20:29:42,094 - INFO - Split into 1 chunks
2025-09-24 20:29:42,142 - INFO - Successfully processed data\input\C51.4.1.txt
2025-09-24 20:29:42,144 - INFO - Processing file: data\input\C51.4.2.txt
2025-09-24 20:29:42,164 - INFO - Split into 1 chunks
2025-09-24 20:29:42,225 - INFO - Successfully processed data\input\C51.4.2.txt
2025-09-24 20:29:42,225 - INFO - Processing file: data\input\C51.4.3.txt
2025-09-24 20:29:42,558 - INFO - Split into 1 chunks
2025-09-24 20:29:42,597 - INFO - Successfully processed data\input\C51.4.3.txt
2025-09-24 20:29:42,597 - INFO - Processing file: data\input\C52.txt
2025-09-24 20:29:42,601 - INFO - Split into 1 chunks
2025-09-24 20:29:42,636 - INFO - Successfully processed data\input\C52.txt
2025-09-24 20:29:42,638 - INFO - Processing file: data\input\C53.1.txt
2025-09-24 20:29:42,650 - INFO - Split into 1 chunks
2025-09-24 20:29:42,680 - INFO - Successfully processed data\input\C53.1.txt
2025-09-24 20:29:42,680 - INFO - Processing file: data\input\C53.2.txt
2025-09-24 20:29:42,680 - INFO - Split into 2 chunks
2025-09-24 20:29:42,809 - INFO - Successfully processed data\input\C53.2.txt
2025-09-24 20:29:42,809 - INFO - Processing file: data\input\C53.3.txt
2025-09-24 20:29:42,823 - INFO - Split into 1 chunks
2025-09-24 20:29:42,854 - INFO - Successfully processed data\input\C53.3.txt
2025-09-24 20:29:42,858 - INFO - Processing file: data\input\C53.4.txt
2025-09-24 20:29:42,870 - INFO - Split into 1 chunks
2025-09-24 20:29:42,905 - INFO - Successfully processed data\input\C53.4.txt
2025-09-24 20:29:42,905 - INFO - Processing file: data\input\C54.txt
2025-09-24 20:29:42,905 - INFO - Split into 3 chunks
2025-09-24 20:29:43,091 - INFO - Successfully processed data\input\C54.txt
2025-09-24 20:29:43,091 - INFO - Processing file: data\input\C55.1.txt
2025-09-24 20:29:43,105 - INFO - Split into 1 chunks
2025-09-24 20:29:43,136 - INFO - Successfully processed data\input\C55.1.txt
2025-09-24 20:29:43,136 - INFO - Processing file: data\input\C55.2.txt
2025-09-24 20:29:43,150 - INFO - Split into 2 chunks
2025-09-24 20:29:43,300 - INFO - Successfully processed data\input\C55.2.txt
2025-09-24 20:29:43,300 - INFO - Processing file: data\input\C56.txt
2025-09-24 20:29:43,316 - INFO - Split into 1 chunks
2025-09-24 20:29:43,350 - INFO - Successfully processed data\input\C56.txt
2025-09-24 20:29:43,352 - INFO - Processing file: data\input\C57.txt
2025-09-24 20:29:43,362 - INFO - Split into 1 chunks
2025-09-24 20:29:43,392 - INFO - Successfully processed data\input\C57.txt
2025-09-24 20:29:43,392 - INFO - Processing file: data\input\C58.txt
2025-09-24 20:29:43,397 - INFO - Split into 1 chunks
2025-09-24 20:29:43,434 - INFO - Successfully processed data\input\C58.txt
2025-09-24 20:29:43,434 - INFO - Processing file: data\input\C59.txt
2025-09-24 20:29:43,446 - INFO - Split into 1 chunks
2025-09-24 20:29:43,473 - INFO - Successfully processed data\input\C59.txt
2025-09-24 20:29:43,473 - INFO - Processing file: data\input\C6.txt
2025-09-24 20:29:43,492 - INFO - Split into 4 chunks
2025-09-24 20:29:43,786 - INFO - Successfully processed data\input\C6.txt
2025-09-24 20:29:43,789 - INFO - Processing file: data\input\C60.txt
2025-09-24 20:29:43,802 - INFO - Split into 1 chunks
2025-09-24 20:29:43,831 - INFO - Successfully processed data\input\C60.txt
2025-09-24 20:29:43,836 - INFO - Processing file: data\input\C61.txt
2025-09-24 20:29:43,846 - INFO - Split into 1 chunks
2025-09-24 20:29:43,876 - INFO - Successfully processed data\input\C61.txt
2025-09-24 20:29:43,876 - INFO - Processing file: data\input\C62.txt
2025-09-24 20:29:43,890 - INFO - Split into 1 chunks
2025-09-24 20:29:43,928 - INFO - Successfully processed data\input\C62.txt
2025-09-24 20:29:43,931 - INFO - Processing file: data\input\C63.txt
2025-09-24 20:29:43,943 - INFO - Split into 1 chunks
2025-09-24 20:29:43,982 - INFO - Successfully processed data\input\C63.txt
2025-09-24 20:29:43,982 - INFO - Processing file: data\input\C64.txt
2025-09-24 20:29:44,000 - INFO - Split into 1 chunks
2025-09-24 20:29:44,043 - INFO - Successfully processed data\input\C64.txt
2025-09-24 20:29:44,043 - INFO - Processing file: data\input\C65.txt
2025-09-24 20:29:44,058 - INFO - Split into 1 chunks
2025-09-24 20:29:44,091 - INFO - Successfully processed data\input\C65.txt
2025-09-24 20:29:44,091 - INFO - Processing file: data\input\C66.1.txt
2025-09-24 20:29:44,103 - INFO - Split into 1 chunks
2025-09-24 20:29:44,136 - INFO - Successfully processed data\input\C66.1.txt
2025-09-24 20:29:44,136 - INFO - Processing file: data\input\C66.2.txt
2025-09-24 20:29:44,147 - INFO - Split into 1 chunks
2025-09-24 20:29:44,175 - INFO - Successfully processed data\input\C66.2.txt
2025-09-24 20:29:44,175 - INFO - Processing file: data\input\C66.3.txt
2025-09-24 20:29:44,185 - INFO - Split into 1 chunks
2025-09-24 20:29:44,226 - INFO - Successfully processed data\input\C66.3.txt
2025-09-24 20:29:44,226 - INFO - Processing file: data\input\C66.4.1.txt
2025-09-24 20:29:44,240 - INFO - Split into 1 chunks
2025-09-24 20:29:44,277 - INFO - Successfully processed data\input\C66.4.1.txt
2025-09-24 20:29:44,277 - INFO - Processing file: data\input\C66.4.2.txt
2025-09-24 20:29:44,287 - INFO - Split into 1 chunks
2025-09-24 20:29:44,329 - INFO - Successfully processed data\input\C66.4.2.txt
2025-09-24 20:29:44,329 - INFO - Processing file: data\input\C67.txt
2025-09-24 20:29:44,339 - INFO - Split into 1 chunks
2025-09-24 20:29:44,370 - INFO - Successfully processed data\input\C67.txt
2025-09-24 20:29:44,370 - INFO - Processing file: data\input\C68.1.txt
2025-09-24 20:29:44,380 - INFO - Split into 1 chunks
2025-09-24 20:29:44,410 - INFO - Successfully processed data\input\C68.1.txt
2025-09-24 20:29:44,410 - INFO - Processing file: data\input\C68.2.txt
2025-09-24 20:29:44,422 - INFO - Split into 1 chunks
2025-09-24 20:29:44,450 - INFO - Successfully processed data\input\C68.2.txt
2025-09-24 20:29:44,450 - INFO - Processing file: data\input\C69.1.txt
2025-09-24 20:29:44,460 - INFO - Split into 1 chunks
2025-09-24 20:29:44,497 - INFO - Successfully processed data\input\C69.1.txt
2025-09-24 20:29:44,497 - INFO - Processing file: data\input\C69.2.txt
2025-09-24 20:29:44,503 - INFO - Split into 1 chunks
2025-09-24 20:29:44,536 - INFO - Successfully processed data\input\C69.2.txt
2025-09-24 20:29:44,536 - INFO - Processing file: data\input\C7.1.txt
2025-09-24 20:29:44,749 - INFO - Split into 184 chunks
2025-09-24 20:29:58,926 - INFO - Successfully processed data\input\C7.1.txt
2025-09-24 20:29:58,926 - INFO - Processing file: data\input\C7.10.txt
2025-09-24 20:29:59,119 - INFO - Split into 178 chunks
2025-09-24 20:30:13,172 - INFO - Successfully processed data\input\C7.10.txt
2025-09-24 20:30:13,172 - INFO - Processing file: data\input\C7.11.txt
2025-09-24 20:30:13,376 - INFO - Split into 181 chunks
2025-09-24 20:30:27,810 - INFO - Successfully processed data\input\C7.11.txt
2025-09-24 20:30:27,810 - INFO - Processing file: data\input\C7.12.txt
2025-09-24 20:30:27,984 - INFO - Split into 174 chunks
2025-09-24 20:30:41,512 - INFO - Successfully processed data\input\C7.12.txt
2025-09-24 20:30:41,512 - INFO - Processing file: data\input\C7.13.txt
2025-09-24 20:30:41,692 - INFO - Split into 172 chunks
2025-09-24 20:30:55,211 - INFO - Successfully processed data\input\C7.13.txt
2025-09-24 20:30:55,211 - INFO - Processing file: data\input\C7.2.1.txt
2025-09-24 20:30:55,217 - INFO - Split into 1 chunks
2025-09-24 20:30:55,288 - INFO - Successfully processed data\input\C7.2.1.txt
2025-09-24 20:30:55,288 - INFO - Processing file: data\input\C7.2.2.txt
2025-09-24 20:30:55,302 - INFO - Split into 1 chunks
2025-09-24 20:30:55,344 - INFO - Successfully processed data\input\C7.2.2.txt
2025-09-24 20:30:55,344 - INFO - Processing file: data\input\C7.3.txt
2025-09-24 20:30:55,580 - INFO - Split into 181 chunks
2025-09-24 20:31:09,770 - INFO - Successfully processed data\input\C7.3.txt
2025-09-24 20:31:09,770 - INFO - Processing file: data\input\C7.4.txt
2025-09-24 20:31:09,821 - INFO - Split into 33 chunks
2025-09-24 20:31:12,321 - INFO - Successfully processed data\input\C7.4.txt
2025-09-24 20:31:12,321 - INFO - Processing file: data\input\C7.5.txt
2025-09-24 20:31:12,517 - INFO - Split into 180 chunks
2025-09-24 20:31:26,537 - INFO - Successfully processed data\input\C7.5.txt
2025-09-24 20:31:26,537 - INFO - Processing file: data\input\C7.6.txt
2025-09-24 20:31:26,687 - INFO - Split into 172 chunks
2025-09-24 20:31:37,683 - INFO - Successfully processed data\input\C7.6.txt
2025-09-24 20:31:37,683 - INFO - Processing file: data\input\C7.7.txt
2025-09-24 20:31:37,998 - INFO - Split into 179 chunks
2025-09-24 20:31:52,000 - INFO - Successfully processed data\input\C7.7.txt
2025-09-24 20:31:52,000 - INFO - Processing file: data\input\C7.8.txt
2025-09-24 20:31:52,190 - INFO - Split into 177 chunks
2025-09-24 20:32:06,032 - INFO - Successfully processed data\input\C7.8.txt
2025-09-24 20:32:06,032 - INFO - Processing file: data\input\C7.9.1.1.txt
2025-09-24 20:32:06,049 - INFO - Split into 1 chunks
2025-09-24 20:32:06,116 - INFO - Successfully processed data\input\C7.9.1.1.txt
2025-09-24 20:32:06,116 - INFO - Processing file: data\input\C7.9.txt
2025-09-24 20:32:06,321 - INFO - Split into 176 chunks
2025-09-24 20:32:20,230 - INFO - Successfully processed data\input\C7.9.txt
2025-09-24 20:32:20,231 - INFO - Processing file: data\input\C70.1.txt
2025-09-24 20:32:20,267 - INFO - Split into 1 chunks
2025-09-24 20:32:20,309 - INFO - Successfully processed data\input\C70.1.txt
2025-09-24 20:32:20,312 - INFO - Processing file: data\input\C70.2.txt
2025-09-24 20:32:20,343 - INFO - Split into 2 chunks
2025-09-24 20:32:20,460 - INFO - Successfully processed data\input\C70.2.txt
2025-09-24 20:32:20,460 - INFO - Processing file: data\input\C71.1.txt
2025-09-24 20:32:20,483 - INFO - Split into 1 chunks
2025-09-24 20:32:20,521 - INFO - Successfully processed data\input\C71.1.txt
2025-09-24 20:32:20,522 - INFO - Processing file: data\input\C71.2.1.txt
2025-09-24 20:32:20,549 - INFO - Split into 1 chunks
2025-09-24 20:32:20,606 - INFO - Successfully processed data\input\C71.2.1.txt
2025-09-24 20:32:20,607 - INFO - Processing file: data\input\C71.2.2.txt
2025-09-24 20:32:20,640 - INFO - Split into 1 chunks
2025-09-24 20:32:20,696 - INFO - Successfully processed data\input\C71.2.2.txt
2025-09-24 20:32:20,697 - INFO - Processing file: data\input\C71.2.3.txt
2025-09-24 20:32:20,737 - INFO - Split into 1 chunks
2025-09-24 20:32:20,818 - INFO - Successfully processed data\input\C71.2.3.txt
2025-09-24 20:32:20,820 - INFO - Processing file: data\input\C71.2.4.txt
2025-09-24 20:32:20,844 - INFO - Split into 1 chunks
2025-09-24 20:32:20,899 - INFO - Successfully processed data\input\C71.2.4.txt
2025-09-24 20:32:20,901 - INFO - Processing file: data\input\C72.txt
2025-09-24 20:32:20,925 - INFO - Split into 1 chunks
2025-09-24 20:32:20,969 - INFO - Successfully processed data\input\C72.txt
2025-09-24 20:32:20,969 - INFO - Processing file: data\input\C73.1.txt
2025-09-24 20:32:20,973 - INFO - Split into 1 chunks
2025-09-24 20:32:21,023 - INFO - Successfully processed data\input\C73.1.txt
2025-09-24 20:32:21,023 - INFO - Processing file: data\input\C73.2.txt
2025-09-24 20:32:21,047 - INFO - Split into 1 chunks
2025-09-24 20:32:21,084 - INFO - Successfully processed data\input\C73.2.txt
2025-09-24 20:32:21,085 - INFO - Processing file: data\input\C74.1.txt
2025-09-24 20:32:21,100 - INFO - Split into 1 chunks
2025-09-24 20:32:21,138 - INFO - Successfully processed data\input\C74.1.txt
2025-09-24 20:32:21,139 - INFO - Processing file: data\input\C74.2.txt
2025-09-24 20:32:21,155 - INFO - Split into 1 chunks
2025-09-24 20:32:21,196 - INFO - Successfully processed data\input\C74.2.txt
2025-09-24 20:32:21,197 - INFO - Processing file: data\input\C75.txt
2025-09-24 20:32:21,210 - INFO - Split into 1 chunks
2025-09-24 20:32:21,248 - INFO - Successfully processed data\input\C75.txt
2025-09-24 20:32:21,249 - INFO - Processing file: data\input\C76.txt
2025-09-24 20:32:21,268 - INFO - Split into 1 chunks
2025-09-24 20:32:21,306 - INFO - Successfully processed data\input\C76.txt
2025-09-24 20:32:21,307 - INFO - Processing file: data\input\C77.1.txt
2025-09-24 20:32:21,328 - INFO - Split into 1 chunks
2025-09-24 20:32:21,361 - INFO - Successfully processed data\input\C77.1.txt
2025-09-24 20:32:21,361 - INFO - Processing file: data\input\C77.2.txt
2025-09-24 20:32:21,365 - INFO - Split into 1 chunks
2025-09-24 20:32:21,407 - INFO - Successfully processed data\input\C77.2.txt
2025-09-24 20:32:21,408 - INFO - Processing file: data\input\C78.1.txt
2025-09-24 20:32:21,423 - INFO - Split into 1 chunks
2025-09-24 20:32:21,459 - INFO - Successfully processed data\input\C78.1.txt
2025-09-24 20:32:21,460 - INFO - Processing file: data\input\C78.2.txt
2025-09-24 20:32:21,473 - INFO - Split into 1 chunks
2025-09-24 20:32:21,509 - INFO - Successfully processed data\input\C78.2.txt
2025-09-24 20:32:21,510 - INFO - Processing file: data\input\C78.3.txt
2025-09-24 20:32:21,529 - INFO - Split into 1 chunks
2025-09-24 20:32:21,576 - INFO - Successfully processed data\input\C78.3.txt
2025-09-24 20:32:21,577 - INFO - Processing file: data\input\C78.4.txt
2025-09-24 20:32:21,601 - INFO - Split into 1 chunks
2025-09-24 20:32:21,658 - INFO - Successfully processed data\input\C78.4.txt
2025-09-24 20:32:21,658 - INFO - Processing file: data\input\C79.txt
2025-09-24 20:32:21,684 - INFO - Split into 1 chunks
2025-09-24 20:32:21,726 - INFO - Successfully processed data\input\C79.txt
2025-09-24 20:32:21,727 - INFO - Processing file: data\input\C8.1.1.txt
2025-09-24 20:32:22,004 - INFO - Split into 74 chunks
2025-09-24 20:32:27,647 - INFO - Successfully processed data\input\C8.1.1.txt
2025-09-24 20:32:27,647 - INFO - Processing file: data\input\C8.1.2.txt
2025-09-24 20:32:27,723 - INFO - Split into 47 chunks
2025-09-24 20:32:31,344 - INFO - Successfully processed data\input\C8.1.2.txt
2025-09-24 20:32:31,344 - INFO - Processing file: data\input\C8.1.3.txt
2025-09-24 20:32:31,437 - INFO - Split into 79 chunks
2025-09-24 20:32:37,606 - INFO - Successfully processed data\input\C8.1.3.txt
2025-09-24 20:32:37,606 - INFO - Processing file: data\input\C8.1.4.txt
2025-09-24 20:32:37,697 - INFO - Split into 62 chunks
2025-09-24 20:32:42,465 - INFO - Successfully processed data\input\C8.1.4.txt
2025-09-24 20:32:42,465 - INFO - Processing file: data\input\C8.1.5.txt
2025-09-24 20:32:42,473 - INFO - Split into 1 chunks
2025-09-24 20:32:42,515 - INFO - Successfully processed data\input\C8.1.5.txt
2025-09-24 20:32:42,515 - INFO - Processing file: data\input\C8.1.6.txt
2025-09-24 20:32:42,519 - INFO - Split into 1 chunks
2025-09-24 20:32:42,563 - INFO - Successfully processed data\input\C8.1.6.txt
2025-09-24 20:32:42,563 - INFO - Processing file: data\input\C8.1.7.txt
2025-09-24 20:32:42,575 - INFO - Split into 1 chunks
2025-09-24 20:32:42,766 - INFO - Successfully processed data\input\C8.1.7.txt
2025-09-24 20:32:42,766 - INFO - Processing file: data\input\C8.1.8.txt
2025-09-24 20:32:42,781 - INFO - Split into 1 chunks
2025-09-24 20:32:42,819 - INFO - Successfully processed data\input\C8.1.8.txt
2025-09-24 20:32:42,819 - INFO - Processing file: data\input\C8.2.1.txt
2025-09-24 20:32:42,925 - INFO - Split into 73 chunks
2025-09-24 20:32:48,631 - INFO - Successfully processed data\input\C8.2.1.txt
2025-09-24 20:32:48,631 - INFO - Processing file: data\input\C8.2.2.txt
2025-09-24 20:32:48,692 - INFO - Split into 47 chunks
2025-09-24 20:32:52,259 - INFO - Successfully processed data\input\C8.2.2.txt
2025-09-24 20:32:52,260 - INFO - Processing file: data\input\C8.2.3.txt
2025-09-24 20:32:52,338 - INFO - Split into 61 chunks
2025-09-24 20:32:57,051 - INFO - Successfully processed data\input\C8.2.3.txt
2025-09-24 20:32:57,053 - INFO - Processing file: data\input\C8.2.4.txt
2025-09-24 20:32:57,151 - INFO - Split into 62 chunks
2025-09-24 20:33:01,967 - INFO - Successfully processed data\input\C8.2.4.txt
2025-09-24 20:33:01,967 - INFO - Processing file: data\input\C80.txt
2025-09-24 20:33:01,984 - INFO - Split into 1 chunks
2025-09-24 20:33:02,020 - INFO - Successfully processed data\input\C80.txt
2025-09-24 20:33:02,021 - INFO - Processing file: data\input\C81.txt
2025-09-24 20:33:02,025 - INFO - Split into 1 chunks
2025-09-24 20:33:02,102 - INFO - Successfully processed data\input\C81.txt
2025-09-24 20:33:02,102 - INFO - Processing file: data\input\C82.1.txt
2025-09-24 20:33:02,105 - INFO - Split into 1 chunks
2025-09-24 20:33:02,147 - INFO - Successfully processed data\input\C82.1.txt
2025-09-24 20:33:02,148 - INFO - Processing file: data\input\C82.2.txt
2025-09-24 20:33:02,163 - INFO - Split into 1 chunks
2025-09-24 20:33:02,326 - INFO - Successfully processed data\input\C82.2.txt
2025-09-24 20:33:02,339 - INFO - Processing file: data\input\C82.3.1.txt
2025-09-24 20:33:02,362 - INFO - Split into 1 chunks
2025-09-24 20:33:02,413 - INFO - Successfully processed data\input\C82.3.1.txt
2025-09-24 20:33:02,414 - INFO - Processing file: data\input\C82.3.2.txt
2025-09-24 20:33:02,420 - INFO - Split into 1 chunks
2025-09-24 20:33:02,463 - INFO - Successfully processed data\input\C82.3.2.txt
2025-09-24 20:33:02,464 - INFO - Processing file: data\input\C82.3.3.txt
2025-09-24 20:33:02,475 - INFO - Split into 1 chunks
2025-09-24 20:33:02,511 - INFO - Successfully processed data\input\C82.3.3.txt
2025-09-24 20:33:02,512 - INFO - Processing file: data\input\C82.3.4.txt
2025-09-24 20:33:02,516 - INFO - Split into 1 chunks
2025-09-24 20:33:02,560 - INFO - Successfully processed data\input\C82.3.4.txt
2025-09-24 20:33:02,560 - INFO - Processing file: data\input\C82.3.5.txt
2025-09-24 20:33:02,563 - INFO - Split into 1 chunks
2025-09-24 20:33:02,595 - INFO - Successfully processed data\input\C82.3.5.txt
2025-09-24 20:33:02,596 - INFO - Processing file: data\input\C82.3.6.txt
2025-09-24 20:33:02,611 - INFO - Split into 1 chunks
2025-09-24 20:33:02,644 - INFO - Successfully processed data\input\C82.3.6.txt
2025-09-24 20:33:02,645 - INFO - Processing file: data\input\C82.4.txt
2025-09-24 20:33:02,658 - INFO - Split into 1 chunks
2025-09-24 20:33:02,691 - INFO - Successfully processed data\input\C82.4.txt
2025-09-24 20:33:02,692 - INFO - Processing file: data\input\C82.5.txt
2025-09-24 20:33:02,704 - INFO - Split into 1 chunks
2025-09-24 20:33:02,739 - INFO - Successfully processed data\input\C82.5.txt
2025-09-24 20:33:02,740 - INFO - Processing file: data\input\C83.txt
2025-09-24 20:33:02,758 - INFO - Split into 2 chunks
2025-09-24 20:33:02,900 - INFO - Successfully processed data\input\C83.txt
2025-09-24 20:33:02,901 - INFO - Processing file: data\input\C84.txt
2025-09-24 20:33:02,911 - INFO - Split into 1 chunks
2025-09-24 20:33:02,955 - INFO - Successfully processed data\input\C84.txt
2025-09-24 20:33:02,957 - INFO - Processing file: data\input\C85.txt
2025-09-24 20:33:02,969 - INFO - Split into 1 chunks
2025-09-24 20:33:03,000 - INFO - Successfully processed data\input\C85.txt
2025-09-24 20:33:03,000 - INFO - Processing file: data\input\C86.txt
2025-09-24 20:33:03,012 - INFO - Split into 1 chunks
2025-09-24 20:33:03,043 - INFO - Successfully processed data\input\C86.txt
2025-09-24 20:33:03,044 - INFO - Processing file: data\input\C87.txt
2025-09-24 20:33:03,054 - INFO - Split into 1 chunks
2025-09-24 20:33:03,090 - INFO - Successfully processed data\input\C87.txt
2025-09-24 20:33:03,090 - INFO - Processing file: data\input\C88.txt
2025-09-24 20:33:03,102 - INFO - Split into 1 chunks
2025-09-24 20:33:03,153 - INFO - Successfully processed data\input\C88.txt
2025-09-24 20:33:03,154 - INFO - Processing file: data\input\C89.1.txt
2025-09-24 20:33:03,169 - INFO - Split into 1 chunks
2025-09-24 20:33:03,200 - INFO - Successfully processed data\input\C89.1.txt
2025-09-24 20:33:03,200 - INFO - Processing file: data\input\C89.2.txt
2025-09-24 20:33:03,212 - INFO - Split into 1 chunks
2025-09-24 20:33:03,245 - INFO - Successfully processed data\input\C89.2.txt
2025-09-24 20:33:03,245 - INFO - Processing file: data\input\C89.3.txt
2025-09-24 20:33:03,257 - INFO - Split into 1 chunks
2025-09-24 20:33:03,297 - INFO - Successfully processed data\input\C89.3.txt
2025-09-24 20:33:03,298 - INFO - Processing file: data\input\C89.4.txt
2025-09-24 20:33:03,310 - INFO - Split into 1 chunks
2025-09-24 20:33:03,338 - INFO - Successfully processed data\input\C89.4.txt
2025-09-24 20:33:03,340 - INFO - Processing file: data\input\C89.5.txt
2025-09-24 20:33:03,343 - INFO - Split into 1 chunks
2025-09-24 20:33:03,376 - INFO - Successfully processed data\input\C89.5.txt
2025-09-24 20:33:03,378 - INFO - Processing file: data\input\C9.1.txt
2025-09-24 20:33:03,413 - INFO - Split into 15 chunks
2025-09-24 20:33:04,541 - INFO - Successfully processed data\input\C9.1.txt
2025-09-24 20:33:04,541 - INFO - Processing file: data\input\C90.txt
2025-09-24 20:33:04,556 - INFO - Split into 1 chunks
2025-09-24 20:33:04,592 - INFO - Successfully processed data\input\C90.txt
2025-09-24 20:33:04,593 - INFO - Processing file: data\input\C91.1.txt
2025-09-24 20:33:04,596 - INFO - Split into 1 chunks
2025-09-24 20:33:04,633 - INFO - Successfully processed data\input\C91.1.txt
2025-09-24 20:33:04,633 - INFO - Processing file: data\input\C91.2.txt
2025-09-24 20:33:04,647 - INFO - Split into 1 chunks
2025-09-24 20:33:04,683 - INFO - Successfully processed data\input\C91.2.txt
2025-09-24 20:33:04,684 - INFO - Processing file: data\input\C91.3.txt
2025-09-24 20:33:04,696 - INFO - Split into 1 chunks
2025-09-24 20:33:04,732 - INFO - Successfully processed data\input\C91.3.txt
2025-09-24 20:33:04,733 - INFO - Processing file: data\input\C91.4.txt
2025-09-24 20:33:04,752 - INFO - Split into 1 chunks
2025-09-24 20:33:04,802 - INFO - Successfully processed data\input\C91.4.txt
2025-09-24 20:33:04,802 - INFO - Processing file: data\input\C92.1.txt
2025-09-24 20:33:04,805 - INFO - Split into 1 chunks
2025-09-24 20:33:04,841 - INFO - Successfully processed data\input\C92.1.txt
2025-09-24 20:33:04,841 - INFO - Processing file: data\input\C92.2.txt
2025-09-24 20:33:04,856 - INFO - Split into 1 chunks
2025-09-24 20:33:04,891 - INFO - Successfully processed data\input\C92.2.txt
2025-09-24 20:33:04,891 - INFO - Processing file: data\input\C93.1.txt
2025-09-24 20:33:04,906 - INFO - Split into 1 chunks
2025-09-24 20:33:04,956 - INFO - Successfully processed data\input\C93.1.txt
2025-09-24 20:33:04,956 - INFO - Processing file: data\input\C93.2.txt
2025-09-24 20:33:04,970 - INFO - Split into 1 chunks
2025-09-24 20:33:05,003 - INFO - Successfully processed data\input\C93.2.txt
2025-09-24 20:33:05,003 - INFO - Processing file: data\input\C94.1.txt
2025-09-24 20:33:05,065 - INFO - Split into 20 chunks
2025-09-24 20:33:06,629 - INFO - Successfully processed data\input\C94.1.txt
2025-09-24 20:33:06,630 - INFO - Processing file: data\input\C94.2.txt
2025-09-24 20:33:06,633 - INFO - Split into 1 chunks
2025-09-24 20:33:06,666 - INFO - Successfully processed data\input\C94.2.txt
2025-09-24 20:33:06,666 - INFO - Processing file: data\input\C94.3.txt
2025-09-24 20:33:06,677 - INFO - Split into 1 chunks
2025-09-24 20:33:06,709 - INFO - Successfully processed data\input\C94.3.txt
2025-09-24 20:33:06,709 - INFO - Processing file: data\input\C94.4.2.txt
2025-09-24 20:33:06,727 - INFO - Split into 2 chunks
2025-09-24 20:33:06,854 - INFO - Successfully processed data\input\C94.4.2.txt
2025-09-24 20:33:06,854 - INFO - Processing file: data\input\C94.4.txt
2025-09-24 20:33:06,870 - INFO - Split into 1 chunks
2025-09-24 20:33:06,930 - INFO - Successfully processed data\input\C94.4.txt
2025-09-24 20:33:06,931 - INFO - Processing file: data\input\C94.5.txt
2025-09-24 20:33:06,944 - INFO - Split into 1 chunks
2025-09-24 20:33:06,978 - INFO - Successfully processed data\input\C94.5.txt
2025-09-24 20:33:06,978 - INFO - Processing file: data\input\C94.6.txt
2025-09-24 20:33:06,996 - INFO - Split into 2 chunks
2025-09-24 20:33:07,099 - INFO - Successfully processed data\input\C94.6.txt
2025-09-24 20:33:07,099 - INFO - Processing file: data\input\C94.7.txt
2025-09-24 20:33:07,113 - INFO - Split into 1 chunks
2025-09-24 20:33:07,142 - INFO - Successfully processed data\input\C94.7.txt
2025-09-24 20:33:07,144 - INFO - Processing file: data\input\C94.8.txt
2025-09-24 20:33:07,149 - INFO - Split into 1 chunks
2025-09-24 20:33:07,225 - INFO - Successfully processed data\input\C94.8.txt
2025-09-24 20:33:07,226 - INFO - Processing file: data\input\C94.9.txt
2025-09-24 20:33:07,242 - INFO - Split into 1 chunks
2025-09-24 20:33:07,270 - INFO - Successfully processed data\input\C94.9.txt
2025-09-24 20:33:07,270 - INFO - Processing file: data\input\C95.1.txt
2025-09-24 20:33:07,273 - INFO - Split into 1 chunks
2025-09-24 20:33:07,305 - INFO - Successfully processed data\input\C95.1.txt
2025-09-24 20:33:07,306 - INFO - Processing file: data\input\C95.2.txt
2025-09-24 20:33:07,323 - INFO - Split into 1 chunks
2025-09-24 20:33:07,386 - INFO - Successfully processed data\input\C95.2.txt
2025-09-24 20:33:07,386 - INFO - Processing file: data\input\C96.1.txt
2025-09-24 20:33:07,399 - INFO - Split into 1 chunks
2025-09-24 20:33:07,434 - INFO - Successfully processed data\input\C96.1.txt
2025-09-24 20:33:07,435 - INFO - Processing file: data\input\C96.2.txt
2025-09-24 20:33:07,449 - INFO - Split into 1 chunks
2025-09-24 20:33:07,481 - INFO - Successfully processed data\input\C96.2.txt
2025-09-24 20:33:07,482 - INFO - Processing file: data\input\C97.1.txt
2025-09-24 20:33:07,495 - INFO - Split into 1 chunks
2025-09-24 20:33:07,536 - INFO - Successfully processed data\input\C97.1.txt
2025-09-24 20:33:07,536 - INFO - Processing file: data\input\C97.2.1.txt
2025-09-24 20:33:07,569 - INFO - Split into 8 chunks
2025-09-24 20:33:08,203 - INFO - Successfully processed data\input\C97.2.1.txt
2025-09-24 20:33:08,204 - INFO - Processing file: data\input\C97.2.2.txt
2025-09-24 20:33:08,218 - INFO - Split into 1 chunks
2025-09-24 20:33:08,253 - INFO - Successfully processed data\input\C97.2.2.txt
2025-09-24 20:33:08,254 - INFO - Processing file: data\input\C97.2.3.txt
2025-09-24 20:33:08,271 - INFO - Split into 2 chunks
2025-09-24 20:33:08,407 - INFO - Successfully processed data\input\C97.2.3.txt
2025-09-24 20:33:08,408 - INFO - Processing file: data\input\C97.2.4.txt
2025-09-24 20:33:08,420 - INFO - Split into 1 chunks
2025-09-24 20:33:08,452 - INFO - Successfully processed data\input\C97.2.4.txt
2025-09-24 20:33:08,452 - INFO - Processing file: data\input\C97.3.txt
2025-09-24 20:33:08,481 - INFO - Split into 3 chunks
2025-09-24 20:33:08,682 - INFO - Successfully processed data\input\C97.3.txt
2025-09-24 20:33:08,684 - INFO - Processing file: data\input\C97.4.txt
2025-09-24 20:33:08,706 - INFO - Split into 1 chunks
2025-09-24 20:33:08,757 - INFO - Successfully processed data\input\C97.4.txt
2025-09-24 20:33:08,758 - INFO - Processing file: data\input\C97.5.txt
2025-09-24 20:33:08,776 - INFO - Split into 1 chunks
2025-09-24 20:33:08,821 - INFO - Successfully processed data\input\C97.5.txt
2025-09-24 20:33:08,823 - INFO - Processing file: data\input\C97.6.txt
2025-09-24 20:33:08,855 - INFO - Split into 2 chunks
2025-09-24 20:33:09,042 - INFO - Successfully processed data\input\C97.6.txt
2025-09-24 20:33:09,042 - INFO - Processing file: data\input\C98.1.txt
2025-09-24 20:33:09,055 - INFO - Split into 1 chunks
2025-09-24 20:33:09,084 - INFO - Successfully processed data\input\C98.1.txt
2025-09-24 20:33:09,085 - INFO - Processing file: data\input\C98.2.txt
2025-09-24 20:33:09,113 - INFO - Split into 1 chunks
2025-09-24 20:33:09,153 - INFO - Successfully processed data\input\C98.2.txt
2025-09-24 20:33:09,153 - INFO - Processing file: data\input\C99.1.txt
2025-09-24 20:33:09,170 - INFO - Split into 1 chunks
2025-09-24 20:33:09,203 - INFO - Successfully processed data\input\C99.1.txt
2025-09-24 20:33:09,205 - INFO - Processing file: data\input\C99.2.txt
2025-09-24 20:33:09,219 - INFO - Split into 1 chunks
2025-09-24 20:33:09,261 - INFO - Successfully processed data\input\C99.2.txt
2025-09-24 20:33:09,264 - INFO - Processing file: data\input\C99.3.txt
2025-09-24 20:33:09,286 - INFO - Split into 1 chunks
2025-09-24 20:33:09,319 - INFO - Successfully processed data\input\C99.3.txt
2025-09-24 20:33:09,320 - INFO - Processing file: data\input\C99.4.txt
2025-09-24 20:33:09,324 - INFO - Split into 1 chunks
2025-09-24 20:33:09,359 - INFO - Successfully processed data\input\C99.4.txt
2025-09-24 20:33:09,360 - INFO - Processing file: data\input\D1.1.txt
2025-09-24 20:33:09,369 - INFO - Split into 3 chunks
2025-09-24 20:33:09,558 - INFO - Successfully processed data\input\D1.1.txt
2025-09-24 20:33:09,560 - INFO - Processing file: data\input\D1.2.txt
2025-09-24 20:33:09,613 - INFO - Split into 21 chunks
2025-09-24 20:33:11,179 - INFO - Successfully processed data\input\D1.2.txt
2025-09-24 20:33:11,179 - INFO - Processing file: data\input\D1.3.txt
2025-09-24 20:33:11,192 - INFO - Split into 2 chunks
2025-09-24 20:33:11,312 - INFO - Successfully processed data\input\D1.3.txt
2025-09-24 20:33:11,313 - INFO - Processing file: data\input\D1.4.txt
2025-09-24 20:33:11,442 - INFO - Split into 28 chunks
2025-09-24 20:33:13,586 - INFO - Successfully processed data\input\D1.4.txt
2025-09-24 20:33:13,587 - INFO - Processing file: data\input\D1.5.txt
2025-09-24 20:33:13,602 - INFO - Split into 6 chunks
2025-09-24 20:33:14,013 - INFO - Successfully processed data\input\D1.5.txt
2025-09-24 20:33:14,013 - INFO - Processing file: data\input\D1.6.txt
2025-09-24 20:33:14,054 - INFO - Split into 17 chunks
2025-09-24 20:33:15,352 - INFO - Successfully processed data\input\D1.6.txt
2025-09-24 20:33:15,353 - INFO - Processing file: data\input\D1.7.txt
2025-09-24 20:33:15,387 - INFO - Split into 12 chunks
2025-09-24 20:33:16,288 - INFO - Successfully processed data\input\D1.7.txt
2025-09-24 20:33:16,289 - INFO - Processing file: data\input\D10.1.txt
2025-09-24 20:33:16,301 - INFO - Split into 1 chunks
2025-09-24 20:33:16,335 - INFO - Successfully processed data\input\D10.1.txt
2025-09-24 20:33:16,336 - INFO - Processing file: data\input\D10.2.txt
2025-09-24 20:33:16,350 - INFO - Split into 1 chunks
2025-09-24 20:33:16,387 - INFO - Successfully processed data\input\D10.2.txt
2025-09-24 20:33:16,388 - INFO - Processing file: data\input\D10.3.txt
2025-09-24 20:33:16,404 - INFO - Split into 1 chunks
2025-09-24 20:33:16,473 - INFO - Successfully processed data\input\D10.3.txt
2025-09-24 20:33:16,474 - INFO - Processing file: data\input\D11.txt
2025-09-24 20:33:16,490 - INFO - Split into 1 chunks
2025-09-24 20:33:16,541 - INFO - Successfully processed data\input\D11.txt
2025-09-24 20:33:16,541 - INFO - Processing file: data\input\D12.txt
2025-09-24 20:33:16,558 - INFO - Split into 2 chunks
2025-09-24 20:33:16,677 - INFO - Successfully processed data\input\D12.txt
2025-09-24 20:33:16,677 - INFO - Processing file: data\input\D13.txt
2025-09-24 20:33:16,680 - INFO - Split into 1 chunks
2025-09-24 20:33:16,716 - INFO - Successfully processed data\input\D13.txt
2025-09-24 20:33:16,717 - INFO - Processing file: data\input\D14.txt
2025-09-24 20:33:16,730 - INFO - Split into 1 chunks
2025-09-24 20:33:16,759 - INFO - Successfully processed data\input\D14.txt
2025-09-24 20:33:16,759 - INFO - Processing file: data\input\D15.txt
2025-09-24 20:33:16,774 - INFO - Split into 1 chunks
2025-09-24 20:33:16,847 - INFO - Successfully processed data\input\D15.txt
2025-09-24 20:33:16,847 - INFO - Processing file: data\input\D16.1.txt
2025-09-24 20:33:17,121 - INFO - Split into 132 chunks
2025-09-24 20:33:27,597 - INFO - Successfully processed data\input\D16.1.txt
2025-09-24 20:33:27,598 - INFO - Processing file: data\input\D16.2.txt
2025-09-24 20:33:27,604 - INFO - Split into 2 chunks
2025-09-24 20:33:27,692 - INFO - Successfully processed data\input\D16.2.txt
2025-09-24 20:33:27,693 - INFO - Processing file: data\input\D16.3.txt
2025-09-24 20:33:27,716 - INFO - Split into 5 chunks
2025-09-24 20:33:28,022 - INFO - Successfully processed data\input\D16.3.txt
2025-09-24 20:33:28,023 - INFO - Processing file: data\input\D17.txt
2025-09-24 20:33:28,036 - INFO - Split into 1 chunks
2025-09-24 20:33:28,071 - INFO - Successfully processed data\input\D17.txt
2025-09-24 20:33:28,072 - INFO - Processing file: data\input\D18.txt
2025-09-24 20:33:28,090 - INFO - Split into 1 chunks
2025-09-24 20:33:28,123 - INFO - Successfully processed data\input\D18.txt
2025-09-24 20:33:28,124 - INFO - Processing file: data\input\D19.txt
2025-09-24 20:33:28,136 - INFO - Split into 1 chunks
2025-09-24 20:33:28,174 - INFO - Successfully processed data\input\D19.txt
2025-09-24 20:33:28,174 - INFO - Processing file: data\input\D2.1.txt
2025-09-24 20:33:28,200 - INFO - Split into 9 chunks
2025-09-24 20:33:28,880 - INFO - Successfully processed data\input\D2.1.txt
2025-09-24 20:33:28,882 - INFO - Processing file: data\input\D2.2.txt
2025-09-24 20:33:28,895 - INFO - Split into 1 chunks
2025-09-24 20:33:28,932 - INFO - Successfully processed data\input\D2.2.txt
2025-09-24 20:33:28,933 - INFO - Processing file: data\input\D2.3.txt
2025-09-24 20:33:28,948 - INFO - Split into 1 chunks
2025-09-24 20:33:28,984 - INFO - Successfully processed data\input\D2.3.txt
2025-09-24 20:33:28,986 - INFO - Processing file: data\input\D20.txt
2025-09-24 20:33:28,999 - INFO - Split into 1 chunks
2025-09-24 20:33:29,040 - INFO - Successfully processed data\input\D20.txt
2025-09-24 20:33:29,041 - INFO - Processing file: data\input\D21.txt
2025-09-24 20:33:29,058 - INFO - Split into 2 chunks
2025-09-24 20:33:29,173 - INFO - Successfully processed data\input\D21.txt
2025-09-24 20:33:29,173 - INFO - Processing file: data\input\D22.txt
2025-09-24 20:33:29,225 - INFO - Split into 2 chunks
2025-09-24 20:33:29,337 - INFO - Successfully processed data\input\D22.txt
2025-09-24 20:33:29,337 - INFO - Processing file: data\input\D23.txt
2025-09-24 20:33:29,351 - INFO - Split into 1 chunks
2025-09-24 20:33:29,393 - INFO - Successfully processed data\input\D23.txt
2025-09-24 20:33:29,395 - INFO - Processing file: data\input\D24.txt
2025-09-24 20:33:29,407 - INFO - Split into 1 chunks
2025-09-24 20:33:29,444 - INFO - Successfully processed data\input\D24.txt
2025-09-24 20:33:29,445 - INFO - Processing file: data\input\D25.txt
2025-09-24 20:33:29,470 - INFO - Split into 7 chunks
2025-09-24 20:33:29,992 - INFO - Successfully processed data\input\D25.txt
2025-09-24 20:33:29,992 - INFO - Processing file: data\input\D26.txt
2025-09-24 20:33:30,022 - INFO - Split into 7 chunks
2025-09-24 20:33:30,514 - INFO - Successfully processed data\input\D26.txt
2025-09-24 20:33:30,516 - INFO - Processing file: data\input\D27.txt
2025-09-24 20:33:30,540 - INFO - Split into 1 chunks
2025-09-24 20:33:30,596 - INFO - Successfully processed data\input\D27.txt
2025-09-24 20:33:30,597 - INFO - Processing file: data\input\D28.txt
2025-09-24 20:33:30,610 - INFO - Split into 1 chunks
2025-09-24 20:33:30,652 - INFO - Successfully processed data\input\D28.txt
2025-09-24 20:33:30,653 - INFO - Processing file: data\input\D29.txt
2025-09-24 20:33:30,674 - INFO - Split into 1 chunks
2025-09-24 20:33:30,714 - INFO - Successfully processed data\input\D29.txt
2025-09-24 20:33:30,714 - INFO - Processing file: data\input\D3.txt
2025-09-24 20:33:30,733 - INFO - Split into 1 chunks
2025-09-24 20:33:30,775 - INFO - Successfully processed data\input\D3.txt
2025-09-24 20:33:30,776 - INFO - Processing file: data\input\D30.2.txt
2025-09-24 20:33:30,795 - INFO - Split into 1 chunks
2025-09-24 20:33:30,843 - INFO - Successfully processed data\input\D30.2.txt
2025-09-24 20:33:30,844 - INFO - Processing file: data\input\D30.4.txt
2025-09-24 20:33:30,858 - INFO - Split into 1 chunks
2025-09-24 20:33:30,931 - INFO - Successfully processed data\input\D30.4.txt
2025-09-24 20:33:30,932 - INFO - Processing file: data\input\D31.txt
2025-09-24 20:33:30,948 - INFO - Split into 1 chunks
2025-09-24 20:33:30,982 - INFO - Successfully processed data\input\D31.txt
2025-09-24 20:33:30,983 - INFO - Processing file: data\input\D32.1.txt
2025-09-24 20:33:30,998 - INFO - Split into 1 chunks
2025-09-24 20:33:31,027 - INFO - Successfully processed data\input\D32.1.txt
2025-09-24 20:33:31,028 - INFO - Processing file: data\input\D32.2.txt
2025-09-24 20:33:31,032 - INFO - Split into 1 chunks
2025-09-24 20:33:31,066 - INFO - Successfully processed data\input\D32.2.txt
2025-09-24 20:33:31,066 - INFO - Processing file: data\input\D32.3.txt
2025-09-24 20:33:31,078 - INFO - Split into 1 chunks
2025-09-24 20:33:31,109 - INFO - Successfully processed data\input\D32.3.txt
2025-09-24 20:33:31,110 - INFO - Processing file: data\input\D33.txt
2025-09-24 20:33:31,122 - INFO - Split into 1 chunks
2025-09-24 20:33:31,155 - INFO - Successfully processed data\input\D33.txt
2025-09-24 20:33:31,155 - INFO - Processing file: data\input\D34.1.txt
2025-09-24 20:33:31,170 - INFO - Split into 1 chunks
2025-09-24 20:33:31,207 - INFO - Successfully processed data\input\D34.1.txt
2025-09-24 20:33:31,207 - INFO - Processing file: data\input\D34.2.txt
2025-09-24 20:33:31,220 - INFO - Split into 1 chunks
2025-09-24 20:33:31,254 - INFO - Successfully processed data\input\D34.2.txt
2025-09-24 20:33:31,255 - INFO - Processing file: data\input\D35.1.txt
2025-09-24 20:33:31,268 - INFO - Split into 1 chunks
2025-09-24 20:33:31,299 - INFO - Successfully processed data\input\D35.1.txt
2025-09-24 20:33:31,299 - INFO - Processing file: data\input\D35.2.txt
2025-09-24 20:33:31,303 - INFO - Split into 1 chunks
2025-09-24 20:33:31,333 - INFO - Successfully processed data\input\D35.2.txt
2025-09-24 20:33:31,334 - INFO - Processing file: data\input\D35.3.txt
2025-09-24 20:33:31,346 - INFO - Split into 1 chunks
2025-09-24 20:33:31,378 - INFO - Successfully processed data\input\D35.3.txt
2025-09-24 20:33:31,379 - INFO - Processing file: data\input\D36.1.txt
2025-09-24 20:33:31,413 - INFO - Split into 17 chunks
2025-09-24 20:33:32,714 - INFO - Successfully processed data\input\D36.1.txt
2025-09-24 20:33:32,715 - INFO - Processing file: data\input\D36.2.txt
2025-09-24 20:33:32,730 - INFO - Split into 1 chunks
2025-09-24 20:33:32,777 - INFO - Successfully processed data\input\D36.2.txt
2025-09-24 20:33:32,778 - INFO - Processing file: data\input\D36.3.txt
2025-09-24 20:33:32,795 - INFO - Split into 2 chunks
2025-09-24 20:33:32,907 - INFO - Successfully processed data\input\D36.3.txt
2025-09-24 20:33:32,907 - INFO - Processing file: data\input\D37.1.txt
2025-09-24 20:33:32,921 - INFO - Split into 1 chunks
2025-09-24 20:33:32,961 - INFO - Successfully processed data\input\D37.1.txt
2025-09-24 20:33:32,961 - INFO - Processing file: data\input\D37.2.txt
2025-09-24 20:33:32,965 - INFO - Split into 1 chunks
2025-09-24 20:33:33,001 - INFO - Successfully processed data\input\D37.2.txt
2025-09-24 20:33:33,001 - INFO - Processing file: data\input\D37.3.txt
2025-09-24 20:33:33,014 - INFO - Split into 1 chunks
2025-09-24 20:33:33,054 - INFO - Successfully processed data\input\D37.3.txt
2025-09-24 20:33:33,054 - INFO - Processing file: data\input\D38.1.txt
2025-09-24 20:33:33,057 - INFO - Split into 1 chunks
2025-09-24 20:33:33,092 - INFO - Successfully processed data\input\D38.1.txt
2025-09-24 20:33:33,093 - INFO - Processing file: data\input\D38.10.txt
2025-09-24 20:33:33,108 - INFO - Split into 1 chunks
2025-09-24 20:33:33,140 - INFO - Successfully processed data\input\D38.10.txt
2025-09-24 20:33:33,140 - INFO - Processing file: data\input\D38.11.txt
2025-09-24 20:33:33,155 - INFO - Split into 1 chunks
2025-09-24 20:33:33,194 - INFO - Successfully processed data\input\D38.11.txt
2025-09-24 20:33:33,195 - INFO - Processing file: data\input\D38.12.txt
2025-09-24 20:33:33,206 - INFO - Split into 1 chunks
2025-09-24 20:33:33,240 - INFO - Successfully processed data\input\D38.12.txt
2025-09-24 20:33:33,242 - INFO - Processing file: data\input\D38.13.txt
2025-09-24 20:33:33,254 - INFO - Split into 1 chunks
2025-09-24 20:33:33,289 - INFO - Successfully processed data\input\D38.13.txt
2025-09-24 20:33:33,291 - INFO - Processing file: data\input\D38.14.txt
2025-09-24 20:33:33,304 - INFO - Split into 1 chunks
2025-09-24 20:33:33,341 - INFO - Successfully processed data\input\D38.14.txt
2025-09-24 20:33:33,343 - INFO - Processing file: data\input\D38.15.txt
2025-09-24 20:33:33,355 - INFO - Split into 1 chunks
2025-09-24 20:33:33,390 - INFO - Successfully processed data\input\D38.15.txt
2025-09-24 20:33:33,391 - INFO - Processing file: data\input\D38.16.txt
2025-09-24 20:33:33,401 - INFO - Split into 1 chunks
2025-09-24 20:33:33,438 - INFO - Successfully processed data\input\D38.16.txt
2025-09-24 20:33:33,439 - INFO - Processing file: data\input\D38.2.txt
2025-09-24 20:33:33,449 - INFO - Split into 1 chunks
2025-09-24 20:33:33,488 - INFO - Successfully processed data\input\D38.2.txt
2025-09-24 20:33:33,488 - INFO - Processing file: data\input\D38.3.txt
2025-09-24 20:33:33,497 - INFO - Split into 1 chunks
2025-09-24 20:33:33,535 - INFO - Successfully processed data\input\D38.3.txt
2025-09-24 20:33:33,536 - INFO - Processing file: data\input\D38.4.txt
2025-09-24 20:33:33,548 - INFO - Split into 1 chunks
2025-09-24 20:33:33,585 - INFO - Successfully processed data\input\D38.4.txt
2025-09-24 20:33:33,586 - INFO - Processing file: data\input\D38.5.txt
2025-09-24 20:33:33,600 - INFO - Split into 1 chunks
2025-09-24 20:33:33,639 - INFO - Successfully processed data\input\D38.5.txt
2025-09-24 20:33:33,639 - INFO - Processing file: data\input\D38.6.txt
2025-09-24 20:33:33,653 - INFO - Split into 1 chunks
2025-09-24 20:33:33,692 - INFO - Successfully processed data\input\D38.6.txt
2025-09-24 20:33:33,693 - INFO - Processing file: data\input\D38.7.txt
2025-09-24 20:33:33,708 - INFO - Split into 1 chunks
2025-09-24 20:33:33,751 - INFO - Successfully processed data\input\D38.7.txt
2025-09-24 20:33:33,752 - INFO - Processing file: data\input\D38.8.txt
2025-09-24 20:33:33,765 - INFO - Split into 1 chunks
2025-09-24 20:33:33,800 - INFO - Successfully processed data\input\D38.8.txt
2025-09-24 20:33:33,800 - INFO - Processing file: data\input\D38.9.txt
2025-09-24 20:33:33,813 - INFO - Split into 1 chunks
2025-09-24 20:33:33,853 - INFO - Successfully processed data\input\D38.9.txt
2025-09-24 20:33:33,854 - INFO - Processing file: data\input\D39.1.txt
2025-09-24 20:33:33,866 - INFO - Split into 1 chunks
2025-09-24 20:33:33,903 - INFO - Successfully processed data\input\D39.1.txt
2025-09-24 20:33:33,905 - INFO - Processing file: data\input\D39.2.txt
2025-09-24 20:33:33,917 - INFO - Split into 1 chunks
2025-09-24 20:33:33,952 - INFO - Successfully processed data\input\D39.2.txt
2025-09-24 20:33:33,952 - INFO - Processing file: data\input\D39.3.txt
2025-09-24 20:33:33,955 - INFO - Split into 1 chunks
2025-09-24 20:33:33,990 - INFO - Successfully processed data\input\D39.3.txt
2025-09-24 20:33:33,992 - INFO - Processing file: data\input\D39.4.txt
2025-09-24 20:33:34,003 - INFO - Split into 1 chunks
2025-09-24 20:33:34,034 - INFO - Successfully processed data\input\D39.4.txt
2025-09-24 20:33:34,034 - INFO - Processing file: data\input\D39.5.txt
2025-09-24 20:33:34,049 - INFO - Split into 1 chunks
2025-09-24 20:33:34,080 - INFO - Successfully processed data\input\D39.5.txt
2025-09-24 20:33:34,081 - INFO - Processing file: data\input\D39.6.txt
2025-09-24 20:33:34,094 - INFO - Split into 1 chunks
2025-09-24 20:33:34,124 - INFO - Successfully processed data\input\D39.6.txt
2025-09-24 20:33:34,125 - INFO - Processing file: data\input\D39.7.txt
2025-09-24 20:33:34,127 - INFO - Split into 1 chunks
2025-09-24 20:33:34,159 - INFO - Successfully processed data\input\D39.7.txt
2025-09-24 20:33:34,159 - INFO - Processing file: data\input\D39.8.txt
2025-09-24 20:33:34,172 - INFO - Split into 1 chunks
2025-09-24 20:33:34,203 - INFO - Successfully processed data\input\D39.8.txt
2025-09-24 20:33:34,203 - INFO - Processing file: data\input\D39.9.txt
2025-09-24 20:33:34,216 - INFO - Split into 1 chunks
2025-09-24 20:33:34,248 - INFO - Successfully processed data\input\D39.9.txt
2025-09-24 20:33:34,248 - INFO - Processing file: data\input\D4.1.txt
2025-09-24 20:33:34,270 - INFO - Split into 6 chunks
2025-09-24 20:33:34,695 - INFO - Successfully processed data\input\D4.1.txt
2025-09-24 20:33:34,696 - INFO - Processing file: data\input\D4.2.txt
2025-09-24 20:33:34,881 - INFO - Split into 132 chunks
2025-09-24 20:33:44,891 - INFO - Successfully processed data\input\D4.2.txt
2025-09-24 20:33:44,892 - INFO - Processing file: data\input\D40.1.txt
2025-09-24 20:33:44,898 - INFO - Split into 1 chunks
2025-09-24 20:33:44,952 - INFO - Successfully processed data\input\D40.1.txt
2025-09-24 20:33:44,953 - INFO - Processing file: data\input\D40.2.txt
2025-09-24 20:33:44,968 - INFO - Split into 1 chunks
2025-09-24 20:33:45,006 - INFO - Successfully processed data\input\D40.2.txt
2025-09-24 20:33:45,006 - INFO - Processing file: data\input\D41.txt
2025-09-24 20:33:45,039 - INFO - Split into 4 chunks
2025-09-24 20:33:45,373 - INFO - Successfully processed data\input\D41.txt
2025-09-24 20:33:45,374 - INFO - Processing file: data\input\D42.txt
2025-09-24 20:33:45,394 - INFO - Split into 1 chunks
2025-09-24 20:33:45,432 - INFO - Successfully processed data\input\D42.txt
2025-09-24 20:33:45,433 - INFO - Processing file: data\input\D43.txt
2025-09-24 20:33:45,454 - INFO - Split into 1 chunks
2025-09-24 20:33:45,502 - INFO - Successfully processed data\input\D43.txt
2025-09-24 20:33:45,503 - INFO - Processing file: data\input\D44.txt
2025-09-24 20:33:45,520 - INFO - Split into 1 chunks
2025-09-24 20:33:45,562 - INFO - Successfully processed data\input\D44.txt
2025-09-24 20:33:45,564 - INFO - Processing file: data\input\D45.txt
2025-09-24 20:33:45,583 - INFO - Split into 1 chunks
2025-09-24 20:33:45,619 - INFO - Successfully processed data\input\D45.txt
2025-09-24 20:33:45,620 - INFO - Processing file: data\input\D46.txt
2025-09-24 20:33:45,638 - INFO - Split into 1 chunks
2025-09-24 20:33:45,699 - INFO - Successfully processed data\input\D46.txt
2025-09-24 20:33:45,700 - INFO - Processing file: data\input\D47.1.txt
2025-09-24 20:33:45,712 - INFO - Split into 1 chunks
2025-09-24 20:33:45,749 - INFO - Successfully processed data\input\D47.1.txt
2025-09-24 20:33:45,750 - INFO - Processing file: data\input\D47.10.txt
2025-09-24 20:33:45,762 - INFO - Split into 1 chunks
2025-09-24 20:33:45,796 - INFO - Successfully processed data\input\D47.10.txt
2025-09-24 20:33:45,796 - INFO - Processing file: data\input\D47.11.txt
2025-09-24 20:33:45,809 - INFO - Split into 1 chunks
2025-09-24 20:33:45,842 - INFO - Successfully processed data\input\D47.11.txt
2025-09-24 20:33:45,843 - INFO - Processing file: data\input\D47.2.txt
2025-09-24 20:33:45,856 - INFO - Split into 1 chunks
2025-09-24 20:33:45,887 - INFO - Successfully processed data\input\D47.2.txt
2025-09-24 20:33:45,888 - INFO - Processing file: data\input\D47.3.txt
2025-09-24 20:33:45,906 - INFO - Split into 1 chunks
2025-09-24 20:33:45,937 - INFO - Successfully processed data\input\D47.3.txt
2025-09-24 20:33:45,938 - INFO - Processing file: data\input\D47.4.txt
2025-09-24 20:33:45,948 - INFO - Split into 1 chunks
2025-09-24 20:33:45,983 - INFO - Successfully processed data\input\D47.4.txt
2025-09-24 20:33:45,984 - INFO - Processing file: data\input\D47.5.txt
2025-09-24 20:33:46,000 - INFO - Split into 1 chunks
2025-09-24 20:33:46,038 - INFO - Successfully processed data\input\D47.5.txt
2025-09-24 20:33:46,038 - INFO - Processing file: data\input\D47.6.txt
2025-09-24 20:33:46,058 - INFO - Split into 1 chunks
2025-09-24 20:33:46,099 - INFO - Successfully processed data\input\D47.6.txt
2025-09-24 20:33:46,100 - INFO - Processing file: data\input\D47.7.txt
2025-09-24 20:33:46,115 - INFO - Split into 1 chunks
2025-09-24 20:33:46,156 - INFO - Successfully processed data\input\D47.7.txt
2025-09-24 20:33:46,156 - INFO - Processing file: data\input\D47.8.txt
2025-09-24 20:33:46,170 - INFO - Split into 1 chunks
2025-09-24 20:33:46,210 - INFO - Successfully processed data\input\D47.8.txt
2025-09-24 20:33:46,211 - INFO - Processing file: data\input\D47.9.txt
2025-09-24 20:33:46,228 - INFO - Split into 1 chunks
2025-09-24 20:33:46,268 - INFO - Successfully processed data\input\D47.9.txt
2025-09-24 20:33:46,269 - INFO - Processing file: data\input\D48.1.txt
2025-09-24 20:33:46,287 - INFO - Split into 1 chunks
2025-09-24 20:33:46,325 - INFO - Successfully processed data\input\D48.1.txt
2025-09-24 20:33:46,327 - INFO - Processing file: data\input\D48.2.txt
2025-09-24 20:33:46,342 - INFO - Split into 1 chunks
2025-09-24 20:33:46,376 - INFO - Successfully processed data\input\D48.2.txt
2025-09-24 20:33:46,376 - INFO - Processing file: data\input\D48.3.txt
2025-09-24 20:33:46,397 - INFO - Split into 1 chunks
2025-09-24 20:33:46,439 - INFO - Successfully processed data\input\D48.3.txt
2025-09-24 20:33:46,440 - INFO - Processing file: data\input\D49.1.txt
2025-09-24 20:33:46,462 - INFO - Split into 1 chunks
2025-09-24 20:33:46,516 - INFO - Successfully processed data\input\D49.1.txt
2025-09-24 20:33:46,517 - INFO - Processing file: data\input\D5.txt
2025-09-24 20:33:46,523 - INFO - Split into 1 chunks
2025-09-24 20:33:46,568 - INFO - Successfully processed data\input\D5.txt
2025-09-24 20:33:46,569 - INFO - Processing file: data\input\D50.1.txt
2025-09-24 20:33:46,585 - INFO - Split into 1 chunks
2025-09-24 20:33:46,634 - INFO - Successfully processed data\input\D50.1.txt
2025-09-24 20:33:46,634 - INFO - Processing file: data\input\D50.2.txt
2025-09-24 20:33:46,641 - INFO - Split into 1 chunks
2025-09-24 20:33:46,682 - INFO - Successfully processed data\input\D50.2.txt
2025-09-24 20:33:46,683 - INFO - Processing file: data\input\D50.3.txt
2025-09-24 20:33:46,703 - INFO - Split into 1 chunks
2025-09-24 20:33:46,748 - INFO - Successfully processed data\input\D50.3.txt
2025-09-24 20:33:46,750 - INFO - Processing file: data\input\D50.4.txt
2025-09-24 20:33:46,773 - INFO - Split into 1 chunks
2025-09-24 20:33:46,822 - INFO - Successfully processed data\input\D50.4.txt
2025-09-24 20:33:46,823 - INFO - Processing file: data\input\D50.5.txt
2025-09-24 20:33:46,849 - INFO - Split into 1 chunks
2025-09-24 20:33:46,893 - INFO - Successfully processed data\input\D50.5.txt
2025-09-24 20:33:46,894 - INFO - Processing file: data\input\D51.1.txt
2025-09-24 20:33:46,917 - INFO - Split into 1 chunks
2025-09-24 20:33:46,959 - INFO - Successfully processed data\input\D51.1.txt
2025-09-24 20:33:46,960 - INFO - Processing file: data\input\D51.2.txt
2025-09-24 20:33:46,979 - INFO - Split into 1 chunks
2025-09-24 20:33:47,023 - INFO - Successfully processed data\input\D51.2.txt
2025-09-24 20:33:47,024 - INFO - Processing file: data\input\D52.1.txt
2025-09-24 20:33:47,047 - INFO - Split into 1 chunks
2025-09-24 20:33:47,094 - INFO - Successfully processed data\input\D52.1.txt
2025-09-24 20:33:47,095 - INFO - Processing file: data\input\D52.2.txt
2025-09-24 20:33:47,099 - INFO - Split into 1 chunks
2025-09-24 20:33:47,147 - INFO - Successfully processed data\input\D52.2.txt
2025-09-24 20:33:47,149 - INFO - Processing file: data\input\D53.1.txt
2025-09-24 20:33:47,172 - INFO - Split into 1 chunks
2025-09-24 20:33:47,224 - INFO - Successfully processed data\input\D53.1.txt
2025-09-24 20:33:47,225 - INFO - Processing file: data\input\D53.2.txt
2025-09-24 20:33:47,242 - INFO - Split into 1 chunks
2025-09-24 20:33:47,279 - INFO - Successfully processed data\input\D53.2.txt
2025-09-24 20:33:47,280 - INFO - Processing file: data\input\D53.3.txt
2025-09-24 20:33:47,296 - INFO - Split into 1 chunks
2025-09-24 20:33:47,336 - INFO - Successfully processed data\input\D53.3.txt
2025-09-24 20:33:47,337 - INFO - Processing file: data\input\D54.txt
2025-09-24 20:33:47,357 - INFO - Split into 1 chunks
2025-09-24 20:33:47,401 - INFO - Successfully processed data\input\D54.txt
2025-09-24 20:33:47,402 - INFO - Processing file: data\input\D55.1.txt
2025-09-24 20:33:47,419 - INFO - Split into 1 chunks
2025-09-24 20:33:47,455 - INFO - Successfully processed data\input\D55.1.txt
2025-09-24 20:33:47,456 - INFO - Processing file: data\input\D55.2.txt
2025-09-24 20:33:47,485 - INFO - Split into 1 chunks
2025-09-24 20:33:47,523 - INFO - Successfully processed data\input\D55.2.txt
2025-09-24 20:33:47,524 - INFO - Processing file: data\input\D56.1.txt
2025-09-24 20:33:47,538 - INFO - Split into 1 chunks
2025-09-24 20:33:47,570 - INFO - Successfully processed data\input\D56.1.txt
2025-09-24 20:33:47,571 - INFO - Processing file: data\input\D56.2.txt
2025-09-24 20:33:47,582 - INFO - Split into 1 chunks
2025-09-24 20:33:47,632 - INFO - Successfully processed data\input\D56.2.txt
2025-09-24 20:33:47,633 - INFO - Processing file: data\input\D57.txt
2025-09-24 20:33:47,666 - INFO - Split into 1 chunks
2025-09-24 20:33:47,752 - INFO - Successfully processed data\input\D57.txt
2025-09-24 20:33:47,752 - INFO - Processing file: data\input\D58.1.txt
2025-09-24 20:33:47,770 - INFO - Split into 1 chunks
2025-09-24 20:33:47,843 - INFO - Successfully processed data\input\D58.1.txt
2025-09-24 20:33:47,843 - INFO - Processing file: data\input\D58.2.txt
2025-09-24 20:33:47,855 - INFO - Split into 1 chunks
2025-09-24 20:33:47,888 - INFO - Successfully processed data\input\D58.2.txt
2025-09-24 20:33:47,888 - INFO - Processing file: data\input\D58.4.txt
2025-09-24 20:33:47,900 - INFO - Split into 1 chunks
2025-09-24 20:33:47,935 - INFO - Successfully processed data\input\D58.4.txt
2025-09-24 20:33:47,936 - INFO - Processing file: data\input\D59.1.txt
2025-09-24 20:33:47,950 - INFO - Split into 1 chunks
2025-09-24 20:33:48,007 - INFO - Successfully processed data\input\D59.1.txt
2025-09-24 20:33:48,007 - INFO - Processing file: data\input\D59.2.1.txt
2025-09-24 20:33:48,011 - INFO - Split into 1 chunks
2025-09-24 20:33:48,044 - INFO - Successfully processed data\input\D59.2.1.txt
2025-09-24 20:33:48,045 - INFO - Processing file: data\input\D59.2.2.txt
2025-09-24 20:33:48,050 - INFO - Split into 1 chunks
2025-09-24 20:33:48,084 - INFO - Successfully processed data\input\D59.2.2.txt
2025-09-24 20:33:48,085 - INFO - Processing file: data\input\D59.3.txt
2025-09-24 20:33:48,101 - INFO - Split into 2 chunks
2025-09-24 20:33:48,200 - INFO - Successfully processed data\input\D59.3.txt
2025-09-24 20:33:48,200 - INFO - Processing file: data\input\D6.txt
2025-09-24 20:33:48,224 - INFO - Split into 6 chunks
2025-09-24 20:33:48,671 - INFO - Successfully processed data\input\D6.txt
2025-09-24 20:33:48,671 - INFO - Processing file: data\input\D60.txt
2025-09-24 20:33:48,685 - INFO - Split into 1 chunks
2025-09-24 20:33:48,720 - INFO - Successfully processed data\input\D60.txt
2025-09-24 20:33:48,721 - INFO - Processing file: data\input\D61.txt
2025-09-24 20:33:48,733 - INFO - Split into 1 chunks
2025-09-24 20:33:48,770 - INFO - Successfully processed data\input\D61.txt
2025-09-24 20:33:48,770 - INFO - Processing file: data\input\D62.txt
2025-09-24 20:33:48,781 - INFO - Split into 1 chunks
2025-09-24 20:33:48,815 - INFO - Successfully processed data\input\D62.txt
2025-09-24 20:33:48,816 - INFO - Processing file: data\input\D63.txt
2025-09-24 20:33:48,828 - INFO - Split into 1 chunks
2025-09-24 20:33:48,865 - INFO - Successfully processed data\input\D63.txt
2025-09-24 20:33:48,866 - INFO - Processing file: data\input\D64.1.txt
2025-09-24 20:33:48,879 - INFO - Split into 1 chunks
2025-09-24 20:33:48,914 - INFO - Successfully processed data\input\D64.1.txt
2025-09-24 20:33:48,914 - INFO - Processing file: data\input\D64.2.txt
2025-09-24 20:33:48,917 - INFO - Split into 1 chunks
2025-09-24 20:33:48,947 - INFO - Successfully processed data\input\D64.2.txt
2025-09-24 20:33:48,947 - INFO - Processing file: data\input\D65.txt
2025-09-24 20:33:48,960 - INFO - Split into 1 chunks
2025-09-24 20:33:48,991 - INFO - Successfully processed data\input\D65.txt
2025-09-24 20:33:48,993 - INFO - Processing file: data\input\D66.txt
2025-09-24 20:33:48,998 - INFO - Split into 1 chunks
2025-09-24 20:33:49,029 - INFO - Successfully processed data\input\D66.txt
2025-09-24 20:33:49,030 - INFO - Processing file: data\input\D67.txt
2025-09-24 20:33:49,033 - INFO - Split into 1 chunks
2025-09-24 20:33:49,064 - INFO - Successfully processed data\input\D67.txt
2025-09-24 20:33:49,065 - INFO - Processing file: data\input\D7.txt
2025-09-24 20:33:49,102 - INFO - Split into 16 chunks
2025-09-24 20:33:50,266 - INFO - Successfully processed data\input\D7.txt
2025-09-24 20:33:50,267 - INFO - Processing file: data\input\D8.1.txt
2025-09-24 20:33:50,371 - INFO - Split into 85 chunks
2025-09-24 20:33:56,927 - INFO - Successfully processed data\input\D8.1.txt
2025-09-24 20:33:56,928 - INFO - Processing file: data\input\D8.2.txt
2025-09-24 20:33:56,961 - INFO - Split into 12 chunks
2025-09-24 20:33:57,875 - INFO - Successfully processed data\input\D8.2.txt
2025-09-24 20:33:57,876 - INFO - Processing file: data\input\D8.3.txt
2025-09-24 20:33:57,949 - INFO - Split into 35 chunks
2025-09-24 20:34:00,712 - INFO - Successfully processed data\input\D8.3.txt
2025-09-24 20:34:00,714 - INFO - Processing file: data\input\D9.txt
2025-09-24 20:34:00,731 - INFO - Split into 1 chunks
2025-09-24 20:34:00,765 - INFO - Successfully processed data\input\D9.txt
2025-09-24 20:34:00,766 - INFO - Processing file: data\input\E11.txt
2025-09-24 20:34:00,778 - INFO - Split into 1 chunks
2025-09-24 20:34:00,816 - INFO - Successfully processed data\input\E11.txt
2025-09-24 20:34:00,817 - INFO - Processing file: data\input\E12.txt
2025-09-24 20:34:00,828 - INFO - Split into 1 chunks
2025-09-24 20:34:00,869 - INFO - Successfully processed data\input\E12.txt
2025-09-24 20:34:00,870 - INFO - Processing file: data\input\E14.txt
2025-09-24 20:34:00,884 - INFO - Split into 1 chunks
2025-09-24 20:34:00,939 - INFO - Successfully processed data\input\E14.txt
2025-09-24 20:34:00,940 - INFO - Processing file: data\input\E15.txt
2025-09-24 20:34:00,946 - INFO - Split into 1 chunks
2025-09-24 20:34:00,985 - INFO - Successfully processed data\input\E15.txt
2025-09-24 20:34:00,986 - INFO - Processing file: data\input\E16.txt
2025-09-24 20:34:00,998 - INFO - Split into 1 chunks
2025-09-24 20:34:01,033 - INFO - Successfully processed data\input\E16.txt
2025-09-24 20:34:01,033 - INFO - Processing file: data\input\E17.txt
2025-09-24 20:34:01,047 - INFO - Split into 1 chunks
2025-09-24 20:34:01,077 - INFO - Successfully processed data\input\E17.txt
2025-09-24 20:34:01,078 - INFO - Processing file: data\input\E18.txt
2025-09-24 20:34:01,080 - INFO - Split into 1 chunks
2025-09-24 20:34:01,113 - INFO - Successfully processed data\input\E18.txt
2025-09-24 20:34:01,113 - INFO - Processing file: data\input\E19.txt
2025-09-24 20:34:01,126 - INFO - Split into 1 chunks
2025-09-24 20:34:01,158 - INFO - Successfully processed data\input\E19.txt
2025-09-24 20:34:01,159 - INFO - Processing file: data\input\E2.txt
2025-09-24 20:34:01,173 - INFO - Split into 1 chunks
2025-09-24 20:34:01,214 - INFO - Successfully processed data\input\E2.txt
2025-09-24 20:34:01,214 - INFO - Processing file: data\input\E21.txt
2025-09-24 20:34:01,218 - INFO - Split into 1 chunks
2025-09-24 20:34:01,250 - INFO - Successfully processed data\input\E21.txt
2025-09-24 20:34:01,251 - INFO - Processing file: data\input\E22.txt
2025-09-24 20:34:01,262 - INFO - Split into 1 chunks
2025-09-24 20:34:01,296 - INFO - Successfully processed data\input\E22.txt
2025-09-24 20:34:01,297 - INFO - Processing file: data\input\E23.txt
2025-09-24 20:34:01,308 - INFO - Split into 1 chunks
2025-09-24 20:34:01,343 - INFO - Successfully processed data\input\E23.txt
2025-09-24 20:34:01,343 - INFO - Processing file: data\input\E24.txt
2025-09-24 20:34:01,346 - INFO - Split into 1 chunks
2025-09-24 20:34:01,381 - INFO - Successfully processed data\input\E24.txt
2025-09-24 20:34:01,382 - INFO - Processing file: data\input\E25.txt
2025-09-24 20:34:01,393 - INFO - Split into 1 chunks
2025-09-24 20:34:01,424 - INFO - Successfully processed data\input\E25.txt
2025-09-24 20:34:01,428 - INFO - Processing file: data\input\E26.txt
2025-09-24 20:34:01,439 - INFO - Split into 1 chunks
2025-09-24 20:34:01,473 - INFO - Successfully processed data\input\E26.txt
2025-09-24 20:34:01,473 - INFO - Processing file: data\input\E28.txt
2025-09-24 20:34:01,484 - INFO - Split into 1 chunks
2025-09-24 20:34:01,517 - INFO - Successfully processed data\input\E28.txt
2025-09-24 20:34:01,519 - INFO - Processing file: data\input\E29.txt
2025-09-24 20:34:01,521 - INFO - Split into 1 chunks
2025-09-24 20:34:01,555 - INFO - Successfully processed data\input\E29.txt
2025-09-24 20:34:01,555 - INFO - Processing file: data\input\E3.txt
2025-09-24 20:34:01,567 - INFO - Split into 1 chunks
2025-09-24 20:34:01,598 - INFO - Successfully processed data\input\E3.txt
2025-09-24 20:34:01,598 - INFO - Processing file: data\input\E30.txt
2025-09-24 20:34:01,608 - INFO - Split into 1 chunks
2025-09-24 20:34:01,645 - INFO - Successfully processed data\input\E30.txt
2025-09-24 20:34:01,646 - INFO - Processing file: data\input\E31.txt
2025-09-24 20:34:01,660 - INFO - Split into 1 chunks
2025-09-24 20:34:01,694 - INFO - Successfully processed data\input\E31.txt
2025-09-24 20:34:01,696 - INFO - Processing file: data\input\E34.txt
2025-09-24 20:34:01,705 - INFO - Split into 1 chunks
2025-09-24 20:34:01,738 - INFO - Successfully processed data\input\E34.txt
2025-09-24 20:34:01,738 - INFO - Processing file: data\input\E35.txt
2025-09-24 20:34:01,749 - INFO - Split into 1 chunks
2025-09-24 20:34:01,782 - INFO - Successfully processed data\input\E35.txt
2025-09-24 20:34:01,783 - INFO - Processing file: data\input\E36.txt
2025-09-24 20:34:01,797 - INFO - Split into 1 chunks
2025-09-24 20:34:01,833 - INFO - Successfully processed data\input\E36.txt
2025-09-24 20:34:01,833 - INFO - Processing file: data\input\E38.txt
2025-09-24 20:34:01,845 - INFO - Split into 1 chunks
2025-09-24 20:34:01,881 - INFO - Successfully processed data\input\E38.txt
2025-09-24 20:34:01,881 - INFO - Processing file: data\input\E39.txt
2025-09-24 20:34:01,887 - INFO - Split into 1 chunks
2025-09-24 20:34:01,930 - INFO - Successfully processed data\input\E39.txt
2025-09-24 20:34:01,931 - INFO - Processing file: data\input\E4.txt
2025-09-24 20:34:01,937 - INFO - Split into 1 chunks
2025-09-24 20:34:01,983 - INFO - Successfully processed data\input\E4.txt
2025-09-24 20:34:01,983 - INFO - Processing file: data\input\E40.txt
2025-09-24 20:34:01,994 - INFO - Split into 1 chunks
2025-09-24 20:34:02,027 - INFO - Successfully processed data\input\E40.txt
2025-09-24 20:34:02,028 - INFO - Processing file: data\input\E41.txt
2025-09-24 20:34:02,040 - INFO - Split into 1 chunks
2025-09-24 20:34:02,070 - INFO - Successfully processed data\input\E41.txt
2025-09-24 20:34:02,071 - INFO - Processing file: data\input\E42.txt
2025-09-24 20:34:02,083 - INFO - Split into 1 chunks
2025-09-24 20:34:02,114 - INFO - Successfully processed data\input\E42.txt
2025-09-24 20:34:02,115 - INFO - Processing file: data\input\E43.txt
2025-09-24 20:34:02,125 - INFO - Split into 1 chunks
2025-09-24 20:34:02,157 - INFO - Successfully processed data\input\E43.txt
2025-09-24 20:34:02,158 - INFO - Processing file: data\input\E44.txt
2025-09-24 20:34:02,160 - INFO - Split into 1 chunks
2025-09-24 20:34:02,195 - INFO - Successfully processed data\input\E44.txt
2025-09-24 20:34:02,195 - INFO - Processing file: data\input\E45.txt
2025-09-24 20:34:02,206 - INFO - Split into 1 chunks
2025-09-24 20:34:02,245 - INFO - Successfully processed data\input\E45.txt
2025-09-24 20:34:02,246 - INFO - Processing file: data\input\E46.txt
2025-09-24 20:34:02,249 - INFO - Split into 1 chunks
2025-09-24 20:34:02,280 - INFO - Successfully processed data\input\E46.txt
2025-09-24 20:34:02,280 - INFO - Processing file: data\input\E47.txt
2025-09-24 20:34:02,292 - INFO - Split into 1 chunks
2025-09-24 20:34:02,325 - INFO - Successfully processed data\input\E47.txt
2025-09-24 20:34:02,326 - INFO - Processing file: data\input\E48.txt
2025-09-24 20:34:02,337 - INFO - Split into 1 chunks
2025-09-24 20:34:02,369 - INFO - Successfully processed data\input\E48.txt
2025-09-24 20:34:02,370 - INFO - Processing file: data\input\E49.txt
2025-09-24 20:34:02,381 - INFO - Split into 1 chunks
2025-09-24 20:34:02,414 - INFO - Successfully processed data\input\E49.txt
2025-09-24 20:34:02,415 - INFO - Processing file: data\input\E50.txt
2025-09-24 20:34:02,417 - INFO - Split into 1 chunks
2025-09-24 20:34:02,455 - INFO - Successfully processed data\input\E50.txt
2025-09-24 20:34:02,456 - INFO - Processing file: data\input\E51.txt
2025-09-24 20:34:02,457 - INFO - Split into 1 chunks
2025-09-24 20:34:02,491 - INFO - Successfully processed data\input\E51.txt
2025-09-24 20:34:02,491 - INFO - Processing file: data\input\E52.txt
2025-09-24 20:34:02,502 - INFO - Split into 1 chunks
2025-09-24 20:34:02,536 - INFO - Successfully processed data\input\E52.txt
2025-09-24 20:34:02,536 - INFO - Processing file: data\input\E53.txt
2025-09-24 20:34:02,538 - INFO - Split into 1 chunks
2025-09-24 20:34:02,567 - INFO - Successfully processed data\input\E53.txt
2025-09-24 20:34:02,568 - INFO - Processing file: data\input\E6.txt
2025-09-24 20:34:02,572 - INFO - Split into 1 chunks
2025-09-24 20:34:02,606 - INFO - Successfully processed data\input\E6.txt
2025-09-24 20:34:02,607 - INFO - Processing file: data\input\E7.txt
2025-09-24 20:34:02,622 - INFO - Split into 1 chunks
2025-09-24 20:34:02,653 - INFO - Successfully processed data\input\E7.txt
2025-09-24 20:34:02,654 - INFO - Processing file: data\input\E8.txt
2025-09-24 20:34:02,664 - INFO - Split into 1 chunks
2025-09-24 20:34:02,696 - INFO - Successfully processed data\input\E8.txt
2025-09-24 20:34:02,697 - INFO - Processing file: data\input\E9.txt
2025-09-24 20:34:02,700 - INFO - Split into 1 chunks
2025-09-24 20:34:02,731 - INFO - Successfully processed data\input\E9.txt
2025-09-24 20:34:02,731 - INFO - Processing file: data\input\F1.txt
2025-09-24 20:34:02,744 - INFO - Split into 1 chunks
2025-09-24 20:34:02,777 - INFO - Successfully processed data\input\F1.txt
2025-09-24 20:34:02,777 - INFO - Processing file: data\input\F10.txt
2025-09-24 20:34:02,788 - INFO - Split into 1 chunks
2025-09-24 20:34:02,822 - INFO - Successfully processed data\input\F10.txt
2025-09-24 20:34:02,823 - INFO - Processing file: data\input\F11.txt
2025-09-24 20:34:02,825 - INFO - Split into 1 chunks
2025-09-24 20:34:02,863 - INFO - Successfully processed data\input\F11.txt
2025-09-24 20:34:02,863 - INFO - Processing file: data\input\F12.txt
2025-09-24 20:34:02,876 - INFO - Split into 1 chunks
2025-09-24 20:34:02,910 - INFO - Successfully processed data\input\F12.txt
2025-09-24 20:34:02,911 - INFO - Processing file: data\input\F13.txt
2025-09-24 20:34:02,924 - INFO - Split into 1 chunks
2025-09-24 20:34:02,959 - INFO - Successfully processed data\input\F13.txt
2025-09-24 20:34:02,960 - INFO - Processing file: data\input\F14.txt
2025-09-24 20:34:02,963 - INFO - Split into 1 chunks
2025-09-24 20:34:02,998 - INFO - Successfully processed data\input\F14.txt
2025-09-24 20:34:02,999 - INFO - Processing file: data\input\F15.txt
2025-09-24 20:34:03,012 - INFO - Split into 1 chunks
2025-09-24 20:34:03,047 - INFO - Successfully processed data\input\F15.txt
2025-09-24 20:34:03,048 - INFO - Processing file: data\input\F16.txt
2025-09-24 20:34:03,059 - INFO - Split into 1 chunks
2025-09-24 20:34:03,089 - INFO - Successfully processed data\input\F16.txt
2025-09-24 20:34:03,090 - INFO - Processing file: data\input\F17.txt
2025-09-24 20:34:03,102 - INFO - Split into 1 chunks
2025-09-24 20:34:03,132 - INFO - Successfully processed data\input\F17.txt
2025-09-24 20:34:03,132 - INFO - Processing file: data\input\F18.txt
2025-09-24 20:34:03,136 - INFO - Split into 1 chunks
2025-09-24 20:34:03,167 - INFO - Successfully processed data\input\F18.txt
2025-09-24 20:34:03,167 - INFO - Processing file: data\input\F19.txt
2025-09-24 20:34:03,180 - INFO - Split into 1 chunks
2025-09-24 20:34:03,214 - INFO - Successfully processed data\input\F19.txt
2025-09-24 20:34:03,214 - INFO - Processing file: data\input\F2.txt
2025-09-24 20:34:03,217 - INFO - Split into 1 chunks
2025-09-24 20:34:03,249 - INFO - Successfully processed data\input\F2.txt
2025-09-24 20:34:03,249 - INFO - Processing file: data\input\F20.txt
2025-09-24 20:34:03,264 - INFO - Split into 1 chunks
2025-09-24 20:34:03,296 - INFO - Successfully processed data\input\F20.txt
2025-09-24 20:34:03,296 - INFO - Processing file: data\input\F21.txt
2025-09-24 20:34:03,307 - INFO - Split into 1 chunks
2025-09-24 20:34:03,338 - INFO - Successfully processed data\input\F21.txt
2025-09-24 20:34:03,339 - INFO - Processing file: data\input\F22.txt
2025-09-24 20:34:03,351 - INFO - Split into 1 chunks
2025-09-24 20:34:03,386 - INFO - Successfully processed data\input\F22.txt
2025-09-24 20:34:03,387 - INFO - Processing file: data\input\F23.txt
2025-09-24 20:34:03,397 - INFO - Split into 1 chunks
2025-09-24 20:34:03,427 - INFO - Successfully processed data\input\F23.txt
2025-09-24 20:34:03,428 - INFO - Processing file: data\input\F24.txt
2025-09-24 20:34:03,438 - INFO - Split into 1 chunks
2025-09-24 20:34:03,470 - INFO - Successfully processed data\input\F24.txt
2025-09-24 20:34:03,471 - INFO - Processing file: data\input\F25.txt
2025-09-24 20:34:03,474 - INFO - Split into 1 chunks
2025-09-24 20:34:03,505 - INFO - Successfully processed data\input\F25.txt
2025-09-24 20:34:03,505 - INFO - Processing file: data\input\F26.txt
2025-09-24 20:34:03,517 - INFO - Split into 1 chunks
2025-09-24 20:34:03,553 - INFO - Successfully processed data\input\F26.txt
2025-09-24 20:34:03,553 - INFO - Processing file: data\input\F27.txt
2025-09-24 20:34:03,564 - INFO - Split into 1 chunks
2025-09-24 20:34:03,598 - INFO - Successfully processed data\input\F27.txt
2025-09-24 20:34:03,598 - INFO - Processing file: data\input\F28.txt
2025-09-24 20:34:03,600 - INFO - Split into 1 chunks
2025-09-24 20:34:03,630 - INFO - Successfully processed data\input\F28.txt
2025-09-24 20:34:03,630 - INFO - Processing file: data\input\F29.txt
2025-09-24 20:34:03,643 - INFO - Split into 1 chunks
2025-09-24 20:34:03,678 - INFO - Successfully processed data\input\F29.txt
2025-09-24 20:34:03,679 - INFO - Processing file: data\input\F3.txt
2025-09-24 20:34:03,681 - INFO - Split into 1 chunks
2025-09-24 20:34:03,720 - INFO - Successfully processed data\input\F3.txt
2025-09-24 20:34:03,721 - INFO - Processing file: data\input\F30.txt
2025-09-24 20:34:03,738 - INFO - Split into 1 chunks
2025-09-24 20:34:03,779 - INFO - Successfully processed data\input\F30.txt
2025-09-24 20:34:03,779 - INFO - Processing file: data\input\F31.txt
2025-09-24 20:34:03,797 - INFO - Split into 1 chunks
2025-09-24 20:34:03,838 - INFO - Successfully processed data\input\F31.txt
2025-09-24 20:34:03,838 - INFO - Processing file: data\input\F32.txt
2025-09-24 20:34:03,841 - INFO - Split into 1 chunks
2025-09-24 20:34:03,879 - INFO - Successfully processed data\input\F32.txt
2025-09-24 20:34:03,879 - INFO - Processing file: data\input\F33.txt
2025-09-24 20:34:03,883 - INFO - Split into 1 chunks
2025-09-24 20:34:03,927 - INFO - Successfully processed data\input\F33.txt
2025-09-24 20:34:03,928 - INFO - Processing file: data\input\F34.txt
2025-09-24 20:34:03,946 - INFO - Split into 1 chunks
2025-09-24 20:34:03,986 - INFO - Successfully processed data\input\F34.txt
2025-09-24 20:34:03,987 - INFO - Processing file: data\input\F35.txt
2025-09-24 20:34:04,004 - INFO - Split into 1 chunks
2025-09-24 20:34:04,038 - INFO - Successfully processed data\input\F35.txt
2025-09-24 20:34:04,038 - INFO - Processing file: data\input\F36.txt
2025-09-24 20:34:04,050 - INFO - Split into 1 chunks
2025-09-24 20:34:04,084 - INFO - Successfully processed data\input\F36.txt
2025-09-24 20:34:04,086 - INFO - Processing file: data\input\F37.txt
2025-09-24 20:34:04,100 - INFO - Split into 1 chunks
2025-09-24 20:34:04,137 - INFO - Successfully processed data\input\F37.txt
2025-09-24 20:34:04,138 - INFO - Processing file: data\input\F38.txt
2025-09-24 20:34:04,151 - INFO - Split into 1 chunks
2025-09-24 20:34:04,186 - INFO - Successfully processed data\input\F38.txt
2025-09-24 20:34:04,186 - INFO - Processing file: data\input\F39.txt
2025-09-24 20:34:04,189 - INFO - Split into 1 chunks
2025-09-24 20:34:04,228 - INFO - Successfully processed data\input\F39.txt
2025-09-24 20:34:04,228 - INFO - Processing file: data\input\F4.txt
2025-09-24 20:34:04,236 - INFO - Split into 1 chunks
2025-09-24 20:34:04,276 - INFO - Successfully processed data\input\F4.txt
2025-09-24 20:34:04,277 - INFO - Processing file: data\input\F40.txt
2025-09-24 20:34:04,296 - INFO - Split into 1 chunks
2025-09-24 20:34:04,331 - INFO - Successfully processed data\input\F40.txt
2025-09-24 20:34:04,331 - INFO - Processing file: data\input\F41.txt
2025-09-24 20:34:04,335 - INFO - Split into 1 chunks
2025-09-24 20:34:04,372 - INFO - Successfully processed data\input\F41.txt
2025-09-24 20:34:04,372 - INFO - Processing file: data\input\F42.txt
2025-09-24 20:34:04,387 - INFO - Split into 1 chunks
2025-09-24 20:34:04,429 - INFO - Successfully processed data\input\F42.txt
2025-09-24 20:34:04,430 - INFO - Processing file: data\input\F43.txt
2025-09-24 20:34:04,433 - INFO - Split into 1 chunks
2025-09-24 20:34:04,467 - INFO - Successfully processed data\input\F43.txt
2025-09-24 20:34:04,468 - INFO - Processing file: data\input\F44.txt
2025-09-24 20:34:04,478 - INFO - Split into 1 chunks
2025-09-24 20:34:04,520 - INFO - Successfully processed data\input\F44.txt
2025-09-24 20:34:04,521 - INFO - Processing file: data\input\F45.txt
2025-09-24 20:34:04,537 - INFO - Split into 1 chunks
2025-09-24 20:34:04,573 - INFO - Successfully processed data\input\F45.txt
2025-09-24 20:34:04,574 - INFO - Processing file: data\input\F46.txt
2025-09-24 20:34:04,592 - INFO - Split into 1 chunks
2025-09-24 20:34:04,638 - INFO - Successfully processed data\input\F46.txt
2025-09-24 20:34:04,639 - INFO - Processing file: data\input\F47.txt
2025-09-24 20:34:04,643 - INFO - Split into 1 chunks
2025-09-24 20:34:04,686 - INFO - Successfully processed data\input\F47.txt
2025-09-24 20:34:04,688 - INFO - Processing file: data\input\F48.txt
2025-09-24 20:34:04,704 - INFO - Split into 1 chunks
2025-09-24 20:34:04,745 - INFO - Successfully processed data\input\F48.txt
2025-09-24 20:34:04,746 - INFO - Processing file: data\input\F49.txt
2025-09-24 20:34:04,760 - INFO - Split into 1 chunks
2025-09-24 20:34:04,793 - INFO - Successfully processed data\input\F49.txt
2025-09-24 20:34:04,793 - INFO - Processing file: data\input\F5.txt
2025-09-24 20:34:04,804 - INFO - Split into 1 chunks
2025-09-24 20:34:04,838 - INFO - Successfully processed data\input\F5.txt
2025-09-24 20:34:04,839 - INFO - Processing file: data\input\F50.txt
2025-09-24 20:34:04,851 - INFO - Split into 1 chunks
2025-09-24 20:34:04,884 - INFO - Successfully processed data\input\F50.txt
2025-09-24 20:34:04,885 - INFO - Processing file: data\input\F51.txt
2025-09-24 20:34:04,911 - INFO - Split into 1 chunks
2025-09-24 20:34:04,955 - INFO - Successfully processed data\input\F51.txt
2025-09-24 20:34:04,956 - INFO - Processing file: data\input\F52.txt
2025-09-24 20:34:04,968 - INFO - Split into 1 chunks
2025-09-24 20:34:04,999 - INFO - Successfully processed data\input\F52.txt
2025-09-24 20:34:04,999 - INFO - Processing file: data\input\F53.txt
2025-09-24 20:34:05,016 - INFO - Split into 1 chunks
2025-09-24 20:34:05,051 - INFO - Successfully processed data\input\F53.txt
2025-09-24 20:34:05,052 - INFO - Processing file: data\input\F54.txt
2025-09-24 20:34:05,066 - INFO - Split into 1 chunks
2025-09-24 20:34:05,101 - INFO - Successfully processed data\input\F54.txt
2025-09-24 20:34:05,102 - INFO - Processing file: data\input\F55.txt
2025-09-24 20:34:05,120 - INFO - Split into 1 chunks
2025-09-24 20:34:05,157 - INFO - Successfully processed data\input\F55.txt
2025-09-24 20:34:05,157 - INFO - Processing file: data\input\F56.txt
2025-09-24 20:34:05,162 - INFO - Split into 1 chunks
2025-09-24 20:34:05,193 - INFO - Successfully processed data\input\F56.txt
2025-09-24 20:34:05,193 - INFO - Processing file: data\input\F57.txt
2025-09-24 20:34:05,208 - INFO - Split into 1 chunks
2025-09-24 20:34:05,241 - INFO - Successfully processed data\input\F57.txt
2025-09-24 20:34:05,241 - INFO - Processing file: data\input\F58.txt
2025-09-24 20:34:05,254 - INFO - Split into 1 chunks
2025-09-24 20:34:05,293 - INFO - Successfully processed data\input\F58.txt
2025-09-24 20:34:05,294 - INFO - Processing file: data\input\F59.txt
2025-09-24 20:34:05,307 - INFO - Split into 1 chunks
2025-09-24 20:34:05,342 - INFO - Successfully processed data\input\F59.txt
2025-09-24 20:34:05,343 - INFO - Processing file: data\input\F6.txt
2025-09-24 20:34:05,357 - INFO - Split into 1 chunks
2025-09-24 20:34:05,394 - INFO - Successfully processed data\input\F6.txt
2025-09-24 20:34:05,395 - INFO - Processing file: data\input\F60.txt
2025-09-24 20:34:05,401 - INFO - Split into 1 chunks
2025-09-24 20:34:05,446 - INFO - Successfully processed data\input\F60.txt
2025-09-24 20:34:05,447 - INFO - Processing file: data\input\F7.txt
2025-09-24 20:34:05,460 - INFO - Split into 1 chunks
2025-09-24 20:34:05,493 - INFO - Successfully processed data\input\F7.txt
2025-09-24 20:34:05,494 - INFO - Processing file: data\input\F8.1.txt
2025-09-24 20:34:05,503 - INFO - Split into 1 chunks
2025-09-24 20:34:05,536 - INFO - Successfully processed data\input\F8.1.txt
2025-09-24 20:34:05,536 - INFO - Processing file: data\input\F8.2.txt
2025-09-24 20:34:05,548 - INFO - Split into 1 chunks
2025-09-24 20:34:05,589 - INFO - Successfully processed data\input\F8.2.txt
2025-09-24 20:34:05,589 - INFO - Processing file: data\input\F9.txt
2025-09-24 20:34:05,600 - INFO - Split into 1 chunks
2025-09-24 20:34:05,794 - INFO - Successfully processed data\input\F9.txt
2026-09-16 19:11:37,037 - INFO - Using device: cuda
2026-09-16 19:11:37,039 - INFO - Loading NLP models...
2026-09-16 19:12:06,246 - INFO - Processing file: data\input\B1.1.13.2.txt
2026-09-16 19:12:06,283 - INFO - Split into 1 chunks
2026-09-16 19:12:06,867 - INFO - Successfully processed data\input\B1.1.13.2.txt
2026-09-16 19:12:06,868 - INFO - Processing file: data\input\B1.1.16.txt
2026-09-16 19:12:06,879 - INFO - Split into 1 chunks
2026-09-16 19:12:06,910 - INFO - Successfully processed data\input\B1.1.16.txt
2026-09-16 19:12:06,910 - INFO - Processing file: data\input\B1.1.9.4.txt
2026-09-16 19:12:06,913 - INFO - Split into 1 chunks
2026-09-16 19:12:06,950 - INFO - Successfully processed data\input\B1.1.9.4.txt
2026-09-16 19:12:06,951 - INFO - Processing file: data\input\B1.2.39.txt
2026-09-16 19:12:06,959 - INFO - Split into 1 chunks
2026-09-16 19:12:07,007 - INFO - Successfully processed data\input\B1.2.39.txt
2026-09-16 19:12:07,007 - INFO - Processing file: data\input\B1.2.43.txt
2026-09-16 19:12:07,011 - INFO - Split into 1 chunks
2026-09-16 19:12:07,057 - INFO - Successfully processed data\input\B1.2.43.txt
2026-09-16 19:12:07,058 - INFO - Processing file: data\input\B1.2.50.txt
2026-09-16 19:12:07,061 - INFO - Split into 1 chunks
2026-09-16 19:12:07,098 - INFO - Successfully processed data\input\B1.2.50.txt
2026-09-16 19:12:07,099 - INFO - Processing file: data\input\B1.3.1.txt
2026-09-16 19:12:07,109 - INFO - Split into 1 chunks
2026-09-16 19:12:07,184 - INFO - Successfully processed data\input\B1.3.1.txt
2026-09-16 19:12:07,185 - INFO - Processing file: data\input\B1.4.25.txt
2026-09-16 19:12:07,193 - INFO - Split into 1 chunks
2026-09-16 19:12:07,229 - INFO - Successfully processed data\input\B1.4.25.txt
2026-09-16 19:12:07,230 - INFO - Processing file: data\input\B1.4.26.1.txt
2026-09-16 19:12:07,239 - INFO - Split into 1 chunks
2026-09-16 19:12:07,294 - INFO - Successfully processed data\input\B1.4.26.1.txt
2026-09-16 19:12:07,295 - INFO - Processing file: data\input\B1.4.26.2.txt
2026-09-16 19:12:07,298 - INFO - Split into 1 chunks
2026-09-16 19:12:07,326 - INFO - Successfully processed data\input\B1.4.26.2.txt
2026-09-16 19:12:07,327 - INFO - Processing file: data\input\B1.4.26.3.txt
2026-09-16 19:12:07,336 - INFO - Split into 1 chunks
2026-09-16 19:12:07,388 - INFO - Successfully processed data\input\B1.4.26.3.txt
2026-09-16 19:12:07,388 - INFO - Processing file: data\input\B1.4.29.txt
2026-09-16 19:12:07,396 - INFO - Split into 1 chunks
2026-09-16 19:12:07,429 - INFO - Successfully processed data\input\B1.4.29.txt
2026-09-16 19:12:07,430 - INFO - Processing file: data\input\B1.9.7.txt
2026-09-16 19:12:07,433 - INFO - Split into 1 chunks
2026-09-16 19:12:07,472 - INFO - Successfully processed data\input\B1.9.7.txt
2026-09-16 19:12:07,473 - INFO - Processing file: data\input\B12.3.2.txt
2026-09-16 19:12:07,482 - INFO - Split into 1 chunks
2026-09-16 19:12:07,527 - INFO - Successfully processed data\input\B12.3.2.txt
2026-09-16 19:12:07,527 - INFO - Processing file: data\input\B3.4.51.txt
2026-09-16 19:12:07,536 - INFO - Split into 1 chunks
2026-09-16 19:12:07,590 - INFO - Successfully processed data\input\B3.4.51.txt
2026-09-16 19:12:07,591 - INFO - Processing file: data\input\B3.4.52.txt
2026-09-16 19:12:07,600 - INFO - Split into 1 chunks
2026-09-16 19:12:07,646 - INFO - Successfully processed data\input\B3.4.52.txt
2026-09-20 21:02:13,398 - INFO - Using device: cuda
2026-09-20 21:02:13,401 - INFO - Loading NLP models...
2026-09-20 21:02:44,999 - INFO - Processing file: data\input\A10.2.txt
2026-09-20 21:02:45,034 - INFO - Split into 1 chunks
2026-09-20 21:02:45,677 - INFO - Successfully processed data\input\A10.2.txt
2026-09-20 21:02:45,679 - INFO - Processing file: data\input\A10.3.txt
2026-09-20 21:02:45,689 - INFO - Split into 1 chunks
2026-09-20 21:02:45,735 - INFO - Successfully processed data\input\A10.3.txt
2026-09-20 21:02:45,736 - INFO - Processing file: data\input\A10.5.txt
2026-09-20 21:02:45,748 - INFO - Split into 1 chunks
2026-09-20 21:02:45,808 - INFO - Successfully processed data\input\A10.5.txt
2026-09-20 21:02:45,808 - INFO - Processing file: data\input\A10.6.txt
2026-09-20 21:02:45,818 - INFO - Split into 1 chunks
2026-09-20 21:02:45,863 - INFO - Successfully processed data\input\A10.6.txt
2026-09-20 21:02:45,864 - INFO - Processing file: data\input\A16.txt
2026-09-20 21:02:45,871 - INFO - Split into 1 chunks
2026-09-20 21:02:45,921 - INFO - Successfully processed data\input\A16.txt
2026-09-20 21:02:45,922 - INFO - Processing file: data\input\A19.txt
2026-09-20 21:02:45,935 - INFO - Split into 1 chunks
2026-09-20 21:02:45,980 - INFO - Successfully processed data\input\A19.txt
2026-09-20 21:02:45,981 - INFO - Processing file: data\input\A22.txt
2026-09-20 21:02:45,992 - INFO - Split into 1 chunks
2026-09-20 21:02:46,047 - INFO - Successfully processed data\input\A22.txt
2026-09-20 21:02:46,048 - INFO - Processing file: data\input\A23.txt
2026-09-20 21:02:46,067 - INFO - Split into 1 chunks
2026-09-20 21:02:46,143 - INFO - Successfully processed data\input\A23.txt
2026-09-20 21:02:46,144 - INFO - Processing file: data\input\A25.txt
2026-09-20 21:02:46,153 - INFO - Split into 1 chunks
2026-09-20 21:02:46,207 - INFO - Successfully processed data\input\A25.txt
2026-09-20 21:02:46,208 - INFO - Processing file: data\input\A27.txt
2026-09-20 21:02:46,217 - INFO - Split into 1 chunks
2026-09-20 21:02:46,250 - INFO - Successfully processed data\input\A27.txt
2026-09-20 21:02:46,251 - INFO - Processing file: data\input\A29.txt
2026-09-20 21:02:46,261 - INFO - Split into 1 chunks
2026-09-20 21:02:46,296 - INFO - Successfully processed data\input\A29.txt
2026-09-20 21:02:46,296 - INFO - Processing file: data\input\A3.18.txt
2026-09-20 21:02:46,306 - INFO - Split into 1 chunks
2026-09-20 21:02:46,341 - INFO - Successfully processed data\input\A3.18.txt
2026-09-20 21:02:46,341 - INFO - Processing file: data\input\A3.21.txt
2026-09-20 21:02:46,354 - INFO - Split into 1 chunks
2026-09-20 21:02:46,397 - INFO - Successfully processed data\input\A3.21.txt
2026-09-20 21:02:46,397 - INFO - Processing file: data\input\A3.22.1.txt
2026-09-20 21:02:46,406 - INFO - Split into 1 chunks
2026-09-20 21:02:46,439 - INFO - Successfully processed data\input\A3.22.1.txt
2026-09-20 21:02:46,439 - INFO - Processing file: data\input\A3.22.11.txt
2026-09-20 21:02:46,451 - INFO - Split into 1 chunks
2026-09-20 21:02:46,486 - INFO - Successfully processed data\input\A3.22.11.txt
2026-09-20 21:02:46,487 - INFO - Processing file: data\input\A3.22.12.txt
2026-09-20 21:02:46,499 - INFO - Split into 1 chunks
2026-09-20 21:02:46,533 - INFO - Successfully processed data\input\A3.22.12.txt
2026-09-20 21:02:46,534 - INFO - Processing file: data\input\A3.22.14.txt
2026-09-20 21:02:46,543 - INFO - Split into 1 chunks
2026-09-20 21:02:46,585 - INFO - Successfully processed data\input\A3.22.14.txt
2026-09-20 21:02:46,586 - INFO - Processing file: data\input\A3.22.15.txt
2026-09-20 21:02:46,596 - INFO - Split into 1 chunks
2026-09-20 21:02:46,639 - INFO - Successfully processed data\input\A3.22.15.txt
2026-09-20 21:02:46,640 - INFO - Processing file: data\input\A3.22.16.txt
2026-09-20 21:02:46,649 - INFO - Split into 1 chunks
2026-09-20 21:02:46,689 - INFO - Successfully processed data\input\A3.22.16.txt
2026-09-20 21:02:46,689 - INFO - Processing file: data\input\A3.22.17.txt
2026-09-20 21:02:46,699 - INFO - Split into 1 chunks
2026-09-20 21:02:46,732 - INFO - Successfully processed data\input\A3.22.17.txt
2026-09-20 21:02:46,732 - INFO - Processing file: data\input\A3.22.18.txt
2026-09-20 21:02:46,742 - INFO - Split into 1 chunks
2026-09-20 21:02:46,774 - INFO - Successfully processed data\input\A3.22.18.txt
2026-09-20 21:02:46,775 - INFO - Processing file: data\input\A3.22.19.txt
2026-09-20 21:02:46,786 - INFO - Split into 1 chunks
2026-09-20 21:02:46,823 - INFO - Successfully processed data\input\A3.22.19.txt
2026-09-20 21:02:46,823 - INFO - Processing file: data\input\A3.22.2.txt
2026-09-20 21:02:46,834 - INFO - Split into 1 chunks
2026-09-20 21:02:46,869 - INFO - Successfully processed data\input\A3.22.2.txt
2026-09-20 21:02:46,870 - INFO - Processing file: data\input\A3.22.20.txt
2026-09-20 21:02:46,881 - INFO - Split into 1 chunks
2026-09-20 21:02:46,946 - INFO - Successfully processed data\input\A3.22.20.txt
2026-09-20 21:02:46,947 - INFO - Processing file: data\input\A3.22.22.txt
2026-09-20 21:02:46,959 - INFO - Split into 1 chunks
2026-09-20 21:02:47,000 - INFO - Successfully processed data\input\A3.22.22.txt
2026-09-20 21:02:47,001 - INFO - Processing file: data\input\A3.22.23.txt
2026-09-20 21:02:47,012 - INFO - Split into 1 chunks
2026-09-20 21:02:47,053 - INFO - Successfully processed data\input\A3.22.23.txt
2026-09-20 21:02:47,055 - INFO - Processing file: data\input\A3.22.25.txt
2026-09-20 21:02:47,066 - INFO - Split into 1 chunks
2026-09-20 21:02:47,100 - INFO - Successfully processed data\input\A3.22.25.txt
2026-09-20 21:02:47,101 - INFO - Processing file: data\input\A3.22.26.txt
2026-09-20 21:02:47,109 - INFO - Split into 1 chunks
2026-09-20 21:02:47,158 - INFO - Successfully processed data\input\A3.22.26.txt
2026-09-20 21:02:47,158 - INFO - Processing file: data\input\A3.22.27.txt
2026-09-20 21:02:47,168 - INFO - Split into 1 chunks
2026-09-20 21:02:47,208 - INFO - Successfully processed data\input\A3.22.27.txt
2026-09-20 21:02:47,209 - INFO - Processing file: data\input\A3.22.28.txt
2026-09-20 21:02:47,216 - INFO - Split into 1 chunks
2026-09-20 21:02:47,250 - INFO - Successfully processed data\input\A3.22.28.txt
2026-09-20 21:02:47,251 - INFO - Processing file: data\input\A3.22.29.txt
2026-09-20 21:02:47,263 - INFO - Split into 1 chunks
2026-09-20 21:02:47,300 - INFO - Successfully processed data\input\A3.22.29.txt
2026-09-20 21:02:47,300 - INFO - Processing file: data\input\A3.22.30.txt
2026-09-20 21:02:47,311 - INFO - Split into 1 chunks
2026-09-20 21:02:47,349 - INFO - Successfully processed data\input\A3.22.30.txt
2026-09-20 21:02:47,349 - INFO - Processing file: data\input\A3.22.31.txt
2026-09-20 21:02:47,358 - INFO - Split into 1 chunks
2026-09-20 21:02:47,400 - INFO - Successfully processed data\input\A3.22.31.txt
2026-09-20 21:02:47,401 - INFO - Processing file: data\input\A3.22.32.txt
2026-09-20 21:02:47,409 - INFO - Split into 1 chunks
2026-09-20 21:02:47,450 - INFO - Successfully processed data\input\A3.22.32.txt
2026-09-20 21:02:47,451 - INFO - Processing file: data\input\A3.22.33.txt
2026-09-20 21:02:47,461 - INFO - Split into 1 chunks
2026-09-20 21:02:47,496 - INFO - Successfully processed data\input\A3.22.33.txt
2026-09-20 21:02:47,497 - INFO - Processing file: data\input\A3.22.34.txt
2026-09-20 21:02:47,511 - INFO - Split into 1 chunks
2026-09-20 21:02:47,547 - INFO - Successfully processed data\input\A3.22.34.txt
2026-09-20 21:02:47,548 - INFO - Processing file: data\input\A3.22.36.txt
2026-09-20 21:02:47,557 - INFO - Split into 1 chunks
2026-09-20 21:02:47,594 - INFO - Successfully processed data\input\A3.22.36.txt
2026-09-20 21:02:47,595 - INFO - Processing file: data\input\A3.22.38.txt
2026-09-20 21:02:47,604 - INFO - Split into 1 chunks
2026-09-20 21:02:47,643 - INFO - Successfully processed data\input\A3.22.38.txt
2026-09-20 21:02:47,643 - INFO - Processing file: data\input\A3.22.39.txt
2026-09-20 21:02:47,655 - INFO - Split into 1 chunks
2026-09-20 21:02:47,720 - INFO - Successfully processed data\input\A3.22.39.txt
2026-09-20 21:02:47,721 - INFO - Processing file: data\input\A3.22.4.txt
2026-09-20 21:02:47,733 - INFO - Split into 1 chunks
2026-09-20 21:02:47,768 - INFO - Successfully processed data\input\A3.22.4.txt
2026-09-20 21:02:47,770 - INFO - Processing file: data\input\A3.22.41.txt
2026-09-20 21:02:47,783 - INFO - Split into 1 chunks
2026-09-20 21:02:47,819 - INFO - Successfully processed data\input\A3.22.41.txt
2026-09-20 21:02:47,820 - INFO - Processing file: data\input\A3.22.42.txt
2026-09-20 21:02:47,835 - INFO - Split into 1 chunks
2026-09-20 21:02:47,874 - INFO - Successfully processed data\input\A3.22.42.txt
2026-09-20 21:02:47,874 - INFO - Processing file: data\input\A3.22.43.txt
2026-09-20 21:02:47,884 - INFO - Split into 1 chunks
2026-09-20 21:02:47,922 - INFO - Successfully processed data\input\A3.22.43.txt
2026-09-20 21:02:47,923 - INFO - Processing file: data\input\A3.22.44.txt
2026-09-20 21:02:47,933 - INFO - Split into 1 chunks
2026-09-20 21:02:47,983 - INFO - Successfully processed data\input\A3.22.44.txt
2026-09-20 21:02:47,984 - INFO - Processing file: data\input\A3.22.45.txt
2026-09-20 21:02:47,996 - INFO - Split into 1 chunks
2026-09-20 21:02:48,034 - INFO - Successfully processed data\input\A3.22.45.txt
2026-09-20 21:02:48,034 - INFO - Processing file: data\input\A3.22.46.txt
2026-09-20 21:02:48,044 - INFO - Split into 1 chunks
2026-09-20 21:02:48,077 - INFO - Successfully processed data\input\A3.22.46.txt
2026-09-20 21:02:48,078 - INFO - Processing file: data\input\A3.22.47.txt
2026-09-20 21:02:48,088 - INFO - Split into 1 chunks
2026-09-20 21:02:48,119 - INFO - Successfully processed data\input\A3.22.47.txt
2026-09-20 21:02:48,121 - INFO - Processing file: data\input\A3.22.48.txt
2026-09-20 21:02:48,132 - INFO - Split into 1 chunks
2026-09-20 21:02:48,160 - INFO - Successfully processed data\input\A3.22.48.txt
2026-09-20 21:02:48,161 - INFO - Processing file: data\input\A3.22.49.txt
2026-09-20 21:02:48,170 - INFO - Split into 1 chunks
2026-09-20 21:02:48,199 - INFO - Successfully processed data\input\A3.22.49.txt
2026-09-20 21:02:48,200 - INFO - Processing file: data\input\A3.22.5.txt
2026-09-20 21:02:48,209 - INFO - Split into 1 chunks
2026-09-20 21:02:48,243 - INFO - Successfully processed data\input\A3.22.5.txt
2026-09-20 21:02:48,244 - INFO - Processing file: data\input\A3.22.50.txt
2026-09-20 21:02:48,254 - INFO - Split into 1 chunks
2026-09-20 21:02:48,283 - INFO - Successfully processed data\input\A3.22.50.txt
2026-09-20 21:02:48,284 - INFO - Processing file: data\input\A3.22.52.txt
2026-09-20 21:02:48,293 - INFO - Split into 1 chunks
2026-09-20 21:02:48,327 - INFO - Successfully processed data\input\A3.22.52.txt
2026-09-20 21:02:48,327 - INFO - Processing file: data\input\A3.22.53.txt
2026-09-20 21:02:48,338 - INFO - Split into 1 chunks
2026-09-20 21:02:48,376 - INFO - Successfully processed data\input\A3.22.53.txt
2026-09-20 21:02:48,377 - INFO - Processing file: data\input\A3.22.54.txt
2026-09-20 21:02:48,386 - INFO - Split into 1 chunks
2026-09-20 21:02:48,420 - INFO - Successfully processed data\input\A3.22.54.txt
2026-09-20 21:02:48,420 - INFO - Processing file: data\input\A3.22.55.txt
2026-09-20 21:02:48,429 - INFO - Split into 1 chunks
2026-09-20 21:02:48,470 - INFO - Successfully processed data\input\A3.22.55.txt
2026-09-20 21:02:48,470 - INFO - Processing file: data\input\A3.22.56.txt
2026-09-20 21:02:48,484 - INFO - Split into 1 chunks
2026-09-20 21:02:48,524 - INFO - Successfully processed data\input\A3.22.56.txt
2026-09-20 21:02:48,525 - INFO - Processing file: data\input\A3.22.57.txt
2026-09-20 21:02:48,534 - INFO - Split into 1 chunks
2026-09-20 21:02:48,587 - INFO - Successfully processed data\input\A3.22.57.txt
2026-09-20 21:02:48,587 - INFO - Processing file: data\input\A3.22.58.txt
2026-09-20 21:02:48,598 - INFO - Split into 1 chunks
2026-09-20 21:02:48,639 - INFO - Successfully processed data\input\A3.22.58.txt
2026-09-20 21:02:48,640 - INFO - Processing file: data\input\A3.22.59.txt
2026-09-20 21:02:48,652 - INFO - Split into 1 chunks
2026-09-20 21:02:48,692 - INFO - Successfully processed data\input\A3.22.59.txt
2026-09-20 21:02:48,693 - INFO - Processing file: data\input\A3.22.7.txt
2026-09-20 21:02:48,701 - INFO - Split into 1 chunks
2026-09-20 21:02:48,735 - INFO - Successfully processed data\input\A3.22.7.txt
2026-09-20 21:02:48,736 - INFO - Processing file: data\input\A3.22.8.txt
2026-09-20 21:02:48,746 - INFO - Split into 1 chunks
2026-09-20 21:02:48,779 - INFO - Successfully processed data\input\A3.22.8.txt
2026-09-20 21:02:48,779 - INFO - Processing file: data\input\A3.22.9.txt
2026-09-20 21:02:48,789 - INFO - Split into 1 chunks
2026-09-20 21:02:48,825 - INFO - Successfully processed data\input\A3.22.9.txt
2026-09-20 21:02:48,826 - INFO - Processing file: data\input\A3.27.txt
2026-09-20 21:02:48,836 - INFO - Split into 1 chunks
2026-09-20 21:02:48,868 - INFO - Successfully processed data\input\A3.27.txt
2026-09-20 21:02:48,869 - INFO - Processing file: data\input\A3.29.txt
2026-09-20 21:02:48,880 - INFO - Split into 1 chunks
2026-09-20 21:02:48,915 - INFO - Successfully processed data\input\A3.29.txt
2026-09-20 21:02:48,915 - INFO - Processing file: data\input\A3.31.1.txt
2026-09-20 21:02:48,923 - INFO - Split into 1 chunks
2026-09-20 21:02:48,954 - INFO - Successfully processed data\input\A3.31.1.txt
2026-09-20 21:02:48,955 - INFO - Processing file: data\input\A3.31.2.txt
2026-09-20 21:02:48,963 - INFO - Split into 1 chunks
2026-09-20 21:02:49,004 - INFO - Successfully processed data\input\A3.31.2.txt
2026-09-20 21:02:49,005 - INFO - Processing file: data\input\A3.32.txt
2026-09-20 21:02:49,017 - INFO - Split into 1 chunks
2026-09-20 21:02:49,086 - INFO - Successfully processed data\input\A3.32.txt
2026-09-20 21:02:49,087 - INFO - Processing file: data\input\A3.33.txt
2026-09-20 21:02:49,099 - INFO - Split into 1 chunks
2026-09-20 21:02:49,172 - INFO - Successfully processed data\input\A3.33.txt
2026-09-20 21:02:49,172 - INFO - Processing file: data\input\A3.34.10.txt
2026-09-20 21:02:49,183 - INFO - Split into 1 chunks
2026-09-20 21:02:49,218 - INFO - Successfully processed data\input\A3.34.10.txt
2026-09-20 21:02:49,218 - INFO - Processing file: data\input\A3.34.12.txt
2026-09-20 21:02:49,227 - INFO - Split into 1 chunks
2026-09-20 21:02:49,265 - INFO - Successfully processed data\input\A3.34.12.txt
2026-09-20 21:02:49,266 - INFO - Processing file: data\input\A3.34.13.txt
2026-09-20 21:02:49,277 - INFO - Split into 1 chunks
2026-09-20 21:02:49,312 - INFO - Successfully processed data\input\A3.34.13.txt
2026-09-20 21:02:49,312 - INFO - Processing file: data\input\A3.34.14.txt
2026-09-20 21:02:49,321 - INFO - Split into 1 chunks
2026-09-20 21:02:49,357 - INFO - Successfully processed data\input\A3.34.14.txt
2026-09-20 21:02:49,357 - INFO - Processing file: data\input\A3.34.15.txt
2026-09-20 21:02:49,365 - INFO - Split into 1 chunks
2026-09-20 21:02:49,398 - INFO - Successfully processed data\input\A3.34.15.txt
2026-09-20 21:02:49,398 - INFO - Processing file: data\input\A3.34.16.txt
2026-09-20 21:02:49,407 - INFO - Split into 1 chunks
2026-09-20 21:02:49,513 - INFO - Successfully processed data\input\A3.34.16.txt
2026-09-20 21:02:49,514 - INFO - Processing file: data\input\A3.34.17.txt
2026-09-20 21:02:49,525 - INFO - Split into 1 chunks
2026-09-20 21:02:49,562 - INFO - Successfully processed data\input\A3.34.17.txt
2026-09-20 21:02:49,563 - INFO - Processing file: data\input\A3.34.19.txt
2026-09-20 21:02:49,572 - INFO - Split into 1 chunks
2026-09-20 21:02:49,608 - INFO - Successfully processed data\input\A3.34.19.txt
2026-09-20 21:02:49,608 - INFO - Processing file: data\input\A3.34.2.txt
2026-09-20 21:02:49,618 - INFO - Split into 1 chunks
2026-09-20 21:02:49,647 - INFO - Successfully processed data\input\A3.34.2.txt
2026-09-20 21:02:49,648 - INFO - Processing file: data\input\A3.34.20.txt
2026-09-20 21:02:49,655 - INFO - Split into 1 chunks
2026-09-20 21:02:49,693 - INFO - Successfully processed data\input\A3.34.20.txt
2026-09-20 21:02:49,694 - INFO - Processing file: data\input\A3.34.21.txt
2026-09-20 21:02:49,704 - INFO - Split into 1 chunks
2026-09-20 21:02:49,738 - INFO - Successfully processed data\input\A3.34.21.txt
2026-09-20 21:02:49,739 - INFO - Processing file: data\input\A3.34.23.txt
2026-09-20 21:02:49,748 - INFO - Split into 1 chunks
2026-09-20 21:02:49,782 - INFO - Successfully processed data\input\A3.34.23.txt
2026-09-20 21:02:49,782 - INFO - Processing file: data\input\A3.34.24.txt
2026-09-20 21:02:49,791 - INFO - Split into 1 chunks
2026-09-20 21:02:49,858 - INFO - Successfully processed data\input\A3.34.24.txt
2026-09-20 21:02:49,858 - INFO - Processing file: data\input\A3.34.25.txt
2026-09-20 21:02:49,868 - INFO - Split into 1 chunks
2026-09-20 21:02:49,903 - INFO - Successfully processed data\input\A3.34.25.txt
2026-09-20 21:02:49,904 - INFO - Processing file: data\input\A3.34.26.txt
2026-09-20 21:02:49,912 - INFO - Split into 1 chunks
2026-09-20 21:02:49,940 - INFO - Successfully processed data\input\A3.34.26.txt
2026-09-20 21:02:49,940 - INFO - Processing file: data\input\A3.34.27.txt
2026-09-20 21:02:49,952 - INFO - Split into 1 chunks
2026-09-20 21:02:49,981 - INFO - Successfully processed data\input\A3.34.27.txt
2026-09-20 21:02:49,982 - INFO - Processing file: data\input\A3.34.29.txt
2026-09-20 21:02:49,994 - INFO - Split into 1 chunks
2026-09-20 21:02:50,029 - INFO - Successfully processed data\input\A3.34.29.txt
2026-09-20 21:02:50,031 - INFO - Processing file: data\input\A3.34.3.txt
2026-09-20 21:02:50,041 - INFO - Split into 1 chunks
2026-09-20 21:02:50,075 - INFO - Successfully processed data\input\A3.34.3.txt
2026-09-20 21:02:50,076 - INFO - Processing file: data\input\A3.34.31.txt
2026-09-20 21:02:50,087 - INFO - Split into 1 chunks
2026-09-20 21:02:50,120 - INFO - Successfully processed data\input\A3.34.31.txt
2026-09-20 21:02:50,121 - INFO - Processing file: data\input\A3.34.32.txt
2026-09-20 21:02:50,130 - INFO - Split into 1 chunks
2026-09-20 21:02:50,160 - INFO - Successfully processed data\input\A3.34.32.txt
2026-09-20 21:02:50,161 - INFO - Processing file: data\input\A3.34.34.txt
2026-09-20 21:02:50,170 - INFO - Split into 1 chunks
2026-09-20 21:02:50,199 - INFO - Successfully processed data\input\A3.34.34.txt
2026-09-20 21:02:50,200 - INFO - Processing file: data\input\A3.34.35.txt
2026-09-20 21:02:50,209 - INFO - Split into 1 chunks
2026-09-20 21:02:50,248 - INFO - Successfully processed data\input\A3.34.35.txt
2026-09-20 21:02:50,249 - INFO - Processing file: data\input\A3.34.4.txt
2026-09-20 21:02:50,257 - INFO - Split into 1 chunks
2026-09-20 21:02:50,288 - INFO - Successfully processed data\input\A3.34.4.txt
2026-09-20 21:02:50,288 - INFO - Processing file: data\input\A3.34.5.txt
2026-09-20 21:02:50,300 - INFO - Split into 1 chunks
2026-09-20 21:02:50,330 - INFO - Successfully processed data\input\A3.34.5.txt
2026-09-20 21:02:50,331 - INFO - Processing file: data\input\A3.34.6.txt
2026-09-20 21:02:50,340 - INFO - Split into 1 chunks
2026-09-20 21:02:50,372 - INFO - Successfully processed data\input\A3.34.6.txt
2026-09-20 21:02:50,373 - INFO - Processing file: data\input\A3.34.8.txt
2026-09-20 21:02:50,380 - INFO - Split into 1 chunks
2026-09-20 21:02:50,411 - INFO - Successfully processed data\input\A3.34.8.txt
2026-09-20 21:02:50,412 - INFO - Processing file: data\input\A3.34.9.txt
2026-09-20 21:02:50,422 - INFO - Split into 1 chunks
2026-09-20 21:02:50,464 - INFO - Successfully processed data\input\A3.34.9.txt
2026-09-20 21:02:50,464 - INFO - Processing file: data\input\A32.1.txt
2026-09-20 21:02:50,479 - INFO - Split into 1 chunks
2026-09-20 21:02:50,538 - INFO - Successfully processed data\input\A32.1.txt
2026-09-20 21:02:50,539 - INFO - Processing file: data\input\A32.2.txt
2026-09-20 21:02:50,553 - INFO - Split into 1 chunks
2026-09-20 21:02:50,597 - INFO - Successfully processed data\input\A32.2.txt
2026-09-20 21:02:50,598 - INFO - Processing file: data\input\A33.1.txt
2026-09-20 21:02:50,657 - INFO - Split into 1 chunks
2026-09-20 21:02:50,715 - INFO - Successfully processed data\input\A33.1.txt
2026-09-20 21:02:50,716 - INFO - Processing file: data\input\A33.2.txt
2026-09-20 21:02:50,732 - INFO - Split into 1 chunks
2026-09-20 21:02:50,792 - INFO - Successfully processed data\input\A33.2.txt
2026-09-20 21:02:50,793 - INFO - Processing file: data\input\A33.3.txt
2026-09-20 21:02:50,807 - INFO - Split into 1 chunks
2026-09-20 21:02:50,854 - INFO - Successfully processed data\input\A33.3.txt
2026-09-20 21:02:50,855 - INFO - Processing file: data\input\A34.txt
2026-09-20 21:02:50,869 - INFO - Split into 1 chunks
2026-09-20 21:02:50,924 - INFO - Successfully processed data\input\A34.txt
2026-09-20 21:02:50,925 - INFO - Processing file: data\input\A35.txt
2026-09-20 21:02:50,947 - INFO - Split into 1 chunks
2026-09-20 21:02:50,996 - INFO - Successfully processed data\input\A35.txt
2026-09-20 21:02:50,997 - INFO - Processing file: data\input\A36.txt
2026-09-20 21:02:51,010 - INFO - Split into 1 chunks
2026-09-20 21:02:51,055 - INFO - Successfully processed data\input\A36.txt
2026-09-20 21:02:51,056 - INFO - Processing file: data\input\A37.txt
2026-09-20 21:02:51,072 - INFO - Split into 1 chunks
2026-09-20 21:02:51,142 - INFO - Successfully processed data\input\A37.txt
2026-09-20 21:02:51,143 - INFO - Processing file: data\input\A38.txt
2026-09-20 21:02:51,156 - INFO - Split into 1 chunks
2026-09-20 21:02:51,201 - INFO - Successfully processed data\input\A38.txt
2026-09-20 21:02:51,202 - INFO - Processing file: data\input\A39.txt
2026-09-20 21:02:51,213 - INFO - Split into 1 chunks
2026-09-20 21:02:51,292 - INFO - Successfully processed data\input\A39.txt
2026-09-20 21:02:51,294 - INFO - Processing file: data\input\A43.10.txt
2026-09-20 21:02:51,323 - INFO - Split into 1 chunks
2026-09-20 21:02:51,403 - INFO - Successfully processed data\input\A43.10.txt
2026-09-20 21:02:51,405 - INFO - Processing file: data\input\A43.11.txt
2026-09-20 21:02:51,428 - INFO - Split into 1 chunks
2026-09-20 21:02:51,506 - INFO - Successfully processed data\input\A43.11.txt
2026-09-20 21:02:51,508 - INFO - Processing file: data\input\A43.12.txt
2026-09-20 21:02:51,525 - INFO - Split into 1 chunks
2026-09-20 21:02:51,591 - INFO - Successfully processed data\input\A43.12.txt
2026-09-20 21:02:51,592 - INFO - Processing file: data\input\A43.3.txt
2026-09-20 21:02:51,612 - INFO - Split into 1 chunks
2026-09-20 21:02:51,671 - INFO - Successfully processed data\input\A43.3.txt
2026-09-20 21:02:51,672 - INFO - Processing file: data\input\A43.4.txt
2026-09-20 21:02:51,693 - INFO - Split into 1 chunks
2026-09-20 21:02:51,771 - INFO - Successfully processed data\input\A43.4.txt
2026-09-20 21:02:51,772 - INFO - Processing file: data\input\A43.5.txt
2026-09-20 21:02:51,788 - INFO - Split into 1 chunks
2026-09-20 21:02:51,846 - INFO - Successfully processed data\input\A43.5.txt
2026-09-20 21:02:51,848 - INFO - Processing file: data\input\A43.6.txt
2026-09-20 21:02:51,870 - INFO - Split into 1 chunks
2026-09-20 21:02:51,926 - INFO - Successfully processed data\input\A43.6.txt
2026-09-20 21:02:51,926 - INFO - Processing file: data\input\A43.7.txt
2026-09-20 21:02:51,947 - INFO - Split into 1 chunks
2026-09-20 21:02:52,020 - INFO - Successfully processed data\input\A43.7.txt
2026-09-20 21:02:52,021 - INFO - Processing file: data\input\A43.8.txt
2026-09-20 21:02:52,051 - INFO - Split into 1 chunks
2026-09-20 21:02:52,138 - INFO - Successfully processed data\input\A43.8.txt
2026-09-20 21:02:52,139 - INFO - Processing file: data\input\A43.9.txt
2026-09-20 21:02:52,174 - INFO - Split into 1 chunks
2026-09-20 21:02:52,231 - INFO - Successfully processed data\input\A43.9.txt
2026-09-20 21:02:52,232 - INFO - Processing file: data\input\A45.txt
2026-09-20 21:02:52,243 - INFO - Split into 1 chunks
2026-09-20 21:02:52,292 - INFO - Successfully processed data\input\A45.txt
2026-09-20 21:02:52,293 - INFO - Processing file: data\input\A46.1.txt
2026-09-20 21:02:52,305 - INFO - Split into 1 chunks
2026-09-20 21:02:52,348 - INFO - Successfully processed data\input\A46.1.txt
2026-09-20 21:02:52,349 - INFO - Processing file: data\input\A46.2.txt
2026-09-20 21:02:52,365 - INFO - Split into 1 chunks
2026-09-20 21:02:52,412 - INFO - Successfully processed data\input\A46.2.txt
2026-09-20 21:02:52,414 - INFO - Processing file: data\input\A47.txt
2026-09-20 21:02:52,431 - INFO - Split into 1 chunks
2026-09-20 21:02:52,500 - INFO - Successfully processed data\input\A47.txt
2026-09-20 21:02:52,500 - INFO - Processing file: data\input\A49.txt
2026-09-20 21:02:52,511 - INFO - Split into 1 chunks
2026-09-20 21:02:52,560 - INFO - Successfully processed data\input\A49.txt
2026-09-20 21:02:52,561 - INFO - Processing file: data\input\A8.1.txt
2026-09-20 21:02:52,577 - INFO - Split into 1 chunks
2026-09-20 21:02:52,647 - INFO - Successfully processed data\input\A8.1.txt
2026-09-20 21:02:52,647 - INFO - Processing file: data\input\A8.txt
2026-09-20 21:02:52,662 - INFO - Split into 1 chunks
2026-09-20 21:02:52,726 - INFO - Successfully processed data\input\A8.txt
2026-09-20 21:02:52,727 - INFO - Processing file: data\input\B10.4.2.txt
2026-09-20 21:02:52,740 - INFO - Split into 1 chunks
2026-09-20 21:02:52,798 - INFO - Successfully processed data\input\B10.4.2.txt
2026-09-20 21:02:52,800 - INFO - Processing file: data\input\B10.4.3.txt
2026-09-20 21:02:52,819 - INFO - Split into 1 chunks
2026-09-20 21:02:52,892 - INFO - Successfully processed data\input\B10.4.3.txt
2026-09-20 21:02:52,893 - INFO - Processing file: data\input\B11.1.2.txt
2026-09-20 21:02:52,912 - INFO - Split into 1 chunks
2026-09-20 21:02:52,980 - INFO - Successfully processed data\input\B11.1.2.txt
2026-09-20 21:02:52,981 - INFO - Processing file: data\input\B11.1.3.txt
2026-09-20 21:02:53,004 - INFO - Split into 1 chunks
2026-09-20 21:02:53,075 - INFO - Successfully processed data\input\B11.1.3.txt
2026-09-20 21:02:53,078 - INFO - Processing file: data\input\B11.10.5.txt
2026-09-20 21:02:53,103 - INFO - Split into 1 chunks
2026-09-20 21:02:53,182 - INFO - Successfully processed data\input\B11.10.5.txt
2026-09-20 21:02:53,183 - INFO - Processing file: data\input\B11.11.txt
2026-09-20 21:02:53,206 - INFO - Split into 1 chunks
2026-09-20 21:02:53,271 - INFO - Successfully processed data\input\B11.11.txt
2026-09-20 21:02:53,272 - INFO - Processing file: data\input\B11.3.1.2.txt
2026-09-20 21:02:53,294 - INFO - Split into 1 chunks
2026-09-20 21:02:53,353 - INFO - Successfully processed data\input\B11.3.1.2.txt
2026-09-20 21:02:53,354 - INFO - Processing file: data\input\B11.7.txt
2026-09-20 21:02:53,370 - INFO - Split into 1 chunks
2026-09-20 21:02:53,416 - INFO - Successfully processed data\input\B11.7.txt
2026-09-20 21:02:53,417 - INFO - Processing file: data\input\B11.8.txt
2026-09-20 21:02:53,430 - INFO - Split into 1 chunks
2026-09-20 21:02:53,469 - INFO - Successfully processed data\input\B11.8.txt
2026-09-20 21:02:53,470 - INFO - Processing file: data\input\B11.9.1.txt
2026-09-20 21:02:53,480 - INFO - Split into 1 chunks
2026-09-20 21:02:53,530 - INFO - Successfully processed data\input\B11.9.1.txt
2026-09-20 21:02:53,531 - INFO - Processing file: data\input\B11.9.2.txt
2026-09-20 21:02:53,547 - INFO - Split into 1 chunks
2026-09-20 21:02:53,595 - INFO - Successfully processed data\input\B11.9.2.txt
2026-09-20 21:02:53,596 - INFO - Processing file: data\input\B11.9.5.txt
2026-09-20 21:02:53,610 - INFO - Split into 1 chunks
2026-09-20 21:02:53,658 - INFO - Successfully processed data\input\B11.9.5.txt
2026-09-20 21:02:53,658 - INFO - Processing file: data\input\B12.10.1.txt
2026-09-20 21:02:53,674 - INFO - Split into 1 chunks
2026-09-20 21:02:53,726 - INFO - Successfully processed data\input\B12.10.1.txt
2026-09-20 21:02:53,726 - INFO - Processing file: data\input\B12.11.txt
2026-09-20 21:02:53,739 - INFO - Split into 1 chunks
2026-09-20 21:02:53,785 - INFO - Successfully processed data\input\B12.11.txt
2026-09-20 21:02:53,786 - INFO - Processing file: data\input\B12.3.3.txt
2026-09-20 21:02:53,802 - INFO - Split into 1 chunks
2026-09-20 21:02:53,855 - INFO - Successfully processed data\input\B12.3.3.txt
2026-09-20 21:02:53,856 - INFO - Processing file: data\input\B12.4.10.1.3.txt
2026-09-20 21:02:53,869 - INFO - Split into 1 chunks
2026-09-20 21:02:53,922 - INFO - Successfully processed data\input\B12.4.10.1.3.txt
2026-09-20 21:02:53,923 - INFO - Processing file: data\input\B12.4.10.1.4.txt
2026-09-20 21:02:53,941 - INFO - Split into 1 chunks
2026-09-20 21:02:54,003 - INFO - Successfully processed data\input\B12.4.10.1.4.txt
2026-09-20 21:02:54,004 - INFO - Processing file: data\input\B12.4.10.2.1.txt
2026-09-20 21:02:54,022 - INFO - Split into 1 chunks
2026-09-20 21:02:54,097 - INFO - Successfully processed data\input\B12.4.10.2.1.txt
2026-09-20 21:02:54,098 - INFO - Processing file: data\input\B12.4.10.2.2.txt
2026-09-20 21:02:54,119 - INFO - Split into 1 chunks
2026-09-20 21:02:54,171 - INFO - Successfully processed data\input\B12.4.10.2.2.txt
2026-09-20 21:02:54,172 - INFO - Processing file: data\input\B12.4.10.3.txt
2026-09-20 21:02:54,195 - INFO - Split into 1 chunks
2026-09-20 21:02:54,253 - INFO - Successfully processed data\input\B12.4.10.3.txt
2026-09-20 21:02:54,255 - INFO - Processing file: data\input\B12.4.10.4.txt
2026-09-20 21:02:54,273 - INFO - Split into 1 chunks
2026-09-20 21:02:54,343 - INFO - Successfully processed data\input\B12.4.10.4.txt
2026-09-20 21:02:54,343 - INFO - Processing file: data\input\B12.4.10.5.0.txt
2026-09-20 21:02:54,363 - INFO - Split into 1 chunks
2026-09-20 21:02:54,437 - INFO - Successfully processed data\input\B12.4.10.5.0.txt
2026-09-20 21:02:54,438 - INFO - Processing file: data\input\B12.4.10.5.1.txt
2026-09-20 21:02:54,459 - INFO - Split into 1 chunks
2026-09-20 21:02:54,514 - INFO - Successfully processed data\input\B12.4.10.5.1.txt
2026-09-20 21:02:54,516 - INFO - Processing file: data\input\B12.4.10.5.10.txt
2026-09-20 21:02:54,535 - INFO - Split into 1 chunks
2026-09-20 21:02:54,602 - INFO - Successfully processed data\input\B12.4.10.5.10.txt
2026-09-20 21:02:54,603 - INFO - Processing file: data\input\B12.4.10.5.11.txt
2026-09-20 21:02:54,625 - INFO - Split into 1 chunks
2026-09-20 21:02:54,683 - INFO - Successfully processed data\input\B12.4.10.5.11.txt
2026-09-20 21:02:54,686 - INFO - Processing file: data\input\B12.4.10.5.12.txt
2026-09-20 21:02:54,708 - INFO - Split into 1 chunks
2026-09-20 21:02:54,769 - INFO - Successfully processed data\input\B12.4.10.5.12.txt
2026-09-20 21:02:54,771 - INFO - Processing file: data\input\B12.4.10.5.13.txt
2026-09-20 21:02:54,788 - INFO - Split into 1 chunks
2026-09-20 21:02:54,871 - INFO - Successfully processed data\input\B12.4.10.5.13.txt
2026-09-20 21:02:54,873 - INFO - Processing file: data\input\B12.4.10.5.14.txt
2026-09-20 21:02:54,890 - INFO - Split into 1 chunks
2026-09-20 21:02:54,949 - INFO - Successfully processed data\input\B12.4.10.5.14.txt
2026-09-20 21:02:54,950 - INFO - Processing file: data\input\B12.4.10.5.15.txt
2026-09-20 21:02:54,971 - INFO - Split into 1 chunks
2026-09-20 21:02:55,039 - INFO - Successfully processed data\input\B12.4.10.5.15.txt
2026-09-20 21:02:55,041 - INFO - Processing file: data\input\B12.4.10.5.16.txt
2026-09-20 21:02:55,064 - INFO - Split into 1 chunks
2026-09-20 21:02:55,140 - INFO - Successfully processed data\input\B12.4.10.5.16.txt
2026-09-20 21:02:55,142 - INFO - Processing file: data\input\B12.4.10.5.18.txt
2026-09-20 21:02:55,170 - INFO - Split into 1 chunks
2026-09-20 21:02:55,217 - INFO - Successfully processed data\input\B12.4.10.5.18.txt
2026-09-20 21:02:55,218 - INFO - Processing file: data\input\B12.4.10.5.19.txt
2026-09-20 21:02:55,232 - INFO - Split into 1 chunks
2026-09-20 21:02:55,286 - INFO - Successfully processed data\input\B12.4.10.5.19.txt
2026-09-20 21:02:55,288 - INFO - Processing file: data\input\B12.4.10.5.2.txt
2026-09-20 21:02:55,308 - INFO - Split into 1 chunks
2026-09-20 21:02:55,373 - INFO - Successfully processed data\input\B12.4.10.5.2.txt
2026-09-20 21:02:55,375 - INFO - Processing file: data\input\B12.4.10.5.3.txt
2026-09-20 21:02:55,394 - INFO - Split into 1 chunks
2026-09-20 21:02:55,455 - INFO - Successfully processed data\input\B12.4.10.5.3.txt
2026-09-20 21:02:55,456 - INFO - Processing file: data\input\B12.4.10.5.4.txt
2026-09-20 21:02:55,471 - INFO - Split into 1 chunks
2026-09-20 21:02:55,512 - INFO - Successfully processed data\input\B12.4.10.5.4.txt
2026-09-20 21:02:55,512 - INFO - Processing file: data\input\B12.4.10.5.5.txt
2026-09-20 21:02:55,522 - INFO - Split into 1 chunks
2026-09-20 21:02:55,567 - INFO - Successfully processed data\input\B12.4.10.5.5.txt
2026-09-20 21:02:55,568 - INFO - Processing file: data\input\B12.4.10.5.7.txt
2026-09-20 21:02:55,581 - INFO - Split into 1 chunks
2026-09-20 21:02:55,634 - INFO - Successfully processed data\input\B12.4.10.5.7.txt
2026-09-20 21:02:55,636 - INFO - Processing file: data\input\B12.4.10.5.8.txt
2026-09-20 21:02:55,652 - INFO - Split into 1 chunks
2026-09-20 21:02:55,706 - INFO - Successfully processed data\input\B12.4.10.5.8.txt
2026-09-20 21:02:55,707 - INFO - Processing file: data\input\B12.4.10.5.9.txt
2026-09-20 21:02:55,721 - INFO - Split into 1 chunks
2026-09-20 21:02:55,775 - INFO - Successfully processed data\input\B12.4.10.5.9.txt
2026-09-20 21:02:55,776 - INFO - Processing file: data\input\B12.4.11.txt
2026-09-20 21:02:55,801 - INFO - Split into 1 chunks
2026-09-20 21:02:55,866 - INFO - Successfully processed data\input\B12.4.11.txt
2026-09-20 21:02:55,867 - INFO - Processing file: data\input\B12.4.2.1.txt
2026-09-20 21:02:55,887 - INFO - Split into 1 chunks
2026-09-20 21:02:55,952 - INFO - Successfully processed data\input\B12.4.2.1.txt
2026-09-20 21:02:55,953 - INFO - Processing file: data\input\B12.4.2.10.txt
2026-09-20 21:02:55,970 - INFO - Split into 1 chunks
2026-09-20 21:02:56,041 - INFO - Successfully processed data\input\B12.4.2.10.txt
2026-09-20 21:02:56,043 - INFO - Processing file: data\input\B12.4.2.11.txt
2026-09-20 21:02:56,066 - INFO - Split into 1 chunks
2026-09-20 21:02:56,152 - INFO - Successfully processed data\input\B12.4.2.11.txt
2026-09-20 21:02:56,155 - INFO - Processing file: data\input\B12.4.2.3.txt
2026-09-20 21:02:56,183 - INFO - Split into 1 chunks
2026-09-20 21:02:56,278 - INFO - Successfully processed data\input\B12.4.2.3.txt
2026-09-20 21:02:56,279 - INFO - Processing file: data\input\B12.4.2.4.txt
2026-09-20 21:02:56,300 - INFO - Split into 1 chunks
2026-09-20 21:02:56,400 - INFO - Successfully processed data\input\B12.4.2.4.txt
2026-09-20 21:02:56,401 - INFO - Processing file: data\input\B12.4.2.6.txt
2026-09-20 21:02:56,427 - INFO - Split into 1 chunks
2026-09-20 21:02:56,495 - INFO - Successfully processed data\input\B12.4.2.6.txt
2026-09-20 21:02:56,496 - INFO - Processing file: data\input\B12.4.2.7.txt
2026-09-20 21:02:56,519 - INFO - Split into 1 chunks
2026-09-20 21:02:56,585 - INFO - Successfully processed data\input\B12.4.2.7.txt
2026-09-20 21:02:56,586 - INFO - Processing file: data\input\B12.4.3.2.txt
2026-09-20 21:02:56,608 - INFO - Split into 1 chunks
2026-09-20 21:02:56,686 - INFO - Successfully processed data\input\B12.4.3.2.txt
2026-09-20 21:02:56,687 - INFO - Processing file: data\input\B12.4.3.4.txt
2026-09-20 21:02:56,705 - INFO - Split into 1 chunks
2026-09-20 21:02:56,770 - INFO - Successfully processed data\input\B12.4.3.4.txt
2026-09-20 21:02:56,772 - INFO - Processing file: data\input\B12.4.4.2.txt
2026-09-20 21:02:56,798 - INFO - Split into 1 chunks
2026-09-20 21:02:56,855 - INFO - Successfully processed data\input\B12.4.4.2.txt
2026-09-20 21:02:56,856 - INFO - Processing file: data\input\B12.4.6.txt
2026-09-20 21:02:56,869 - INFO - Split into 1 chunks
2026-09-20 21:02:56,923 - INFO - Successfully processed data\input\B12.4.6.txt
2026-09-20 21:02:56,924 - INFO - Processing file: data\input\B12.4.7.txt
2026-09-20 21:02:56,940 - INFO - Split into 1 chunks
2026-09-20 21:02:57,008 - INFO - Successfully processed data\input\B12.4.7.txt
2026-09-20 21:02:57,010 - INFO - Processing file: data\input\B12.4.8.1.txt
2026-09-20 21:02:57,049 - INFO - Split into 1 chunks
2026-09-20 21:02:57,117 - INFO - Successfully processed data\input\B12.4.8.1.txt
2026-09-20 21:02:57,119 - INFO - Processing file: data\input\B12.4.8.2.txt
2026-09-20 21:02:57,143 - INFO - Split into 1 chunks
2026-09-20 21:02:57,214 - INFO - Successfully processed data\input\B12.4.8.2.txt
2026-09-20 21:02:57,215 - INFO - Processing file: data\input\B12.4.9.txt
2026-09-20 21:02:57,247 - INFO - Split into 1 chunks
2026-09-20 21:02:57,369 - INFO - Successfully processed data\input\B12.4.9.txt
2026-09-20 21:02:57,370 - INFO - Processing file: data\input\B12.5.10.txt
2026-09-20 21:02:57,392 - INFO - Split into 1 chunks
2026-09-20 21:02:57,457 - INFO - Successfully processed data\input\B12.5.10.txt
2026-09-20 21:02:57,459 - INFO - Processing file: data\input\B12.5.11.1.txt
2026-09-20 21:02:57,489 - INFO - Split into 1 chunks
2026-09-20 21:02:57,593 - INFO - Successfully processed data\input\B12.5.11.1.txt
2026-09-20 21:02:57,594 - INFO - Processing file: data\input\B12.5.11.10.txt
2026-09-20 21:02:57,611 - INFO - Split into 1 chunks
2026-09-20 21:02:57,679 - INFO - Successfully processed data\input\B12.5.11.10.txt
2026-09-20 21:02:57,681 - INFO - Processing file: data\input\B12.5.11.12.txt
2026-09-20 21:02:57,696 - INFO - Split into 1 chunks
2026-09-20 21:02:57,752 - INFO - Successfully processed data\input\B12.5.11.12.txt
2026-09-20 21:02:57,753 - INFO - Processing file: data\input\B12.5.11.13.txt
2026-09-20 21:02:57,771 - INFO - Split into 1 chunks
2026-09-20 21:02:57,836 - INFO - Successfully processed data\input\B12.5.11.13.txt
2026-09-20 21:02:57,837 - INFO - Processing file: data\input\B12.5.11.14.txt
2026-09-20 21:02:57,856 - INFO - Split into 1 chunks
2026-09-20 21:02:57,934 - INFO - Successfully processed data\input\B12.5.11.14.txt
2026-09-20 21:02:57,935 - INFO - Processing file: data\input\B12.5.11.15.txt
2026-09-20 21:02:57,953 - INFO - Split into 1 chunks
2026-09-20 21:02:58,016 - INFO - Successfully processed data\input\B12.5.11.15.txt
2026-09-20 21:02:58,017 - INFO - Processing file: data\input\B12.5.11.16.txt
2026-09-20 21:02:58,040 - INFO - Split into 1 chunks
2026-09-20 21:02:58,105 - INFO - Successfully processed data\input\B12.5.11.16.txt
2026-09-20 21:02:58,107 - INFO - Processing file: data\input\B12.5.11.17.txt
2026-09-20 21:02:58,127 - INFO - Split into 1 chunks
2026-09-20 21:02:58,197 - INFO - Successfully processed data\input\B12.5.11.17.txt
2026-09-20 21:02:58,198 - INFO - Processing file: data\input\B12.5.11.18.txt
2026-09-20 21:02:58,210 - INFO - Split into 1 chunks
2026-09-20 21:02:58,259 - INFO - Successfully processed data\input\B12.5.11.18.txt
2026-09-20 21:02:58,260 - INFO - Processing file: data\input\B12.5.11.19.txt
2026-09-20 21:02:58,276 - INFO - Split into 1 chunks
2026-09-20 21:02:58,321 - INFO - Successfully processed data\input\B12.5.11.19.txt
2026-09-20 21:02:58,322 - INFO - Processing file: data\input\B12.5.11.2.txt
2026-09-20 21:02:58,333 - INFO - Split into 1 chunks
2026-09-20 21:02:58,370 - INFO - Successfully processed data\input\B12.5.11.2.txt
2026-09-20 21:02:58,370 - INFO - Processing file: data\input\B12.5.11.20.txt
2026-09-20 21:02:58,383 - INFO - Split into 1 chunks
2026-09-20 21:02:58,428 - INFO - Successfully processed data\input\B12.5.11.20.txt
2026-09-20 21:02:58,428 - INFO - Processing file: data\input\B12.5.11.21.txt
2026-09-20 21:02:58,438 - INFO - Split into 1 chunks
2026-09-20 21:02:58,472 - INFO - Successfully processed data\input\B12.5.11.21.txt
2026-09-20 21:02:58,472 - INFO - Processing file: data\input\B12.5.11.22.txt
2026-09-20 21:02:58,481 - INFO - Split into 1 chunks
2026-09-20 21:02:58,518 - INFO - Successfully processed data\input\B12.5.11.22.txt
2026-09-20 21:02:58,519 - INFO - Processing file: data\input\B12.5.11.23.txt
2026-09-20 21:02:58,530 - INFO - Split into 1 chunks
2026-09-20 21:02:58,576 - INFO - Successfully processed data\input\B12.5.11.23.txt
2026-09-20 21:02:58,577 - INFO - Processing file: data\input\B12.5.11.25.txt
2026-09-20 21:02:58,587 - INFO - Split into 1 chunks
2026-09-20 21:02:58,630 - INFO - Successfully processed data\input\B12.5.11.25.txt
2026-09-20 21:02:58,631 - INFO - Processing file: data\input\B12.5.11.26.txt
2026-09-20 21:02:58,642 - INFO - Split into 1 chunks
2026-09-20 21:02:58,681 - INFO - Successfully processed data\input\B12.5.11.26.txt
2026-09-20 21:02:58,682 - INFO - Processing file: data\input\B12.5.11.27.txt
2026-09-20 21:02:58,696 - INFO - Split into 1 chunks
2026-09-20 21:02:58,735 - INFO - Successfully processed data\input\B12.5.11.27.txt
2026-09-20 21:02:58,736 - INFO - Processing file: data\input\B12.5.11.28.txt
2026-09-20 21:02:58,751 - INFO - Split into 1 chunks
2026-09-20 21:02:58,820 - INFO - Successfully processed data\input\B12.5.11.28.txt
2026-09-20 21:02:58,821 - INFO - Processing file: data\input\B12.5.11.3.txt
2026-09-20 21:02:58,837 - INFO - Split into 1 chunks
2026-09-20 21:02:58,888 - INFO - Successfully processed data\input\B12.5.11.3.txt
2026-09-20 21:02:58,890 - INFO - Processing file: data\input\B12.5.11.4.txt
2026-09-20 21:02:58,904 - INFO - Split into 1 chunks
2026-09-20 21:02:58,959 - INFO - Successfully processed data\input\B12.5.11.4.txt
2026-09-20 21:02:58,961 - INFO - Processing file: data\input\B12.5.11.6.txt
2026-09-20 21:02:58,984 - INFO - Split into 1 chunks
2026-09-20 21:02:59,080 - INFO - Successfully processed data\input\B12.5.11.6.txt
2026-09-20 21:02:59,081 - INFO - Processing file: data\input\B12.5.11.7.txt
2026-09-20 21:02:59,198 - INFO - Split into 1 chunks
2026-09-20 21:02:59,304 - INFO - Successfully processed data\input\B12.5.11.7.txt
2026-09-20 21:02:59,306 - INFO - Processing file: data\input\B12.5.11.8.txt
2026-09-20 21:02:59,325 - INFO - Split into 1 chunks
2026-09-20 21:02:59,370 - INFO - Successfully processed data\input\B12.5.11.8.txt
2026-09-20 21:02:59,371 - INFO - Processing file: data\input\B12.5.12.1.txt
2026-09-20 21:02:59,388 - INFO - Split into 1 chunks
2026-09-20 21:02:59,432 - INFO - Successfully processed data\input\B12.5.12.1.txt
2026-09-20 21:02:59,433 - INFO - Processing file: data\input\B12.5.12.10.txt
2026-09-20 21:02:59,447 - INFO - Split into 1 chunks
2026-09-20 21:02:59,486 - INFO - Successfully processed data\input\B12.5.12.10.txt
2026-09-20 21:02:59,487 - INFO - Processing file: data\input\B12.5.12.11.txt
2026-09-20 21:02:59,500 - INFO - Split into 1 chunks
2026-09-20 21:02:59,544 - INFO - Successfully processed data\input\B12.5.12.11.txt
2026-09-20 21:02:59,545 - INFO - Processing file: data\input\B12.5.12.13.txt
2026-09-20 21:02:59,556 - INFO - Split into 1 chunks
2026-09-20 21:02:59,598 - INFO - Successfully processed data\input\B12.5.12.13.txt
2026-09-20 21:02:59,598 - INFO - Processing file: data\input\B12.5.12.14.txt
2026-09-20 21:02:59,610 - INFO - Split into 1 chunks
2026-09-20 21:02:59,670 - INFO - Successfully processed data\input\B12.5.12.14.txt
2026-09-20 21:02:59,671 - INFO - Processing file: data\input\B12.5.12.15.txt
2026-09-20 21:02:59,687 - INFO - Split into 1 chunks
2026-09-20 21:02:59,733 - INFO - Successfully processed data\input\B12.5.12.15.txt
2026-09-20 21:02:59,734 - INFO - Processing file: data\input\B12.5.12.16.txt
2026-09-20 21:02:59,746 - INFO - Split into 1 chunks
2026-09-20 21:02:59,785 - INFO - Successfully processed data\input\B12.5.12.16.txt
2026-09-20 21:02:59,786 - INFO - Processing file: data\input\B12.5.12.17.txt
2026-09-20 21:02:59,800 - INFO - Split into 1 chunks
2026-09-20 21:02:59,844 - INFO - Successfully processed data\input\B12.5.12.17.txt
2026-09-20 21:02:59,845 - INFO - Processing file: data\input\B12.5.12.18.txt
2026-09-20 21:02:59,859 - INFO - Split into 1 chunks
2026-09-20 21:02:59,902 - INFO - Successfully processed data\input\B12.5.12.18.txt
2026-09-20 21:02:59,903 - INFO - Processing file: data\input\B12.5.12.2.txt
2026-09-20 21:02:59,914 - INFO - Split into 1 chunks
2026-09-20 21:02:59,956 - INFO - Successfully processed data\input\B12.5.12.2.txt
2026-09-20 21:02:59,956 - INFO - Processing file: data\input\B12.5.12.3.txt
2026-09-20 21:02:59,970 - INFO - Split into 1 chunks
2026-09-20 21:03:00,017 - INFO - Successfully processed data\input\B12.5.12.3.txt
2026-09-20 21:03:00,018 - INFO - Processing file: data\input\B12.5.12.4.txt
2026-09-20 21:03:00,032 - INFO - Split into 1 chunks
2026-09-20 21:03:00,077 - INFO - Successfully processed data\input\B12.5.12.4.txt
2026-09-20 21:03:00,079 - INFO - Processing file: data\input\B12.5.12.6.txt
2026-09-20 21:03:00,091 - INFO - Split into 1 chunks
2026-09-20 21:03:00,135 - INFO - Successfully processed data\input\B12.5.12.6.txt
2026-09-20 21:03:00,136 - INFO - Processing file: data\input\B12.5.12.7.txt
2026-09-20 21:03:00,147 - INFO - Split into 1 chunks
2026-09-20 21:03:00,203 - INFO - Successfully processed data\input\B12.5.12.7.txt
2026-09-20 21:03:00,204 - INFO - Processing file: data\input\B12.5.12.8.txt
2026-09-20 21:03:00,222 - INFO - Split into 1 chunks
2026-09-20 21:03:00,260 - INFO - Successfully processed data\input\B12.5.12.8.txt
2026-09-20 21:03:00,261 - INFO - Processing file: data\input\B12.5.12.9.txt
2026-09-20 21:03:00,276 - INFO - Split into 1 chunks
2026-09-20 21:03:00,317 - INFO - Successfully processed data\input\B12.5.12.9.txt
2026-09-20 21:03:00,318 - INFO - Processing file: data\input\B12.5.13.txt
2026-09-20 21:03:00,335 - INFO - Split into 1 chunks
2026-09-20 21:03:00,381 - INFO - Successfully processed data\input\B12.5.13.txt
2026-09-20 21:03:00,382 - INFO - Processing file: data\input\B12.5.14.txt
2026-09-20 21:03:00,398 - INFO - Split into 1 chunks
2026-09-20 21:03:00,464 - INFO - Successfully processed data\input\B12.5.14.txt
2026-09-20 21:03:00,466 - INFO - Processing file: data\input\B12.5.2.1.txt
2026-09-20 21:03:00,485 - INFO - Split into 1 chunks
2026-09-20 21:03:00,538 - INFO - Successfully processed data\input\B12.5.2.1.txt
2026-09-20 21:03:00,539 - INFO - Processing file: data\input\B12.5.2.2.txt
2026-09-20 21:03:00,563 - INFO - Split into 1 chunks
2026-09-20 21:03:00,622 - INFO - Successfully processed data\input\B12.5.2.2.txt
2026-09-20 21:03:00,623 - INFO - Processing file: data\input\B12.5.2.3.txt
2026-09-20 21:03:00,641 - INFO - Split into 1 chunks
2026-09-20 21:03:00,702 - INFO - Successfully processed data\input\B12.5.2.3.txt
2026-09-20 21:03:00,703 - INFO - Processing file: data\input\B12.5.3.2.11.txt
2026-09-20 21:03:00,719 - INFO - Split into 1 chunks
2026-09-20 21:03:00,774 - INFO - Successfully processed data\input\B12.5.3.2.11.txt
2026-09-20 21:03:00,775 - INFO - Processing file: data\input\B12.5.3.2.12.txt
2026-09-20 21:03:00,795 - INFO - Split into 1 chunks
2026-09-20 21:03:00,841 - INFO - Successfully processed data\input\B12.5.3.2.12.txt
2026-09-20 21:03:00,843 - INFO - Processing file: data\input\B12.5.3.2.13.txt
2026-09-20 21:03:00,856 - INFO - Split into 1 chunks
2026-09-20 21:03:00,922 - INFO - Successfully processed data\input\B12.5.3.2.13.txt
2026-09-20 21:03:00,923 - INFO - Processing file: data\input\B12.5.3.2.14.txt
2026-09-20 21:03:00,940 - INFO - Split into 1 chunks
2026-09-20 21:03:01,000 - INFO - Successfully processed data\input\B12.5.3.2.14.txt
2026-09-20 21:03:01,001 - INFO - Processing file: data\input\B12.5.3.2.15.txt
2026-09-20 21:03:01,027 - INFO - Split into 1 chunks
2026-09-20 21:03:01,092 - INFO - Successfully processed data\input\B12.5.3.2.15.txt
2026-09-20 21:03:01,094 - INFO - Processing file: data\input\B12.5.3.2.16.txt
2026-09-20 21:03:01,111 - INFO - Split into 1 chunks
2026-09-20 21:03:01,169 - INFO - Successfully processed data\input\B12.5.3.2.16.txt
2026-09-20 21:03:01,170 - INFO - Processing file: data\input\B12.5.3.2.17.txt
2026-09-20 21:03:01,188 - INFO - Split into 1 chunks
2026-09-20 21:03:01,241 - INFO - Successfully processed data\input\B12.5.3.2.17.txt
2026-09-20 21:03:01,243 - INFO - Processing file: data\input\B12.5.3.2.18.txt
2026-09-20 21:03:01,259 - INFO - Split into 1 chunks
2026-09-20 21:03:01,321 - INFO - Successfully processed data\input\B12.5.3.2.18.txt
2026-09-20 21:03:01,324 - INFO - Processing file: data\input\B12.5.3.2.3.txt
2026-09-20 21:03:01,343 - INFO - Split into 1 chunks
2026-09-20 21:03:01,393 - INFO - Successfully processed data\input\B12.5.3.2.3.txt
2026-09-20 21:03:01,394 - INFO - Processing file: data\input\B12.5.3.2.4.txt
2026-09-20 21:03:01,409 - INFO - Split into 1 chunks
2026-09-20 21:03:01,513 - INFO - Successfully processed data\input\B12.5.3.2.4.txt
2026-09-20 21:03:01,513 - INFO - Processing file: data\input\B12.5.3.2.5.txt
2026-09-20 21:03:01,526 - INFO - Split into 1 chunks
2026-09-20 21:03:01,576 - INFO - Successfully processed data\input\B12.5.3.2.5.txt
2026-09-20 21:03:01,577 - INFO - Processing file: data\input\B12.5.3.2.6.txt
2026-09-20 21:03:01,594 - INFO - Split into 1 chunks
2026-09-20 21:03:01,641 - INFO - Successfully processed data\input\B12.5.3.2.6.txt
2026-09-20 21:03:01,643 - INFO - Processing file: data\input\B12.5.3.2.7.txt
2026-09-20 21:03:01,657 - INFO - Split into 1 chunks
2026-09-20 21:03:01,712 - INFO - Successfully processed data\input\B12.5.3.2.7.txt
2026-09-20 21:03:01,713 - INFO - Processing file: data\input\B12.5.3.2.8.txt
2026-09-20 21:03:01,728 - INFO - Split into 1 chunks
2026-09-20 21:03:01,775 - INFO - Successfully processed data\input\B12.5.3.2.8.txt
2026-09-20 21:03:01,775 - INFO - Processing file: data\input\B12.5.3.2.9.txt
2026-09-20 21:03:01,786 - INFO - Split into 1 chunks
2026-09-20 21:03:01,832 - INFO - Successfully processed data\input\B12.5.3.2.9.txt
2026-09-20 21:03:01,832 - INFO - Processing file: data\input\B12.5.3.3.txt
2026-09-20 21:03:01,846 - INFO - Split into 1 chunks
2026-09-20 21:03:01,886 - INFO - Successfully processed data\input\B12.5.3.3.txt
2026-09-20 21:03:01,886 - INFO - Processing file: data\input\B12.5.3.4.txt
2026-09-20 21:03:01,895 - INFO - Split into 1 chunks
2026-09-20 21:03:01,937 - INFO - Successfully processed data\input\B12.5.3.4.txt
2026-09-20 21:03:01,937 - INFO - Processing file: data\input\B12.5.4.1.txt
2026-09-20 21:03:01,951 - INFO - Split into 1 chunks
2026-09-20 21:03:02,005 - INFO - Successfully processed data\input\B12.5.4.1.txt
2026-09-20 21:03:02,005 - INFO - Processing file: data\input\B12.5.5.1.2.txt
2026-09-20 21:03:02,017 - INFO - Split into 1 chunks
2026-09-20 21:03:02,057 - INFO - Successfully processed data\input\B12.5.5.1.2.txt
2026-09-20 21:03:02,057 - INFO - Processing file: data\input\B12.5.5.1.5.txt
2026-09-20 21:03:02,067 - INFO - Split into 1 chunks
2026-09-20 21:03:02,112 - INFO - Successfully processed data\input\B12.5.5.1.5.txt
2026-09-20 21:03:02,113 - INFO - Processing file: data\input\B12.5.5.1.7.txt
2026-09-20 21:03:02,125 - INFO - Split into 1 chunks
2026-09-20 21:03:02,174 - INFO - Successfully processed data\input\B12.5.5.1.7.txt
2026-09-20 21:03:02,175 - INFO - Processing file: data\input\B12.5.5.1.8.txt
2026-09-20 21:03:02,188 - INFO - Split into 1 chunks
2026-09-20 21:03:02,233 - INFO - Successfully processed data\input\B12.5.5.1.8.txt
2026-09-20 21:03:02,234 - INFO - Processing file: data\input\B12.5.5.2.txt
2026-09-20 21:03:02,251 - INFO - Split into 1 chunks
2026-09-20 21:03:02,303 - INFO - Successfully processed data\input\B12.5.5.2.txt
2026-09-20 21:03:02,304 - INFO - Processing file: data\input\B12.5.5.3.1.txt
2026-09-20 21:03:02,322 - INFO - Split into 1 chunks
2026-09-20 21:03:02,377 - INFO - Successfully processed data\input\B12.5.5.3.1.txt
2026-09-20 21:03:02,378 - INFO - Processing file: data\input\B12.5.5.3.2.txt
2026-09-20 21:03:02,389 - INFO - Split into 1 chunks
2026-09-20 21:03:02,444 - INFO - Successfully processed data\input\B12.5.5.3.2.txt
2026-09-20 21:03:02,445 - INFO - Processing file: data\input\B12.5.7.txt
2026-09-20 21:03:02,459 - INFO - Split into 1 chunks
2026-09-20 21:03:02,509 - INFO - Successfully processed data\input\B12.5.7.txt
2026-09-20 21:03:02,510 - INFO - Processing file: data\input\B12.5.9.1.txt
2026-09-20 21:03:02,525 - INFO - Split into 1 chunks
2026-09-20 21:03:02,569 - INFO - Successfully processed data\input\B12.5.9.1.txt
2026-09-20 21:03:02,571 - INFO - Processing file: data\input\B12.5.9.2.txt
2026-09-20 21:03:02,582 - INFO - Split into 1 chunks
2026-09-20 21:03:02,639 - INFO - Successfully processed data\input\B12.5.9.2.txt
2026-09-20 21:03:02,640 - INFO - Processing file: data\input\B12.5.9.3.txt
2026-09-20 21:03:02,655 - INFO - Split into 1 chunks
2026-09-20 21:03:02,704 - INFO - Successfully processed data\input\B12.5.9.3.txt
2026-09-20 21:03:02,705 - INFO - Processing file: data\input\B12.6.1.txt
2026-09-20 21:03:02,725 - INFO - Split into 1 chunks
2026-09-20 21:03:02,794 - INFO - Successfully processed data\input\B12.6.1.txt
2026-09-20 21:03:02,794 - INFO - Processing file: data\input\B12.6.2.txt
2026-09-20 21:03:02,811 - INFO - Split into 1 chunks
2026-09-20 21:03:02,878 - INFO - Successfully processed data\input\B12.6.2.txt
2026-09-20 21:03:02,879 - INFO - Processing file: data\input\B12.7.3.txt
2026-09-20 21:03:02,893 - INFO - Split into 1 chunks
2026-09-20 21:03:02,944 - INFO - Successfully processed data\input\B12.7.3.txt
2026-09-20 21:03:02,945 - INFO - Processing file: data\input\B12.7.4.txt
2026-09-20 21:03:02,961 - INFO - Split into 1 chunks
2026-09-20 21:03:03,018 - INFO - Successfully processed data\input\B12.7.4.txt
2026-09-20 21:03:03,019 - INFO - Processing file: data\input\B12.7.5.txt
2026-09-20 21:03:03,036 - INFO - Split into 1 chunks
2026-09-20 21:03:03,089 - INFO - Successfully processed data\input\B12.7.5.txt
2026-09-20 21:03:03,090 - INFO - Processing file: data\input\B12.8.1.txt
2026-09-20 21:03:03,102 - INFO - Split into 1 chunks
2026-09-20 21:03:03,157 - INFO - Successfully processed data\input\B12.8.1.txt
2026-09-20 21:03:03,158 - INFO - Processing file: data\input\B12.8.10.txt
2026-09-20 21:03:03,178 - INFO - Split into 1 chunks
2026-09-20 21:03:03,240 - INFO - Successfully processed data\input\B12.8.10.txt
2026-09-20 21:03:03,241 - INFO - Processing file: data\input\B12.8.11.txt
2026-09-20 21:03:03,255 - INFO - Split into 1 chunks
2026-09-20 21:03:03,322 - INFO - Successfully processed data\input\B12.8.11.txt
2026-09-20 21:03:03,323 - INFO - Processing file: data\input\B12.8.12.txt
2026-09-20 21:03:03,337 - INFO - Split into 1 chunks
2026-09-20 21:03:03,392 - INFO - Successfully processed data\input\B12.8.12.txt
2026-09-20 21:03:03,392 - INFO - Processing file: data\input\B12.8.2.txt
2026-09-20 21:03:03,410 - INFO - Split into 1 chunks
2026-09-20 21:03:03,468 - INFO - Successfully processed data\input\B12.8.2.txt
2026-09-20 21:03:03,469 - INFO - Processing file: data\input\B12.8.3.txt
2026-09-20 21:03:03,479 - INFO - Split into 1 chunks
2026-09-20 21:03:03,539 - INFO - Successfully processed data\input\B12.8.3.txt
2026-09-20 21:03:03,539 - INFO - Processing file: data\input\B12.8.6.txt
2026-09-20 21:03:03,560 - INFO - Split into 1 chunks
2026-09-20 21:03:03,612 - INFO - Successfully processed data\input\B12.8.6.txt
2026-09-20 21:03:03,613 - INFO - Processing file: data\input\B12.8.7.txt
2026-09-20 21:03:03,625 - INFO - Split into 1 chunks
2026-09-20 21:03:03,679 - INFO - Successfully processed data\input\B12.8.7.txt
2026-09-20 21:03:03,680 - INFO - Processing file: data\input\B12.8.8.txt
2026-09-20 21:03:03,694 - INFO - Split into 1 chunks
2026-09-20 21:03:03,754 - INFO - Successfully processed data\input\B12.8.8.txt
2026-09-20 21:03:03,755 - INFO - Processing file: data\input\B12.8.9.txt
2026-09-20 21:03:03,776 - INFO - Split into 1 chunks
2026-09-20 21:03:03,844 - INFO - Successfully processed data\input\B12.8.9.txt
2026-09-20 21:03:03,847 - INFO - Processing file: data\input\B12.9.2.txt
2026-09-20 21:03:03,869 - INFO - Split into 1 chunks
2026-09-20 21:03:03,926 - INFO - Successfully processed data\input\B12.9.2.txt
2026-09-20 21:03:03,927 - INFO - Processing file: data\input\B13.2.2.1.txt
2026-09-20 21:03:03,947 - INFO - Split into 1 chunks
2026-09-20 21:03:04,024 - INFO - Successfully processed data\input\B13.2.2.1.txt
2026-09-20 21:03:04,025 - INFO - Processing file: data\input\B14.10.1.txt
2026-09-20 21:03:04,045 - INFO - Split into 1 chunks
2026-09-20 21:03:04,099 - INFO - Successfully processed data\input\B14.10.1.txt
2026-09-20 21:03:04,100 - INFO - Processing file: data\input\B14.10.2.txt
2026-09-20 21:03:04,118 - INFO - Split into 1 chunks
2026-09-20 21:03:04,187 - INFO - Successfully processed data\input\B14.10.2.txt
2026-09-20 21:03:04,189 - INFO - Processing file: data\input\B14.11.txt
2026-09-20 21:03:04,206 - INFO - Split into 1 chunks
2026-09-20 21:03:04,269 - INFO - Successfully processed data\input\B14.11.txt
2026-09-20 21:03:04,271 - INFO - Processing file: data\input\B14.13.txt
2026-09-20 21:03:04,342 - INFO - Split into 1 chunks
2026-09-20 21:03:04,426 - INFO - Successfully processed data\input\B14.13.txt
2026-09-20 21:03:04,427 - INFO - Processing file: data\input\B14.14.1.txt
2026-09-20 21:03:04,467 - INFO - Split into 1 chunks
2026-09-20 21:03:04,540 - INFO - Successfully processed data\input\B14.14.1.txt
2026-09-20 21:03:04,542 - INFO - Processing file: data\input\B14.19.txt
2026-09-20 21:03:04,561 - INFO - Split into 1 chunks
2026-09-20 21:03:04,619 - INFO - Successfully processed data\input\B14.19.txt
2026-09-20 21:03:04,620 - INFO - Processing file: data\input\B14.23.1.txt
2026-09-20 21:03:04,641 - INFO - Split into 1 chunks
2026-09-20 21:03:04,694 - INFO - Successfully processed data\input\B14.23.1.txt
2026-09-20 21:03:04,696 - INFO - Processing file: data\input\B14.27.txt
2026-09-20 21:03:04,712 - INFO - Split into 1 chunks
2026-09-20 21:03:04,764 - INFO - Successfully processed data\input\B14.27.txt
2026-09-20 21:03:04,766 - INFO - Processing file: data\input\B14.28.2.txt
2026-09-20 21:03:04,785 - INFO - Split into 1 chunks
2026-09-20 21:03:04,830 - INFO - Successfully processed data\input\B14.28.2.txt
2026-09-20 21:03:04,830 - INFO - Processing file: data\input\B14.3.1.txt
2026-09-20 21:03:04,847 - INFO - Split into 1 chunks
2026-09-20 21:03:04,893 - INFO - Successfully processed data\input\B14.3.1.txt
2026-09-20 21:03:04,894 - INFO - Processing file: data\input\B14.33.txt
2026-09-20 21:03:04,909 - INFO - Split into 1 chunks
2026-09-20 21:03:04,996 - INFO - Successfully processed data\input\B14.33.txt
2026-09-20 21:03:04,998 - INFO - Processing file: data\input\B14.34.txt
2026-09-20 21:03:05,010 - INFO - Split into 1 chunks
2026-09-20 21:03:05,050 - INFO - Successfully processed data\input\B14.34.txt
2026-09-20 21:03:05,051 - INFO - Processing file: data\input\B14.35.1.txt
2026-09-20 21:03:05,064 - INFO - Split into 1 chunks
2026-09-20 21:03:05,112 - INFO - Successfully processed data\input\B14.35.1.txt
2026-09-20 21:03:05,112 - INFO - Processing file: data\input\B14.35.2.txt
2026-09-20 21:03:05,124 - INFO - Split into 1 chunks
2026-09-20 21:03:05,170 - INFO - Successfully processed data\input\B14.35.2.txt
2026-09-20 21:03:05,171 - INFO - Processing file: data\input\B14.36.txt
2026-09-20 21:03:05,183 - INFO - Split into 1 chunks
2026-09-20 21:03:05,230 - INFO - Successfully processed data\input\B14.36.txt
2026-09-20 21:03:05,231 - INFO - Processing file: data\input\B14.38.txt
2026-09-20 21:03:05,244 - INFO - Split into 1 chunks
2026-09-20 21:03:05,329 - INFO - Successfully processed data\input\B14.38.txt
2026-09-20 21:03:05,329 - INFO - Processing file: data\input\B14.40.txt
2026-09-20 21:03:05,355 - INFO - Split into 1 chunks
2026-09-20 21:03:05,405 - INFO - Successfully processed data\input\B14.40.txt
2026-09-20 21:03:05,406 - INFO - Processing file: data\input\B14.41.3.txt
2026-09-20 21:03:05,423 - INFO - Split into 1 chunks
2026-09-20 21:03:05,471 - INFO - Successfully processed data\input\B14.41.3.txt
2026-09-20 21:03:05,472 - INFO - Processing file: data\input\B14.41.5.txt
2026-09-20 21:03:05,485 - INFO - Split into 1 chunks
2026-09-20 21:03:05,543 - INFO - Successfully processed data\input\B14.41.5.txt
2026-09-20 21:03:05,544 - INFO - Processing file: data\input\B14.43.txt
2026-09-20 21:03:05,558 - INFO - Split into 1 chunks
2026-09-20 21:03:05,628 - INFO - Successfully processed data\input\B14.43.txt
2026-09-20 21:03:05,629 - INFO - Processing file: data\input\B14.46.txt
2026-09-20 21:03:05,644 - INFO - Split into 1 chunks
2026-09-20 21:03:05,692 - INFO - Successfully processed data\input\B14.46.txt
2026-09-20 21:03:05,693 - INFO - Processing file: data\input\B14.47.txt
2026-09-20 21:03:05,709 - INFO - Split into 1 chunks
2026-09-20 21:03:05,784 - INFO - Successfully processed data\input\B14.47.txt
2026-09-20 21:03:05,784 - INFO - Processing file: data\input\B14.48.txt
2026-09-20 21:03:05,797 - INFO - Split into 1 chunks
2026-09-20 21:03:05,842 - INFO - Successfully processed data\input\B14.48.txt
2026-09-20 21:03:05,842 - INFO - Processing file: data\input\B14.49.txt
2026-09-20 21:03:05,859 - INFO - Split into 1 chunks
2026-09-20 21:03:05,896 - INFO - Successfully processed data\input\B14.49.txt
2026-09-20 21:03:05,897 - INFO - Processing file: data\input\B14.53.txt
2026-09-20 21:03:05,910 - INFO - Split into 1 chunks
2026-09-20 21:03:05,956 - INFO - Successfully processed data\input\B14.53.txt
2026-09-20 21:03:05,957 - INFO - Processing file: data\input\B14.56.txt
2026-09-20 21:03:05,973 - INFO - Split into 1 chunks
2026-09-20 21:03:06,027 - INFO - Successfully processed data\input\B14.56.txt
2026-09-20 21:03:06,027 - INFO - Processing file: data\input\B14.57.txt
2026-09-20 21:03:06,043 - INFO - Split into 1 chunks
2026-09-20 21:03:06,108 - INFO - Successfully processed data\input\B14.57.txt
2026-09-20 21:03:06,109 - INFO - Processing file: data\input\B14.6.1.txt
2026-09-20 21:03:06,121 - INFO - Split into 1 chunks
2026-09-20 21:03:06,164 - INFO - Successfully processed data\input\B14.6.1.txt
2026-09-20 21:03:06,165 - INFO - Processing file: data\input\B14.8.1.txt
2026-09-20 21:03:06,181 - INFO - Split into 1 chunks
2026-09-20 21:03:06,227 - INFO - Successfully processed data\input\B14.8.1.txt
2026-09-20 21:03:06,228 - INFO - Processing file: data\input\B14.8.txt
2026-09-20 21:03:06,244 - INFO - Split into 1 chunks
2026-09-20 21:03:06,321 - INFO - Successfully processed data\input\B14.8.txt
2026-09-20 21:03:06,322 - INFO - Processing file: data\input\B15.1.10.txt
2026-09-20 21:03:06,339 - INFO - Split into 1 chunks
2026-09-20 21:03:06,380 - INFO - Successfully processed data\input\B15.1.10.txt
2026-09-20 21:03:06,381 - INFO - Processing file: data\input\B15.1.100.txt
2026-09-20 21:03:06,396 - INFO - Split into 1 chunks
2026-09-20 21:03:06,441 - INFO - Successfully processed data\input\B15.1.100.txt
2026-09-20 21:03:06,442 - INFO - Processing file: data\input\B15.1.102.txt
2026-09-20 21:03:06,454 - INFO - Split into 1 chunks
2026-09-20 21:03:06,498 - INFO - Successfully processed data\input\B15.1.102.txt
2026-09-20 21:03:06,499 - INFO - Processing file: data\input\B15.1.103.txt
2026-09-20 21:03:06,515 - INFO - Split into 1 chunks
2026-09-20 21:03:06,552 - INFO - Successfully processed data\input\B15.1.103.txt
2026-09-20 21:03:06,554 - INFO - Processing file: data\input\B15.1.105.txt
2026-09-20 21:03:06,570 - INFO - Split into 1 chunks
2026-09-20 21:03:06,617 - INFO - Successfully processed data\input\B15.1.105.txt
2026-09-20 21:03:06,618 - INFO - Processing file: data\input\B15.1.106.txt
2026-09-20 21:03:06,630 - INFO - Split into 1 chunks
2026-09-20 21:03:06,676 - INFO - Successfully processed data\input\B15.1.106.txt
2026-09-20 21:03:06,677 - INFO - Processing file: data\input\B15.1.108.txt
2026-09-20 21:03:06,688 - INFO - Split into 1 chunks
2026-09-20 21:03:06,731 - INFO - Successfully processed data\input\B15.1.108.txt
2026-09-20 21:03:06,732 - INFO - Processing file: data\input\B15.1.109.txt
2026-09-20 21:03:06,747 - INFO - Split into 1 chunks
2026-09-20 21:03:06,788 - INFO - Successfully processed data\input\B15.1.109.txt
2026-09-20 21:03:06,789 - INFO - Processing file: data\input\B15.1.11.txt
2026-09-20 21:03:06,803 - INFO - Split into 1 chunks
2026-09-20 21:03:06,844 - INFO - Successfully processed data\input\B15.1.11.txt
2026-09-20 21:03:06,845 - INFO - Processing file: data\input\B15.1.110.txt
2026-09-20 21:03:06,856 - INFO - Split into 1 chunks
2026-09-20 21:03:06,897 - INFO - Successfully processed data\input\B15.1.110.txt
2026-09-20 21:03:06,898 - INFO - Processing file: data\input\B15.1.111.txt
2026-09-20 21:03:06,916 - INFO - Split into 1 chunks
2026-09-20 21:03:06,973 - INFO - Successfully processed data\input\B15.1.111.txt
2026-09-20 21:03:06,975 - INFO - Processing file: data\input\B15.1.113.txt
2026-09-20 21:03:06,991 - INFO - Split into 1 chunks
2026-09-20 21:03:07,029 - INFO - Successfully processed data\input\B15.1.113.txt
2026-09-20 21:03:07,029 - INFO - Processing file: data\input\B15.1.114.txt
2026-09-20 21:03:07,041 - INFO - Split into 1 chunks
2026-09-20 21:03:07,080 - INFO - Successfully processed data\input\B15.1.114.txt
2026-09-20 21:03:07,081 - INFO - Processing file: data\input\B15.1.115.txt
2026-09-20 21:03:07,092 - INFO - Split into 1 chunks
2026-09-20 21:03:07,145 - INFO - Successfully processed data\input\B15.1.115.txt
2026-09-20 21:03:07,146 - INFO - Processing file: data\input\B15.1.116.txt
2026-09-20 21:03:07,164 - INFO - Split into 1 chunks
2026-09-20 21:03:07,206 - INFO - Successfully processed data\input\B15.1.116.txt
2026-09-20 21:03:07,206 - INFO - Processing file: data\input\B15.1.118.txt
2026-09-20 21:03:07,222 - INFO - Split into 1 chunks
2026-09-20 21:03:07,267 - INFO - Successfully processed data\input\B15.1.118.txt
2026-09-20 21:03:07,268 - INFO - Processing file: data\input\B15.1.12.txt
2026-09-20 21:03:07,286 - INFO - Split into 1 chunks
2026-09-20 21:03:07,334 - INFO - Successfully processed data\input\B15.1.12.txt
2026-09-20 21:03:07,334 - INFO - Processing file: data\input\B15.1.120.txt
2026-09-20 21:03:07,351 - INFO - Split into 1 chunks
2026-09-20 21:03:07,393 - INFO - Successfully processed data\input\B15.1.120.txt
2026-09-20 21:03:07,394 - INFO - Processing file: data\input\B15.1.123.txt
2026-09-20 21:03:07,414 - INFO - Split into 1 chunks
2026-09-20 21:03:07,466 - INFO - Successfully processed data\input\B15.1.123.txt
2026-09-20 21:03:07,467 - INFO - Processing file: data\input\B15.1.124.txt
2026-09-20 21:03:07,482 - INFO - Split into 1 chunks
2026-09-20 21:03:07,523 - INFO - Successfully processed data\input\B15.1.124.txt
2026-09-20 21:03:07,524 - INFO - Processing file: data\input\B15.1.125.txt
2026-09-20 21:03:07,538 - INFO - Split into 1 chunks
2026-09-20 21:03:07,580 - INFO - Successfully processed data\input\B15.1.125.txt
2026-09-20 21:03:07,581 - INFO - Processing file: data\input\B15.1.126.txt
2026-09-20 21:03:07,595 - INFO - Split into 1 chunks
2026-09-20 21:03:07,641 - INFO - Successfully processed data\input\B15.1.126.txt
2026-09-20 21:03:07,642 - INFO - Processing file: data\input\B15.1.127.txt
2026-09-20 21:03:07,654 - INFO - Split into 1 chunks
2026-09-20 21:03:07,699 - INFO - Successfully processed data\input\B15.1.127.txt
2026-09-20 21:03:07,700 - INFO - Processing file: data\input\B15.1.128.txt
2026-09-20 21:03:07,711 - INFO - Split into 1 chunks
2026-09-20 21:03:07,753 - INFO - Successfully processed data\input\B15.1.128.txt
2026-09-20 21:03:07,755 - INFO - Processing file: data\input\B15.1.129.txt
2026-09-20 21:03:07,770 - INFO - Split into 1 chunks
2026-09-20 21:03:07,815 - INFO - Successfully processed data\input\B15.1.129.txt
2026-09-20 21:03:07,816 - INFO - Processing file: data\input\B15.1.130.txt
2026-09-20 21:03:07,831 - INFO - Split into 1 chunks
2026-09-20 21:03:07,879 - INFO - Successfully processed data\input\B15.1.130.txt
2026-09-20 21:03:07,879 - INFO - Processing file: data\input\B15.1.131.txt
2026-09-20 21:03:07,894 - INFO - Split into 1 chunks
2026-09-20 21:03:07,942 - INFO - Successfully processed data\input\B15.1.131.txt
2026-09-20 21:03:07,944 - INFO - Processing file: data\input\B15.1.132.txt
2026-09-20 21:03:07,968 - INFO - Split into 1 chunks
2026-09-20 21:03:08,021 - INFO - Successfully processed data\input\B15.1.132.txt
2026-09-20 21:03:08,022 - INFO - Processing file: data\input\B15.1.133.txt
2026-09-20 21:03:08,039 - INFO - Split into 1 chunks
2026-09-20 21:03:08,083 - INFO - Successfully processed data\input\B15.1.133.txt
2026-09-20 21:03:08,084 - INFO - Processing file: data\input\B15.1.134.txt
2026-09-20 21:03:08,096 - INFO - Split into 1 chunks
2026-09-20 21:03:08,145 - INFO - Successfully processed data\input\B15.1.134.txt
2026-09-20 21:03:08,145 - INFO - Processing file: data\input\B15.1.135.txt
2026-09-20 21:03:08,159 - INFO - Split into 1 chunks
2026-09-20 21:03:08,199 - INFO - Successfully processed data\input\B15.1.135.txt
2026-09-20 21:03:08,200 - INFO - Processing file: data\input\B15.1.136.txt
2026-09-20 21:03:08,213 - INFO - Split into 1 chunks
2026-09-20 21:03:08,265 - INFO - Successfully processed data\input\B15.1.136.txt
2026-09-20 21:03:08,266 - INFO - Processing file: data\input\B15.1.137.txt
2026-09-20 21:03:08,288 - INFO - Split into 1 chunks
2026-09-20 21:03:08,355 - INFO - Successfully processed data\input\B15.1.137.txt
2026-09-20 21:03:08,359 - INFO - Processing file: data\input\B15.1.138.txt
2026-09-20 21:03:08,378 - INFO - Split into 1 chunks
2026-09-20 21:03:08,423 - INFO - Successfully processed data\input\B15.1.138.txt
2026-09-20 21:03:08,424 - INFO - Processing file: data\input\B15.1.14.txt
2026-09-20 21:03:08,440 - INFO - Split into 1 chunks
2026-09-20 21:03:08,493 - INFO - Successfully processed data\input\B15.1.14.txt
2026-09-20 21:03:08,494 - INFO - Processing file: data\input\B15.1.140.txt
2026-09-20 21:03:08,506 - INFO - Split into 1 chunks
2026-09-20 21:03:08,547 - INFO - Successfully processed data\input\B15.1.140.txt
2026-09-20 21:03:08,547 - INFO - Processing file: data\input\B15.1.141.txt
2026-09-20 21:03:08,562 - INFO - Split into 1 chunks
2026-09-20 21:03:08,606 - INFO - Successfully processed data\input\B15.1.141.txt
2026-09-20 21:03:08,607 - INFO - Processing file: data\input\B15.1.143.txt
2026-09-20 21:03:08,623 - INFO - Split into 1 chunks
2026-09-20 21:03:08,666 - INFO - Successfully processed data\input\B15.1.143.txt
2026-09-20 21:03:08,667 - INFO - Processing file: data\input\B15.1.144.txt
2026-09-20 21:03:08,680 - INFO - Split into 1 chunks
2026-09-20 21:03:08,724 - INFO - Successfully processed data\input\B15.1.144.txt
2026-09-20 21:03:08,725 - INFO - Processing file: data\input\B15.1.145.txt
2026-09-20 21:03:08,739 - INFO - Split into 1 chunks
2026-09-20 21:03:08,783 - INFO - Successfully processed data\input\B15.1.145.txt
2026-09-20 21:03:08,784 - INFO - Processing file: data\input\B15.1.146.txt
2026-09-20 21:03:08,796 - INFO - Split into 1 chunks
2026-09-20 21:03:08,840 - INFO - Successfully processed data\input\B15.1.146.txt
2026-09-20 21:03:08,841 - INFO - Processing file: data\input\B15.1.148.txt
2026-09-20 21:03:08,860 - INFO - Split into 1 chunks
2026-09-20 21:03:08,909 - INFO - Successfully processed data\input\B15.1.148.txt
2026-09-20 21:03:08,911 - INFO - Processing file: data\input\B15.1.149.txt
2026-09-20 21:03:08,923 - INFO - Split into 1 chunks
2026-09-20 21:03:08,983 - INFO - Successfully processed data\input\B15.1.149.txt
2026-09-20 21:03:08,984 - INFO - Processing file: data\input\B15.1.150.txt
2026-09-20 21:03:08,998 - INFO - Split into 1 chunks
2026-09-20 21:03:09,046 - INFO - Successfully processed data\input\B15.1.150.txt
2026-09-20 21:03:09,047 - INFO - Processing file: data\input\B15.1.151.txt
2026-09-20 21:03:09,061 - INFO - Split into 1 chunks
2026-09-20 21:03:09,110 - INFO - Successfully processed data\input\B15.1.151.txt
2026-09-20 21:03:09,112 - INFO - Processing file: data\input\B15.1.152.txt
2026-09-20 21:03:09,128 - INFO - Split into 1 chunks
2026-09-20 21:03:09,172 - INFO - Successfully processed data\input\B15.1.152.txt
2026-09-20 21:03:09,172 - INFO - Processing file: data\input\B15.1.153.txt
2026-09-20 21:03:09,187 - INFO - Split into 1 chunks
2026-09-20 21:03:09,227 - INFO - Successfully processed data\input\B15.1.153.txt
2026-09-20 21:03:09,228 - INFO - Processing file: data\input\B15.1.154.txt
2026-09-20 21:03:09,240 - INFO - Split into 1 chunks
2026-09-20 21:03:09,287 - INFO - Successfully processed data\input\B15.1.154.txt
2026-09-20 21:03:09,288 - INFO - Processing file: data\input\B15.1.155.txt
2026-09-20 21:03:09,302 - INFO - Split into 1 chunks
2026-09-20 21:03:09,348 - INFO - Successfully processed data\input\B15.1.155.txt
2026-09-20 21:03:09,349 - INFO - Processing file: data\input\B15.1.156.txt
2026-09-20 21:03:09,370 - INFO - Split into 1 chunks
2026-09-20 21:03:09,430 - INFO - Successfully processed data\input\B15.1.156.txt
2026-09-20 21:03:09,432 - INFO - Processing file: data\input\B15.1.157.txt
2026-09-20 21:03:09,450 - INFO - Split into 1 chunks
2026-09-20 21:03:09,505 - INFO - Successfully processed data\input\B15.1.157.txt
2026-09-20 21:03:09,505 - INFO - Processing file: data\input\B15.1.158.txt
2026-09-20 21:03:09,525 - INFO - Split into 1 chunks
2026-09-20 21:03:09,585 - INFO - Successfully processed data\input\B15.1.158.txt
2026-09-20 21:03:09,586 - INFO - Processing file: data\input\B15.1.159.txt
2026-09-20 21:03:09,603 - INFO - Split into 1 chunks
2026-09-20 21:03:09,648 - INFO - Successfully processed data\input\B15.1.159.txt
2026-09-20 21:03:09,649 - INFO - Processing file: data\input\B15.1.16.txt
2026-09-20 21:03:09,666 - INFO - Split into 1 chunks
2026-09-20 21:03:09,732 - INFO - Successfully processed data\input\B15.1.16.txt
2026-09-20 21:03:09,733 - INFO - Processing file: data\input\B15.1.160.txt
2026-09-20 21:03:09,745 - INFO - Split into 1 chunks
2026-09-20 21:03:09,781 - INFO - Successfully processed data\input\B15.1.160.txt
2026-09-20 21:03:09,782 - INFO - Processing file: data\input\B15.1.161.txt
2026-09-20 21:03:09,791 - INFO - Split into 1 chunks
2026-09-20 21:03:09,830 - INFO - Successfully processed data\input\B15.1.161.txt
2026-09-20 21:03:09,831 - INFO - Processing file: data\input\B15.1.163.txt
2026-09-20 21:03:09,843 - INFO - Split into 1 chunks
2026-09-20 21:03:09,877 - INFO - Successfully processed data\input\B15.1.163.txt
2026-09-20 21:03:09,878 - INFO - Processing file: data\input\B15.1.164.txt
2026-09-20 21:03:09,888 - INFO - Split into 1 chunks
2026-09-20 21:03:09,923 - INFO - Successfully processed data\input\B15.1.164.txt
2026-09-20 21:03:09,923 - INFO - Processing file: data\input\B15.1.165.txt
2026-09-20 21:03:09,932 - INFO - Split into 1 chunks
2026-09-20 21:03:09,965 - INFO - Successfully processed data\input\B15.1.165.txt
2026-09-20 21:03:09,967 - INFO - Processing file: data\input\B15.1.166.txt
2026-09-20 21:03:09,979 - INFO - Split into 1 chunks
2026-09-20 21:03:10,012 - INFO - Successfully processed data\input\B15.1.166.txt
2026-09-20 21:03:10,013 - INFO - Processing file: data\input\B15.1.167.txt
2026-09-20 21:03:10,024 - INFO - Split into 1 chunks
2026-09-20 21:03:10,064 - INFO - Successfully processed data\input\B15.1.167.txt
2026-09-20 21:03:10,065 - INFO - Processing file: data\input\B15.1.168.txt
2026-09-20 21:03:10,074 - INFO - Split into 1 chunks
2026-09-20 21:03:10,111 - INFO - Successfully processed data\input\B15.1.168.txt
2026-09-20 21:03:10,112 - INFO - Processing file: data\input\B15.1.169.txt
2026-09-20 21:03:10,123 - INFO - Split into 1 chunks
2026-09-20 21:03:10,174 - INFO - Successfully processed data\input\B15.1.169.txt
2026-09-20 21:03:10,175 - INFO - Processing file: data\input\B15.1.17.txt
2026-09-20 21:03:10,190 - INFO - Split into 1 chunks
2026-09-20 21:03:10,229 - INFO - Successfully processed data\input\B15.1.17.txt
2026-09-20 21:03:10,230 - INFO - Processing file: data\input\B15.1.170.txt
2026-09-20 21:03:10,242 - INFO - Split into 1 chunks
2026-09-20 21:03:10,275 - INFO - Successfully processed data\input\B15.1.170.txt
2026-09-20 21:03:10,275 - INFO - Processing file: data\input\B15.1.171.txt
2026-09-20 21:03:10,284 - INFO - Split into 1 chunks
2026-09-20 21:03:10,330 - INFO - Successfully processed data\input\B15.1.171.txt
2026-09-20 21:03:10,331 - INFO - Processing file: data\input\B15.1.172.txt
2026-09-20 21:03:10,346 - INFO - Split into 1 chunks
2026-09-20 21:03:10,382 - INFO - Successfully processed data\input\B15.1.172.txt
2026-09-20 21:03:10,382 - INFO - Processing file: data\input\B15.1.173.txt
2026-09-20 21:03:10,394 - INFO - Split into 1 chunks
2026-09-20 21:03:10,440 - INFO - Successfully processed data\input\B15.1.173.txt
2026-09-20 21:03:10,440 - INFO - Processing file: data\input\B15.1.174.txt
2026-09-20 21:03:10,451 - INFO - Split into 1 chunks
2026-09-20 21:03:10,486 - INFO - Successfully processed data\input\B15.1.174.txt
2026-09-20 21:03:10,487 - INFO - Processing file: data\input\B15.1.175.txt
2026-09-20 21:03:10,499 - INFO - Split into 1 chunks
2026-09-20 21:03:10,564 - INFO - Successfully processed data\input\B15.1.175.txt
2026-09-20 21:03:10,564 - INFO - Processing file: data\input\B15.1.176.txt
2026-09-20 21:03:10,580 - INFO - Split into 1 chunks
2026-09-20 21:03:10,618 - INFO - Successfully processed data\input\B15.1.176.txt
2026-09-20 21:03:10,619 - INFO - Processing file: data\input\B15.1.177.txt
2026-09-20 21:03:10,628 - INFO - Split into 1 chunks
2026-09-20 21:03:10,671 - INFO - Successfully processed data\input\B15.1.177.txt
2026-09-20 21:03:10,672 - INFO - Processing file: data\input\B15.1.179.txt
2026-09-20 21:03:10,682 - INFO - Split into 1 chunks
2026-09-20 21:03:10,729 - INFO - Successfully processed data\input\B15.1.179.txt
2026-09-20 21:03:10,729 - INFO - Processing file: data\input\B15.1.18.txt
2026-09-20 21:03:10,739 - INFO - Split into 1 chunks
2026-09-20 21:03:10,777 - INFO - Successfully processed data\input\B15.1.18.txt
2026-09-20 21:03:10,779 - INFO - Processing file: data\input\B15.1.180.txt
2026-09-20 21:03:10,788 - INFO - Split into 1 chunks
2026-09-20 21:03:10,830 - INFO - Successfully processed data\input\B15.1.180.txt
2026-09-20 21:03:10,831 - INFO - Processing file: data\input\B15.1.181.txt
2026-09-20 21:03:10,842 - INFO - Split into 1 chunks
2026-09-20 21:03:10,883 - INFO - Successfully processed data\input\B15.1.181.txt
2026-09-20 21:03:10,885 - INFO - Processing file: data\input\B15.1.182.txt
2026-09-20 21:03:10,897 - INFO - Split into 1 chunks
2026-09-20 21:03:10,940 - INFO - Successfully processed data\input\B15.1.182.txt
2026-09-20 21:03:10,940 - INFO - Processing file: data\input\B15.1.183.txt
2026-09-20 21:03:10,952 - INFO - Split into 1 chunks
2026-09-20 21:03:10,992 - INFO - Successfully processed data\input\B15.1.183.txt
2026-09-20 21:03:10,993 - INFO - Processing file: data\input\B15.1.184.txt
2026-09-20 21:03:11,003 - INFO - Split into 1 chunks
2026-09-20 21:03:11,050 - INFO - Successfully processed data\input\B15.1.184.txt
2026-09-20 21:03:11,051 - INFO - Processing file: data\input\B15.1.185.txt
2026-09-20 21:03:11,061 - INFO - Split into 1 chunks
2026-09-20 21:03:11,096 - INFO - Successfully processed data\input\B15.1.185.txt
2026-09-20 21:03:11,096 - INFO - Processing file: data\input\B15.1.186.txt
2026-09-20 21:03:11,108 - INFO - Split into 1 chunks
2026-09-20 21:03:11,143 - INFO - Successfully processed data\input\B15.1.186.txt
2026-09-20 21:03:11,144 - INFO - Processing file: data\input\B15.1.187.txt
2026-09-20 21:03:11,154 - INFO - Split into 1 chunks
2026-09-20 21:03:11,194 - INFO - Successfully processed data\input\B15.1.187.txt
2026-09-20 21:03:11,194 - INFO - Processing file: data\input\B15.1.188.txt
2026-09-20 21:03:11,203 - INFO - Split into 1 chunks
2026-09-20 21:03:11,245 - INFO - Successfully processed data\input\B15.1.188.txt
2026-09-20 21:03:11,245 - INFO - Processing file: data\input\B15.1.19.txt
2026-09-20 21:03:11,256 - INFO - Split into 1 chunks
2026-09-20 21:03:11,293 - INFO - Successfully processed data\input\B15.1.19.txt
2026-09-20 21:03:11,294 - INFO - Processing file: data\input\B15.1.190.txt
2026-09-20 21:03:11,305 - INFO - Split into 1 chunks
2026-09-20 21:03:11,347 - INFO - Successfully processed data\input\B15.1.190.txt
2026-09-20 21:03:11,349 - INFO - Processing file: data\input\B15.1.192.txt
2026-09-20 21:03:11,364 - INFO - Split into 1 chunks
2026-09-20 21:03:11,404 - INFO - Successfully processed data\input\B15.1.192.txt
2026-09-20 21:03:11,404 - INFO - Processing file: data\input\B15.1.193.txt
2026-09-20 21:03:11,414 - INFO - Split into 1 chunks
2026-09-20 21:03:11,461 - INFO - Successfully processed data\input\B15.1.193.txt
2026-09-20 21:03:11,461 - INFO - Processing file: data\input\B15.1.195.txt
2026-09-20 21:03:11,475 - INFO - Split into 1 chunks
2026-09-20 21:03:11,510 - INFO - Successfully processed data\input\B15.1.195.txt
2026-09-20 21:03:11,511 - INFO - Processing file: data\input\B15.1.196.txt
2026-09-20 21:03:11,520 - INFO - Split into 1 chunks
2026-09-20 21:03:11,565 - INFO - Successfully processed data\input\B15.1.196.txt
2026-09-20 21:03:11,566 - INFO - Processing file: data\input\B15.1.197.txt
2026-09-20 21:03:11,575 - INFO - Split into 1 chunks
2026-09-20 21:03:11,613 - INFO - Successfully processed data\input\B15.1.197.txt
2026-09-20 21:03:11,614 - INFO - Processing file: data\input\B15.1.198.txt
2026-09-20 21:03:11,625 - INFO - Split into 1 chunks
2026-09-20 21:03:11,665 - INFO - Successfully processed data\input\B15.1.198.txt
2026-09-20 21:03:11,666 - INFO - Processing file: data\input\B15.1.20.txt
2026-09-20 21:03:11,677 - INFO - Split into 1 chunks
2026-09-20 21:03:11,723 - INFO - Successfully processed data\input\B15.1.20.txt
2026-09-20 21:03:11,724 - INFO - Processing file: data\input\B15.1.200.txt
2026-09-20 21:03:11,745 - INFO - Split into 1 chunks
2026-09-20 21:03:11,794 - INFO - Successfully processed data\input\B15.1.200.txt
2026-09-20 21:03:11,796 - INFO - Processing file: data\input\B15.1.201.txt
2026-09-20 21:03:11,814 - INFO - Split into 1 chunks
2026-09-20 21:03:11,871 - INFO - Successfully processed data\input\B15.1.201.txt
2026-09-20 21:03:11,872 - INFO - Processing file: data\input\B15.1.203.txt
2026-09-20 21:03:11,891 - INFO - Split into 1 chunks
2026-09-20 21:03:11,958 - INFO - Successfully processed data\input\B15.1.203.txt
2026-09-20 21:03:11,960 - INFO - Processing file: data\input\B15.1.204.txt
2026-09-20 21:03:11,981 - INFO - Split into 1 chunks
2026-09-20 21:03:12,022 - INFO - Successfully processed data\input\B15.1.204.txt
2026-09-20 21:03:12,024 - INFO - Processing file: data\input\B15.1.206.txt
2026-09-20 21:03:12,041 - INFO - Split into 1 chunks
2026-09-20 21:03:12,098 - INFO - Successfully processed data\input\B15.1.206.txt
2026-09-20 21:03:12,099 - INFO - Processing file: data\input\B15.1.208.txt
2026-09-20 21:03:12,114 - INFO - Split into 1 chunks
2026-09-20 21:03:12,156 - INFO - Successfully processed data\input\B15.1.208.txt
2026-09-20 21:03:12,157 - INFO - Processing file: data\input\B15.1.209.txt
2026-09-20 21:03:12,172 - INFO - Split into 1 chunks
2026-09-20 21:03:12,272 - INFO - Successfully processed data\input\B15.1.209.txt
2026-09-20 21:03:12,273 - INFO - Processing file: data\input\B15.1.210.txt
2026-09-20 21:03:12,298 - INFO - Split into 1 chunks
2026-09-20 21:03:12,387 - INFO - Successfully processed data\input\B15.1.210.txt
2026-09-20 21:03:12,392 - INFO - Processing file: data\input\B15.1.211.txt
2026-09-20 21:03:12,423 - INFO - Split into 1 chunks
2026-09-20 21:03:12,486 - INFO - Successfully processed data\input\B15.1.211.txt
2026-09-20 21:03:12,487 - INFO - Processing file: data\input\B15.1.22.txt
2026-09-20 21:03:12,508 - INFO - Split into 1 chunks
2026-09-20 21:03:12,590 - INFO - Successfully processed data\input\B15.1.22.txt
2026-09-20 21:03:12,590 - INFO - Processing file: data\input\B15.1.23.txt
2026-09-20 21:03:12,606 - INFO - Split into 1 chunks
2026-09-20 21:03:12,675 - INFO - Successfully processed data\input\B15.1.23.txt
2026-09-20 21:03:12,675 - INFO - Processing file: data\input\B15.1.24.2.txt
2026-09-20 21:03:12,690 - INFO - Split into 1 chunks
2026-09-20 21:03:12,765 - INFO - Successfully processed data\input\B15.1.24.2.txt
2026-09-20 21:03:12,766 - INFO - Processing file: data\input\B15.1.28.txt
2026-09-20 21:03:12,781 - INFO - Split into 1 chunks
2026-09-20 21:03:12,863 - INFO - Successfully processed data\input\B15.1.28.txt
2026-09-20 21:03:12,863 - INFO - Processing file: data\input\B15.1.29.txt
2026-09-20 21:03:12,883 - INFO - Split into 1 chunks
2026-09-20 21:03:12,966 - INFO - Successfully processed data\input\B15.1.29.txt
2026-09-20 21:03:12,967 - INFO - Processing file: data\input\B15.1.30.txt
2026-09-20 21:03:12,988 - INFO - Split into 1 chunks
2026-09-20 21:03:13,059 - INFO - Successfully processed data\input\B15.1.30.txt
2026-09-20 21:03:13,061 - INFO - Processing file: data\input\B15.1.31.txt
2026-09-20 21:03:13,080 - INFO - Split into 1 chunks
2026-09-20 21:03:13,136 - INFO - Successfully processed data\input\B15.1.31.txt
2026-09-20 21:03:13,137 - INFO - Processing file: data\input\B15.1.33.txt
2026-09-20 21:03:13,153 - INFO - Split into 1 chunks
2026-09-20 21:03:13,205 - INFO - Successfully processed data\input\B15.1.33.txt
2026-09-20 21:03:13,206 - INFO - Processing file: data\input\B15.1.34.txt
2026-09-20 21:03:13,219 - INFO - Split into 1 chunks
2026-09-20 21:03:13,270 - INFO - Successfully processed data\input\B15.1.34.txt
2026-09-20 21:03:13,270 - INFO - Processing file: data\input\B15.1.36.txt
2026-09-20 21:03:13,284 - INFO - Split into 1 chunks
2026-09-20 21:03:13,320 - INFO - Successfully processed data\input\B15.1.36.txt
2026-09-20 21:03:13,322 - INFO - Processing file: data\input\B15.1.4.txt
2026-09-20 21:03:13,341 - INFO - Split into 1 chunks
2026-09-20 21:03:13,387 - INFO - Successfully processed data\input\B15.1.4.txt
2026-09-20 21:03:13,388 - INFO - Processing file: data\input\B15.1.40.txt
2026-09-20 21:03:13,404 - INFO - Split into 1 chunks
2026-09-20 21:03:13,482 - INFO - Successfully processed data\input\B15.1.40.txt
2026-09-20 21:03:13,483 - INFO - Processing file: data\input\B15.1.41.txt
2026-09-20 21:03:13,496 - INFO - Split into 1 chunks
2026-09-20 21:03:13,540 - INFO - Successfully processed data\input\B15.1.41.txt
2026-09-20 21:03:13,541 - INFO - Processing file: data\input\B15.1.42.txt
2026-09-20 21:03:13,556 - INFO - Split into 1 chunks
2026-09-20 21:03:13,630 - INFO - Successfully processed data\input\B15.1.42.txt
2026-09-20 21:03:13,631 - INFO - Processing file: data\input\B15.1.44.txt
2026-09-20 21:03:13,660 - INFO - Split into 1 chunks
2026-09-20 21:03:13,707 - INFO - Successfully processed data\input\B15.1.44.txt
2026-09-20 21:03:13,708 - INFO - Processing file: data\input\B15.1.45.txt
2026-09-20 21:03:13,724 - INFO - Split into 1 chunks
2026-09-20 21:03:13,780 - INFO - Successfully processed data\input\B15.1.45.txt
2026-09-20 21:03:13,781 - INFO - Processing file: data\input\B15.1.46.txt
2026-09-20 21:03:13,798 - INFO - Split into 1 chunks
2026-09-20 21:03:13,863 - INFO - Successfully processed data\input\B15.1.46.txt
2026-09-20 21:03:13,864 - INFO - Processing file: data\input\B15.1.49.txt
2026-09-20 21:03:13,882 - INFO - Split into 1 chunks
2026-09-20 21:03:13,955 - INFO - Successfully processed data\input\B15.1.49.txt
2026-09-20 21:03:13,956 - INFO - Processing file: data\input\B15.1.50.txt
2026-09-20 21:03:13,969 - INFO - Split into 1 chunks
2026-09-20 21:03:14,022 - INFO - Successfully processed data\input\B15.1.50.txt
2026-09-20 21:03:14,023 - INFO - Processing file: data\input\B15.1.51.txt
2026-09-20 21:03:14,040 - INFO - Split into 1 chunks
2026-09-20 21:03:14,090 - INFO - Successfully processed data\input\B15.1.51.txt
2026-09-20 21:03:14,091 - INFO - Processing file: data\input\B15.1.56.txt
2026-09-20 21:03:14,105 - INFO - Split into 1 chunks
2026-09-20 21:03:14,173 - INFO - Successfully processed data\input\B15.1.56.txt
2026-09-20 21:03:14,173 - INFO - Processing file: data\input\B15.1.57.txt
2026-09-20 21:03:14,183 - INFO - Split into 1 chunks
2026-09-20 21:03:14,220 - INFO - Successfully processed data\input\B15.1.57.txt
2026-09-20 21:03:14,221 - INFO - Processing file: data\input\B15.1.59.txt
2026-09-20 21:03:14,232 - INFO - Split into 1 chunks
2026-09-20 21:03:14,277 - INFO - Successfully processed data\input\B15.1.59.txt
2026-09-20 21:03:14,280 - INFO - Processing file: data\input\B15.1.6.txt
2026-09-20 21:03:14,296 - INFO - Split into 1 chunks
2026-09-20 21:03:14,335 - INFO - Successfully processed data\input\B15.1.6.txt
2026-09-20 21:03:14,336 - INFO - Processing file: data\input\B15.1.60.txt
2026-09-20 21:03:14,354 - INFO - Split into 1 chunks
2026-09-20 21:03:14,408 - INFO - Successfully processed data\input\B15.1.60.txt
2026-09-20 21:03:14,409 - INFO - Processing file: data\input\B15.1.62.txt
2026-09-20 21:03:14,423 - INFO - Split into 1 chunks
2026-09-20 21:03:14,470 - INFO - Successfully processed data\input\B15.1.62.txt
2026-09-20 21:03:14,471 - INFO - Processing file: data\input\B15.1.64.txt
2026-09-20 21:03:14,485 - INFO - Split into 1 chunks
2026-09-20 21:03:14,544 - INFO - Successfully processed data\input\B15.1.64.txt
2026-09-20 21:03:14,545 - INFO - Processing file: data\input\B15.1.65.txt
2026-09-20 21:03:14,567 - INFO - Split into 1 chunks
2026-09-20 21:03:14,632 - INFO - Successfully processed data\input\B15.1.65.txt
2026-09-20 21:03:14,633 - INFO - Processing file: data\input\B15.1.66.txt
2026-09-20 21:03:14,657 - INFO - Split into 1 chunks
2026-09-20 21:03:14,735 - INFO - Successfully processed data\input\B15.1.66.txt
2026-09-20 21:03:14,741 - INFO - Processing file: data\input\B15.1.67.txt
2026-09-20 21:03:14,758 - INFO - Split into 1 chunks
2026-09-20 21:03:14,811 - INFO - Successfully processed data\input\B15.1.67.txt
2026-09-20 21:03:14,812 - INFO - Processing file: data\input\B15.1.68.txt
2026-09-20 21:03:14,825 - INFO - Split into 1 chunks
2026-09-20 21:03:14,876 - INFO - Successfully processed data\input\B15.1.68.txt
2026-09-20 21:03:14,878 - INFO - Processing file: data\input\B15.1.69.txt
2026-09-20 21:03:14,892 - INFO - Split into 1 chunks
2026-09-20 21:03:14,951 - INFO - Successfully processed data\input\B15.1.69.txt
2026-09-20 21:03:14,952 - INFO - Processing file: data\input\B15.1.7.txt
2026-09-20 21:03:14,967 - INFO - Split into 1 chunks
2026-09-20 21:03:15,016 - INFO - Successfully processed data\input\B15.1.7.txt
2026-09-20 21:03:15,016 - INFO - Processing file: data\input\B15.1.70.txt
2026-09-20 21:03:15,032 - INFO - Split into 1 chunks
2026-09-20 21:03:15,078 - INFO - Successfully processed data\input\B15.1.70.txt
2026-09-20 21:03:15,079 - INFO - Processing file: data\input\B15.1.71.txt
2026-09-20 21:03:15,091 - INFO - Split into 1 chunks
2026-09-20 21:03:15,141 - INFO - Successfully processed data\input\B15.1.71.txt
2026-09-20 21:03:15,141 - INFO - Processing file: data\input\B15.1.72.txt
2026-09-20 21:03:15,158 - INFO - Split into 1 chunks
2026-09-20 21:03:15,200 - INFO - Successfully processed data\input\B15.1.72.txt
2026-09-20 21:03:15,200 - INFO - Processing file: data\input\B15.1.73.txt
2026-09-20 21:03:15,210 - INFO - Split into 1 chunks
2026-09-20 21:03:15,248 - INFO - Successfully processed data\input\B15.1.73.txt
2026-09-20 21:03:15,249 - INFO - Processing file: data\input\B15.1.74.txt
2026-09-20 21:03:15,260 - INFO - Split into 1 chunks
2026-09-20 21:03:15,304 - INFO - Successfully processed data\input\B15.1.74.txt
2026-09-20 21:03:15,305 - INFO - Processing file: data\input\B15.1.75.txt
2026-09-20 21:03:15,318 - INFO - Split into 1 chunks
2026-09-20 21:03:15,364 - INFO - Successfully processed data\input\B15.1.75.txt
2026-09-20 21:03:15,365 - INFO - Processing file: data\input\B15.1.76.txt
2026-09-20 21:03:15,377 - INFO - Split into 1 chunks
2026-09-20 21:03:15,427 - INFO - Successfully processed data\input\B15.1.76.txt
2026-09-20 21:03:15,428 - INFO - Processing file: data\input\B15.1.77.txt
2026-09-20 21:03:15,438 - INFO - Split into 1 chunks
2026-09-20 21:03:15,476 - INFO - Successfully processed data\input\B15.1.77.txt
2026-09-20 21:03:15,476 - INFO - Processing file: data\input\B15.1.78.txt
2026-09-20 21:03:15,489 - INFO - Split into 1 chunks
2026-09-20 21:03:15,521 - INFO - Successfully processed data\input\B15.1.78.txt
2026-09-20 21:03:15,522 - INFO - Processing file: data\input\B15.1.79.txt
2026-09-20 21:03:15,533 - INFO - Split into 1 chunks
2026-09-20 21:03:15,569 - INFO - Successfully processed data\input\B15.1.79.txt
2026-09-20 21:03:15,570 - INFO - Processing file: data\input\B15.1.8.txt
2026-09-20 21:03:15,582 - INFO - Split into 1 chunks
2026-09-20 21:03:15,648 - INFO - Successfully processed data\input\B15.1.8.txt
2026-09-20 21:03:15,649 - INFO - Processing file: data\input\B15.1.80.txt
2026-09-20 21:03:15,661 - INFO - Split into 1 chunks
2026-09-20 21:03:15,692 - INFO - Successfully processed data\input\B15.1.80.txt
2026-09-20 21:03:15,693 - INFO - Processing file: data\input\B15.1.82.txt
2026-09-20 21:03:15,701 - INFO - Split into 1 chunks
2026-09-20 21:03:15,732 - INFO - Successfully processed data\input\B15.1.82.txt
2026-09-20 21:03:15,732 - INFO - Processing file: data\input\B15.1.83.txt
2026-09-20 21:03:15,743 - INFO - Split into 1 chunks
2026-09-20 21:03:15,774 - INFO - Successfully processed data\input\B15.1.83.txt
2026-09-20 21:03:15,774 - INFO - Processing file: data\input\B15.1.84.txt
2026-09-20 21:03:15,783 - INFO - Split into 1 chunks
2026-09-20 21:03:15,817 - INFO - Successfully processed data\input\B15.1.84.txt
2026-09-20 21:03:15,818 - INFO - Processing file: data\input\B15.1.87.txt
2026-09-20 21:03:15,827 - INFO - Split into 1 chunks
2026-09-20 21:03:15,864 - INFO - Successfully processed data\input\B15.1.87.txt
2026-09-20 21:03:15,865 - INFO - Processing file: data\input\B15.1.88.txt
2026-09-20 21:03:15,879 - INFO - Split into 1 chunks
2026-09-20 21:03:15,919 - INFO - Successfully processed data\input\B15.1.88.txt
2026-09-20 21:03:15,920 - INFO - Processing file: data\input\B15.1.89.txt
2026-09-20 21:03:15,931 - INFO - Split into 1 chunks
2026-09-20 21:03:15,977 - INFO - Successfully processed data\input\B15.1.89.txt
2026-09-20 21:03:15,978 - INFO - Processing file: data\input\B15.1.91.txt
2026-09-20 21:03:15,989 - INFO - Split into 1 chunks
2026-09-20 21:03:16,025 - INFO - Successfully processed data\input\B15.1.91.txt
2026-09-20 21:03:16,026 - INFO - Processing file: data\input\B15.1.92.txt
2026-09-20 21:03:16,040 - INFO - Split into 1 chunks
2026-09-20 21:03:16,086 - INFO - Successfully processed data\input\B15.1.92.txt
2026-09-20 21:03:16,087 - INFO - Processing file: data\input\B15.1.93.txt
2026-09-20 21:03:16,096 - INFO - Split into 1 chunks
2026-09-20 21:03:16,132 - INFO - Successfully processed data\input\B15.1.93.txt
2026-09-20 21:03:16,132 - INFO - Processing file: data\input\B15.1.94.txt
2026-09-20 21:03:16,143 - INFO - Split into 1 chunks
2026-09-20 21:03:16,177 - INFO - Successfully processed data\input\B15.1.94.txt
2026-09-20 21:03:16,178 - INFO - Processing file: data\input\B15.1.95.txt
2026-09-20 21:03:16,188 - INFO - Split into 1 chunks
2026-09-20 21:03:16,228 - INFO - Successfully processed data\input\B15.1.95.txt
2026-09-20 21:03:16,229 - INFO - Processing file: data\input\B15.1.96.txt
2026-09-20 21:03:16,237 - INFO - Split into 1 chunks
2026-09-20 21:03:16,268 - INFO - Successfully processed data\input\B15.1.96.txt
2026-09-20 21:03:16,268 - INFO - Processing file: data\input\B15.1.97.txt
2026-09-20 21:03:16,280 - INFO - Split into 1 chunks
2026-09-20 21:03:16,316 - INFO - Successfully processed data\input\B15.1.97.txt
2026-09-20 21:03:16,317 - INFO - Processing file: data\input\B15.1.99.txt
2026-09-20 21:03:16,325 - INFO - Split into 1 chunks
2026-09-20 21:03:16,362 - INFO - Successfully processed data\input\B15.1.99.txt
2026-09-20 21:03:16,362 - INFO - Processing file: data\input\B15.2.1.txt
2026-09-20 21:03:16,378 - INFO - Split into 1 chunks
2026-09-20 21:03:16,452 - INFO - Successfully processed data\input\B15.2.1.txt
2026-09-20 21:03:16,453 - INFO - Processing file: data\input\B15.2.11.txt
2026-09-20 21:03:16,465 - INFO - Split into 1 chunks
2026-09-20 21:03:16,511 - INFO - Successfully processed data\input\B15.2.11.txt
2026-09-20 21:03:16,512 - INFO - Processing file: data\input\B15.2.12.txt
2026-09-20 21:03:16,521 - INFO - Split into 1 chunks
2026-09-20 21:03:16,562 - INFO - Successfully processed data\input\B15.2.12.txt
2026-09-20 21:03:16,562 - INFO - Processing file: data\input\B15.2.14.txt
2026-09-20 21:03:16,572 - INFO - Split into 1 chunks
2026-09-20 21:03:16,604 - INFO - Successfully processed data\input\B15.2.14.txt
2026-09-20 21:03:16,605 - INFO - Processing file: data\input\B15.2.15.txt
2026-09-20 21:03:16,618 - INFO - Split into 1 chunks
2026-09-20 21:03:16,662 - INFO - Successfully processed data\input\B15.2.15.txt
2026-09-20 21:03:16,662 - INFO - Processing file: data\input\B15.2.16.txt
2026-09-20 21:03:16,674 - INFO - Split into 1 chunks
2026-09-20 21:03:16,708 - INFO - Successfully processed data\input\B15.2.16.txt
2026-09-20 21:03:16,709 - INFO - Processing file: data\input\B15.2.18.txt
2026-09-20 21:03:16,720 - INFO - Split into 1 chunks
2026-09-20 21:03:16,762 - INFO - Successfully processed data\input\B15.2.18.txt
2026-09-20 21:03:16,763 - INFO - Processing file: data\input\B15.2.19.txt
2026-09-20 21:03:16,983 - INFO - Split into 1 chunks
2026-09-20 21:03:17,027 - INFO - Successfully processed data\input\B15.2.19.txt
2026-09-20 21:03:17,028 - INFO - Processing file: data\input\B15.2.2.txt
2026-09-20 21:03:17,042 - INFO - Split into 1 chunks
2026-09-20 21:03:17,085 - INFO - Successfully processed data\input\B15.2.2.txt
2026-09-20 21:03:17,086 - INFO - Processing file: data\input\B15.2.20.txt
2026-09-20 21:03:17,100 - INFO - Split into 1 chunks
2026-09-20 21:03:17,141 - INFO - Successfully processed data\input\B15.2.20.txt
2026-09-20 21:03:17,141 - INFO - Processing file: data\input\B15.2.21.txt
2026-09-20 21:03:17,154 - INFO - Split into 1 chunks
2026-09-20 21:03:17,195 - INFO - Successfully processed data\input\B15.2.21.txt
2026-09-20 21:03:17,196 - INFO - Processing file: data\input\B15.2.22.txt
2026-09-20 21:03:17,206 - INFO - Split into 1 chunks
2026-09-20 21:03:17,245 - INFO - Successfully processed data\input\B15.2.22.txt
2026-09-20 21:03:17,246 - INFO - Processing file: data\input\B15.2.23.txt
2026-09-20 21:03:17,259 - INFO - Split into 1 chunks
2026-09-20 21:03:17,323 - INFO - Successfully processed data\input\B15.2.23.txt
2026-09-20 21:03:17,323 - INFO - Processing file: data\input\B15.2.24.txt
2026-09-20 21:03:17,332 - INFO - Split into 1 chunks
2026-09-20 21:03:17,377 - INFO - Successfully processed data\input\B15.2.24.txt
2026-09-20 21:03:17,378 - INFO - Processing file: data\input\B15.2.3.txt
2026-09-20 21:03:17,392 - INFO - Split into 1 chunks
2026-09-20 21:03:17,426 - INFO - Successfully processed data\input\B15.2.3.txt
2026-09-20 21:03:17,427 - INFO - Processing file: data\input\B15.2.6.txt
2026-09-20 21:03:17,440 - INFO - Split into 1 chunks
2026-09-20 21:03:17,492 - INFO - Successfully processed data\input\B15.2.6.txt
2026-09-20 21:03:17,492 - INFO - Processing file: data\input\B15.2.7.txt
2026-09-20 21:03:17,503 - INFO - Split into 1 chunks
2026-09-20 21:03:17,564 - INFO - Successfully processed data\input\B15.2.7.txt
2026-09-20 21:03:17,564 - INFO - Processing file: data\input\B15.3.1.txt
2026-09-20 21:03:17,576 - INFO - Split into 1 chunks
2026-09-20 21:03:17,611 - INFO - Successfully processed data\input\B15.3.1.txt
2026-09-20 21:03:17,612 - INFO - Processing file: data\input\B15.3.11.txt
2026-09-20 21:03:17,622 - INFO - Split into 1 chunks
2026-09-20 21:03:17,656 - INFO - Successfully processed data\input\B15.3.11.txt
2026-09-20 21:03:17,658 - INFO - Processing file: data\input\B15.3.12.txt
2026-09-20 21:03:17,671 - INFO - Split into 1 chunks
2026-09-20 21:03:17,727 - INFO - Successfully processed data\input\B15.3.12.txt
2026-09-20 21:03:17,728 - INFO - Processing file: data\input\B15.3.14.txt
2026-09-20 21:03:17,739 - INFO - Split into 1 chunks
2026-09-20 21:03:17,783 - INFO - Successfully processed data\input\B15.3.14.txt
2026-09-20 21:03:17,784 - INFO - Processing file: data\input\B15.3.18.txt
2026-09-20 21:03:17,795 - INFO - Split into 1 chunks
2026-09-20 21:03:17,836 - INFO - Successfully processed data\input\B15.3.18.txt
2026-09-20 21:03:17,837 - INFO - Processing file: data\input\B15.3.19.txt
2026-09-20 21:03:17,846 - INFO - Split into 1 chunks
2026-09-20 21:03:17,884 - INFO - Successfully processed data\input\B15.3.19.txt
2026-09-20 21:03:17,885 - INFO - Processing file: data\input\B15.3.2.txt
2026-09-20 21:03:17,896 - INFO - Split into 1 chunks
2026-09-20 21:03:17,941 - INFO - Successfully processed data\input\B15.3.2.txt
2026-09-20 21:03:17,942 - INFO - Processing file: data\input\B15.3.20.txt
2026-09-20 21:03:17,954 - INFO - Split into 1 chunks
2026-09-20 21:03:17,999 - INFO - Successfully processed data\input\B15.3.20.txt
2026-09-20 21:03:18,000 - INFO - Processing file: data\input\B15.3.21.txt
2026-09-20 21:03:18,012 - INFO - Split into 1 chunks
2026-09-20 21:03:18,049 - INFO - Successfully processed data\input\B15.3.21.txt
2026-09-20 21:03:18,049 - INFO - Processing file: data\input\B15.3.22.txt
2026-09-20 21:03:18,061 - INFO - Split into 1 chunks
2026-09-20 21:03:18,099 - INFO - Successfully processed data\input\B15.3.22.txt
2026-09-20 21:03:18,099 - INFO - Processing file: data\input\B15.3.25.txt
2026-09-20 21:03:18,109 - INFO - Split into 1 chunks
2026-09-20 21:03:18,145 - INFO - Successfully processed data\input\B15.3.25.txt
2026-09-20 21:03:18,145 - INFO - Processing file: data\input\B15.3.26.txt
2026-09-20 21:03:18,154 - INFO - Split into 1 chunks
2026-09-20 21:03:18,204 - INFO - Successfully processed data\input\B15.3.26.txt
2026-09-20 21:03:18,204 - INFO - Processing file: data\input\B15.3.28.txt
2026-09-20 21:03:18,215 - INFO - Split into 1 chunks
2026-09-20 21:03:18,287 - INFO - Successfully processed data\input\B15.3.28.txt
2026-09-20 21:03:18,289 - INFO - Processing file: data\input\B15.3.29.txt
2026-09-20 21:03:18,300 - INFO - Split into 1 chunks
2026-09-20 21:03:18,349 - INFO - Successfully processed data\input\B15.3.29.txt
2026-09-20 21:03:18,351 - INFO - Processing file: data\input\B15.3.3.txt
2026-09-20 21:03:18,364 - INFO - Split into 1 chunks
2026-09-20 21:03:18,432 - INFO - Successfully processed data\input\B15.3.3.txt
2026-09-20 21:03:18,432 - INFO - Processing file: data\input\B15.3.32.txt
2026-09-20 21:03:18,442 - INFO - Split into 1 chunks
2026-09-20 21:03:18,488 - INFO - Successfully processed data\input\B15.3.32.txt
2026-09-20 21:03:18,490 - INFO - Processing file: data\input\B15.3.33.txt
2026-09-20 21:03:18,503 - INFO - Split into 1 chunks
2026-09-20 21:03:18,541 - INFO - Successfully processed data\input\B15.3.33.txt
2026-09-20 21:03:18,541 - INFO - Processing file: data\input\B15.3.34.txt
2026-09-20 21:03:18,552 - INFO - Split into 1 chunks
2026-09-20 21:03:18,597 - INFO - Successfully processed data\input\B15.3.34.txt
2026-09-20 21:03:18,597 - INFO - Processing file: data\input\B15.3.35.txt
2026-09-20 21:03:18,609 - INFO - Split into 1 chunks
2026-09-20 21:03:18,658 - INFO - Successfully processed data\input\B15.3.35.txt
2026-09-20 21:03:18,658 - INFO - Processing file: data\input\B15.3.40.txt
2026-09-20 21:03:18,669 - INFO - Split into 1 chunks
2026-09-20 21:03:18,719 - INFO - Successfully processed data\input\B15.3.40.txt
2026-09-20 21:03:18,720 - INFO - Processing file: data\input\B15.3.42.txt
2026-09-20 21:03:18,731 - INFO - Split into 1 chunks
2026-09-20 21:03:18,789 - INFO - Successfully processed data\input\B15.3.42.txt
2026-09-20 21:03:18,790 - INFO - Processing file: data\input\B15.3.43.txt
2026-09-20 21:03:18,806 - INFO - Split into 1 chunks
2026-09-20 21:03:18,855 - INFO - Successfully processed data\input\B15.3.43.txt
2026-09-20 21:03:18,855 - INFO - Processing file: data\input\B15.3.44.txt
2026-09-20 21:03:18,867 - INFO - Split into 1 chunks
2026-09-20 21:03:18,916 - INFO - Successfully processed data\input\B15.3.44.txt
2026-09-20 21:03:18,917 - INFO - Processing file: data\input\B15.3.46.txt
2026-09-20 21:03:18,927 - INFO - Split into 1 chunks
2026-09-20 21:03:18,973 - INFO - Successfully processed data\input\B15.3.46.txt
2026-09-20 21:03:18,974 - INFO - Processing file: data\input\B15.3.47.txt
2026-09-20 21:03:18,987 - INFO - Split into 1 chunks
2026-09-20 21:03:19,027 - INFO - Successfully processed data\input\B15.3.47.txt
2026-09-20 21:03:19,028 - INFO - Processing file: data\input\B15.3.48.txt
2026-09-20 21:03:19,042 - INFO - Split into 1 chunks
2026-09-20 21:03:19,091 - INFO - Successfully processed data\input\B15.3.48.txt
2026-09-20 21:03:19,092 - INFO - Processing file: data\input\B15.3.5.txt
2026-09-20 21:03:19,107 - INFO - Split into 1 chunks
2026-09-20 21:03:19,175 - INFO - Successfully processed data\input\B15.3.5.txt
2026-09-20 21:03:19,175 - INFO - Processing file: data\input\B15.3.50.txt
2026-09-20 21:03:19,189 - INFO - Split into 1 chunks
2026-09-20 21:03:19,223 - INFO - Successfully processed data\input\B15.3.50.txt
2026-09-20 21:03:19,224 - INFO - Processing file: data\input\B15.3.51.txt
2026-09-20 21:03:19,235 - INFO - Split into 1 chunks
2026-09-20 21:03:19,272 - INFO - Successfully processed data\input\B15.3.51.txt
2026-09-20 21:03:19,272 - INFO - Processing file: data\input\B15.3.52.txt
2026-09-20 21:03:19,283 - INFO - Split into 1 chunks
2026-09-20 21:03:19,331 - INFO - Successfully processed data\input\B15.3.52.txt
2026-09-20 21:03:19,331 - INFO - Processing file: data\input\B15.3.53.txt
2026-09-20 21:03:19,344 - INFO - Split into 1 chunks
2026-09-20 21:03:19,380 - INFO - Successfully processed data\input\B15.3.53.txt
2026-09-20 21:03:19,381 - INFO - Processing file: data\input\B15.3.54.txt
2026-09-20 21:03:19,390 - INFO - Split into 1 chunks
2026-09-20 21:03:19,426 - INFO - Successfully processed data\input\B15.3.54.txt
2026-09-20 21:03:19,427 - INFO - Processing file: data\input\B15.3.55.txt
2026-09-20 21:03:19,437 - INFO - Split into 1 chunks
2026-09-20 21:03:19,479 - INFO - Successfully processed data\input\B15.3.55.txt
2026-09-20 21:03:19,480 - INFO - Processing file: data\input\B15.3.56.txt
2026-09-20 21:03:19,492 - INFO - Split into 1 chunks
2026-09-20 21:03:19,531 - INFO - Successfully processed data\input\B15.3.56.txt
2026-09-20 21:03:19,532 - INFO - Processing file: data\input\B15.3.57.txt
2026-09-20 21:03:19,547 - INFO - Split into 1 chunks
2026-09-20 21:03:19,604 - INFO - Successfully processed data\input\B15.3.57.txt
2026-09-20 21:03:19,605 - INFO - Processing file: data\input\B15.3.58.txt
2026-09-20 21:03:19,618 - INFO - Split into 1 chunks
2026-09-20 21:03:19,659 - INFO - Successfully processed data\input\B15.3.58.txt
2026-09-20 21:03:19,660 - INFO - Processing file: data\input\B15.3.6.txt
2026-09-20 21:03:19,674 - INFO - Split into 1 chunks
2026-09-20 21:03:19,735 - INFO - Successfully processed data\input\B15.3.6.txt
2026-09-20 21:03:19,736 - INFO - Processing file: data\input\B15.3.60.txt
2026-09-20 21:03:19,749 - INFO - Split into 1 chunks
2026-09-20 21:03:19,828 - INFO - Successfully processed data\input\B15.3.60.txt
2026-09-20 21:03:19,829 - INFO - Processing file: data\input\B15.3.61.txt
2026-09-20 21:03:19,841 - INFO - Split into 1 chunks
2026-09-20 21:03:19,877 - INFO - Successfully processed data\input\B15.3.61.txt
2026-09-20 21:03:19,878 - INFO - Processing file: data\input\B15.3.8.txt
2026-09-20 21:03:19,889 - INFO - Split into 1 chunks
2026-09-20 21:03:19,930 - INFO - Successfully processed data\input\B15.3.8.txt
2026-09-20 21:03:19,930 - INFO - Processing file: data\input\B15.3.9.txt
2026-09-20 21:03:19,941 - INFO - Split into 1 chunks
2026-09-20 21:03:19,982 - INFO - Successfully processed data\input\B15.3.9.txt
2026-09-20 21:03:19,983 - INFO - Processing file: data\input\B15.4.1.txt
2026-09-20 21:03:19,994 - INFO - Split into 1 chunks
2026-09-20 21:03:20,031 - INFO - Successfully processed data\input\B15.4.1.txt
2026-09-20 21:03:20,032 - INFO - Processing file: data\input\B15.4.2.txt
2026-09-20 21:03:20,042 - INFO - Split into 1 chunks
2026-09-20 21:03:20,075 - INFO - Successfully processed data\input\B15.4.2.txt
2026-09-20 21:03:20,076 - INFO - Processing file: data\input\B15.4.3.txt
2026-09-20 21:03:20,085 - INFO - Split into 1 chunks
2026-09-20 21:03:20,127 - INFO - Successfully processed data\input\B15.4.3.txt
2026-09-20 21:03:20,127 - INFO - Processing file: data\input\B15.4.4.txt
2026-09-20 21:03:20,137 - INFO - Split into 1 chunks
2026-09-20 21:03:20,173 - INFO - Successfully processed data\input\B15.4.4.txt
2026-09-20 21:03:20,175 - INFO - Processing file: data\input\B15.4.5.txt
2026-09-20 21:03:20,184 - INFO - Split into 1 chunks
2026-09-20 21:03:20,216 - INFO - Successfully processed data\input\B15.4.5.txt
2026-09-20 21:03:20,218 - INFO - Processing file: data\input\B15.4.7.txt
2026-09-20 21:03:20,229 - INFO - Split into 1 chunks
2026-09-20 21:03:20,277 - INFO - Successfully processed data\input\B15.4.7.txt
2026-09-20 21:03:20,277 - INFO - Processing file: data\input\B15.4.8.txt
2026-09-20 21:03:20,288 - INFO - Split into 1 chunks
2026-09-20 21:03:20,326 - INFO - Successfully processed data\input\B15.4.8.txt
2026-09-20 21:03:20,327 - INFO - Processing file: data\input\B15.4.9.txt
2026-09-20 21:03:20,338 - INFO - Split into 1 chunks
2026-09-20 21:03:20,379 - INFO - Successfully processed data\input\B15.4.9.txt
2026-09-20 21:03:20,379 - INFO - Processing file: data\input\B15.5.11.txt
2026-09-20 21:03:20,389 - INFO - Split into 1 chunks
2026-09-20 21:03:20,436 - INFO - Successfully processed data\input\B15.5.11.txt
2026-09-20 21:03:20,437 - INFO - Processing file: data\input\B15.5.12.txt
2026-09-20 21:03:20,447 - INFO - Split into 1 chunks
2026-09-20 21:03:20,487 - INFO - Successfully processed data\input\B15.5.12.txt
2026-09-20 21:03:20,487 - INFO - Processing file: data\input\B15.5.15.txt
2026-09-20 21:03:20,497 - INFO - Split into 1 chunks
2026-09-20 21:03:20,533 - INFO - Successfully processed data\input\B15.5.15.txt
2026-09-20 21:03:20,534 - INFO - Processing file: data\input\B15.5.16.txt
2026-09-20 21:03:20,544 - INFO - Split into 1 chunks
2026-09-20 21:03:20,619 - INFO - Successfully processed data\input\B15.5.16.txt
2026-09-20 21:03:20,620 - INFO - Processing file: data\input\B15.5.19.txt
2026-09-20 21:03:20,630 - INFO - Split into 1 chunks
2026-09-20 21:03:20,671 - INFO - Successfully processed data\input\B15.5.19.txt
2026-09-20 21:03:20,671 - INFO - Processing file: data\input\B15.5.2.txt
2026-09-20 21:03:20,682 - INFO - Split into 1 chunks
2026-09-20 21:03:20,739 - INFO - Successfully processed data\input\B15.5.2.txt
2026-09-20 21:03:20,739 - INFO - Processing file: data\input\B15.5.21.txt
2026-09-20 21:03:20,750 - INFO - Split into 1 chunks
2026-09-20 21:03:20,806 - INFO - Successfully processed data\input\B15.5.21.txt
2026-09-20 21:03:20,807 - INFO - Processing file: data\input\B15.5.24.txt
2026-09-20 21:03:20,816 - INFO - Split into 1 chunks
2026-09-20 21:03:20,894 - INFO - Successfully processed data\input\B15.5.24.txt
2026-09-20 21:03:20,895 - INFO - Processing file: data\input\B15.5.27.txt
2026-09-20 21:03:20,906 - INFO - Split into 1 chunks
2026-09-20 21:03:20,950 - INFO - Successfully processed data\input\B15.5.27.txt
2026-09-20 21:03:20,951 - INFO - Processing file: data\input\B15.5.28.txt
2026-09-20 21:03:20,962 - INFO - Split into 1 chunks
2026-09-20 21:03:21,004 - INFO - Successfully processed data\input\B15.5.28.txt
2026-09-20 21:03:21,005 - INFO - Processing file: data\input\B15.5.3.txt
2026-09-20 21:03:21,018 - INFO - Split into 1 chunks
2026-09-20 21:03:21,086 - INFO - Successfully processed data\input\B15.5.3.txt
2026-09-20 21:03:21,087 - INFO - Processing file: data\input\B15.5.31.txt
2026-09-20 21:03:21,097 - INFO - Split into 1 chunks
2026-09-20 21:03:21,147 - INFO - Successfully processed data\input\B15.5.31.txt
2026-09-20 21:03:21,148 - INFO - Processing file: data\input\B15.5.32.txt
2026-09-20 21:03:21,158 - INFO - Split into 1 chunks
2026-09-20 21:03:21,197 - INFO - Successfully processed data\input\B15.5.32.txt
2026-09-20 21:03:21,197 - INFO - Processing file: data\input\B15.5.33.txt
2026-09-20 21:03:21,208 - INFO - Split into 1 chunks
2026-09-20 21:03:21,249 - INFO - Successfully processed data\input\B15.5.33.txt
2026-09-20 21:03:21,250 - INFO - Processing file: data\input\B15.5.34.txt
2026-09-20 21:03:21,261 - INFO - Split into 1 chunks
2026-09-20 21:03:21,318 - INFO - Successfully processed data\input\B15.5.34.txt
2026-09-20 21:03:21,319 - INFO - Processing file: data\input\B15.5.38.txt
2026-09-20 21:03:21,327 - INFO - Split into 1 chunks
2026-09-20 21:03:21,397 - INFO - Successfully processed data\input\B15.5.38.txt
2026-09-20 21:03:21,398 - INFO - Processing file: data\input\B15.5.39.txt
2026-09-20 21:03:21,408 - INFO - Split into 1 chunks
2026-09-20 21:03:21,449 - INFO - Successfully processed data\input\B15.5.39.txt
2026-09-20 21:03:21,450 - INFO - Processing file: data\input\B15.5.6.txt
2026-09-20 21:03:21,460 - INFO - Split into 1 chunks
2026-09-20 21:03:21,537 - INFO - Successfully processed data\input\B15.5.6.txt
2026-09-20 21:03:21,538 - INFO - Processing file: data\input\B15.6.10.txt
2026-09-20 21:03:21,548 - INFO - Split into 1 chunks
2026-09-20 21:03:21,604 - INFO - Successfully processed data\input\B15.6.10.txt
2026-09-20 21:03:21,605 - INFO - Processing file: data\input\B15.6.14.txt
2026-09-20 21:03:21,615 - INFO - Split into 1 chunks
2026-09-20 21:03:21,653 - INFO - Successfully processed data\input\B15.6.14.txt
2026-09-20 21:03:21,653 - INFO - Processing file: data\input\B15.6.16.txt
2026-09-20 21:03:21,664 - INFO - Split into 1 chunks
2026-09-20 21:03:21,716 - INFO - Successfully processed data\input\B15.6.16.txt
2026-09-20 21:03:21,717 - INFO - Processing file: data\input\B15.6.17.txt
2026-09-20 21:03:21,726 - INFO - Split into 1 chunks
2026-09-20 21:03:21,762 - INFO - Successfully processed data\input\B15.6.17.txt
2026-09-20 21:03:21,762 - INFO - Processing file: data\input\B15.6.21.txt
2026-09-20 21:03:21,775 - INFO - Split into 1 chunks
2026-09-20 21:03:21,833 - INFO - Successfully processed data\input\B15.6.21.txt
2026-09-20 21:03:21,834 - INFO - Processing file: data\input\B15.6.26.txt
2026-09-20 21:03:21,841 - INFO - Split into 1 chunks
2026-09-20 21:03:21,883 - INFO - Successfully processed data\input\B15.6.26.txt
2026-09-20 21:03:21,884 - INFO - Processing file: data\input\B15.6.27.txt
2026-09-20 21:03:21,895 - INFO - Split into 1 chunks
2026-09-20 21:03:21,953 - INFO - Successfully processed data\input\B15.6.27.txt
2026-09-20 21:03:21,954 - INFO - Processing file: data\input\B15.6.29.txt
2026-09-20 21:03:21,967 - INFO - Split into 1 chunks
2026-09-20 21:03:22,009 - INFO - Successfully processed data\input\B15.6.29.txt
2026-09-20 21:03:22,011 - INFO - Processing file: data\input\B15.6.31.txt
2026-09-20 21:03:22,023 - INFO - Split into 1 chunks
2026-09-20 21:03:22,059 - INFO - Successfully processed data\input\B15.6.31.txt
2026-09-20 21:03:22,060 - INFO - Processing file: data\input\B15.6.33.txt
2026-09-20 21:03:22,073 - INFO - Split into 1 chunks
2026-09-20 21:03:22,146 - INFO - Successfully processed data\input\B15.6.33.txt
2026-09-20 21:03:22,147 - INFO - Processing file: data\input\B15.6.35.txt
2026-09-20 21:03:22,161 - INFO - Split into 1 chunks
2026-09-20 21:03:22,234 - INFO - Successfully processed data\input\B15.6.35.txt
2026-09-20 21:03:22,235 - INFO - Processing file: data\input\B15.6.36.txt
2026-09-20 21:03:22,245 - INFO - Split into 1 chunks
2026-09-20 21:03:22,293 - INFO - Successfully processed data\input\B15.6.36.txt
2026-09-20 21:03:22,294 - INFO - Processing file: data\input\B15.6.37.txt
2026-09-20 21:03:22,306 - INFO - Split into 1 chunks
2026-09-20 21:03:22,357 - INFO - Successfully processed data\input\B15.6.37.txt
2026-09-20 21:03:22,358 - INFO - Processing file: data\input\B15.6.38.txt
2026-09-20 21:03:22,369 - INFO - Split into 1 chunks
2026-09-20 21:03:22,407 - INFO - Successfully processed data\input\B15.6.38.txt
2026-09-20 21:03:22,408 - INFO - Processing file: data\input\B15.6.39.txt
2026-09-20 21:03:22,419 - INFO - Split into 1 chunks
2026-09-20 21:03:22,479 - INFO - Successfully processed data\input\B15.6.39.txt
2026-09-20 21:03:22,479 - INFO - Processing file: data\input\B15.6.42.txt
2026-09-20 21:03:22,494 - INFO - Split into 1 chunks
2026-09-20 21:03:22,544 - INFO - Successfully processed data\input\B15.6.42.txt
2026-09-20 21:03:22,545 - INFO - Processing file: data\input\B15.6.43.txt
2026-09-20 21:03:22,557 - INFO - Split into 1 chunks
2026-09-20 21:03:22,591 - INFO - Successfully processed data\input\B15.6.43.txt
2026-09-20 21:03:22,592 - INFO - Processing file: data\input\B15.6.47.txt
2026-09-20 21:03:22,605 - INFO - Split into 1 chunks
2026-09-20 21:03:22,680 - INFO - Successfully processed data\input\B15.6.47.txt
2026-09-20 21:03:22,680 - INFO - Processing file: data\input\B15.6.48.txt
2026-09-20 21:03:22,693 - INFO - Split into 1 chunks
2026-09-20 21:03:22,760 - INFO - Successfully processed data\input\B15.6.48.txt
2026-09-20 21:03:22,761 - INFO - Processing file: data\input\B15.6.50.txt
2026-09-20 21:03:22,772 - INFO - Split into 1 chunks
2026-09-20 21:03:22,818 - INFO - Successfully processed data\input\B15.6.50.txt
2026-09-20 21:03:22,819 - INFO - Processing file: data\input\B15.6.53.txt
2026-09-20 21:03:22,830 - INFO - Split into 1 chunks
2026-09-20 21:03:22,899 - INFO - Successfully processed data\input\B15.6.53.txt
2026-09-20 21:03:22,900 - INFO - Processing file: data\input\B15.6.9.txt
2026-09-20 21:03:22,912 - INFO - Split into 1 chunks
2026-09-20 21:03:22,961 - INFO - Successfully processed data\input\B15.6.9.txt
2026-09-20 21:03:22,962 - INFO - Processing file: data\input\B15.7.1.txt
2026-09-20 21:03:22,972 - INFO - Split into 1 chunks
2026-09-20 21:03:23,014 - INFO - Successfully processed data\input\B15.7.1.txt
2026-09-20 21:03:23,015 - INFO - Processing file: data\input\B15.7.12.txt
2026-09-20 21:03:23,028 - INFO - Split into 1 chunks
2026-09-20 21:03:23,066 - INFO - Successfully processed data\input\B15.7.12.txt
2026-09-20 21:03:23,066 - INFO - Processing file: data\input\B15.7.13.txt
2026-09-20 21:03:23,080 - INFO - Split into 1 chunks
2026-09-20 21:03:23,110 - INFO - Successfully processed data\input\B15.7.13.txt
2026-09-20 21:03:23,111 - INFO - Processing file: data\input\B15.7.2.txt
2026-09-20 21:03:23,121 - INFO - Split into 1 chunks
2026-09-20 21:03:23,158 - INFO - Successfully processed data\input\B15.7.2.txt
2026-09-20 21:03:23,159 - INFO - Processing file: data\input\B15.7.6.txt
2026-09-20 21:03:23,170 - INFO - Split into 1 chunks
2026-09-20 21:03:23,200 - INFO - Successfully processed data\input\B15.7.6.txt
2026-09-20 21:03:23,200 - INFO - Processing file: data\input\B15.7.7.txt
2026-09-20 21:03:23,209 - INFO - Split into 1 chunks
2026-09-20 21:03:23,242 - INFO - Successfully processed data\input\B15.7.7.txt
2026-09-20 21:03:23,243 - INFO - Processing file: data\input\B15.7.8.txt
2026-09-20 21:03:23,252 - INFO - Split into 1 chunks
2026-09-20 21:03:23,286 - INFO - Successfully processed data\input\B15.7.8.txt
2026-09-20 21:03:23,286 - INFO - Processing file: data\input\B15.7.9.txt
2026-09-20 21:03:23,296 - INFO - Split into 1 chunks
2026-09-20 21:03:23,328 - INFO - Successfully processed data\input\B15.7.9.txt
2026-09-20 21:03:23,328 - INFO - Processing file: data\input\B15.8.10.txt
2026-09-20 21:03:23,337 - INFO - Split into 1 chunks
2026-09-20 21:03:23,370 - INFO - Successfully processed data\input\B15.8.10.txt
2026-09-20 21:03:23,371 - INFO - Processing file: data\input\B15.8.101.txt
2026-09-20 21:03:23,382 - INFO - Split into 1 chunks
2026-09-20 21:03:23,452 - INFO - Successfully processed data\input\B15.8.101.txt
2026-09-20 21:03:23,453 - INFO - Processing file: data\input\B15.8.103.txt
2026-09-20 21:03:23,463 - INFO - Split into 1 chunks
2026-09-20 21:03:23,501 - INFO - Successfully processed data\input\B15.8.103.txt
2026-09-20 21:03:23,501 - INFO - Processing file: data\input\B15.8.106.txt
2026-09-20 21:03:23,514 - INFO - Split into 1 chunks
2026-09-20 21:03:23,566 - INFO - Successfully processed data\input\B15.8.106.txt
2026-09-20 21:03:23,566 - INFO - Processing file: data\input\B15.8.107.txt
2026-09-20 21:03:23,579 - INFO - Split into 1 chunks
2026-09-20 21:03:23,618 - INFO - Successfully processed data\input\B15.8.107.txt
2026-09-20 21:03:23,618 - INFO - Processing file: data\input\B15.8.108.txt
2026-09-20 21:03:23,627 - INFO - Split into 1 chunks
2026-09-20 21:03:23,668 - INFO - Successfully processed data\input\B15.8.108.txt
2026-09-20 21:03:23,668 - INFO - Processing file: data\input\B15.8.109.txt
2026-09-20 21:03:23,680 - INFO - Split into 1 chunks
2026-09-20 21:03:23,716 - INFO - Successfully processed data\input\B15.8.109.txt
2026-09-20 21:03:23,717 - INFO - Processing file: data\input\B15.8.11.txt
2026-09-20 21:03:23,730 - INFO - Split into 1 chunks
2026-09-20 21:03:23,796 - INFO - Successfully processed data\input\B15.8.11.txt
2026-09-20 21:03:23,796 - INFO - Processing file: data\input\B15.8.111.txt
2026-09-20 21:03:23,806 - INFO - Split into 1 chunks
2026-09-20 21:03:23,844 - INFO - Successfully processed data\input\B15.8.111.txt
2026-09-20 21:03:23,845 - INFO - Processing file: data\input\B15.8.114.txt
2026-09-20 21:03:23,855 - INFO - Split into 1 chunks
2026-09-20 21:03:23,898 - INFO - Successfully processed data\input\B15.8.114.txt
2026-09-20 21:03:23,899 - INFO - Processing file: data\input\B15.8.115.txt
2026-09-20 21:03:23,910 - INFO - Split into 1 chunks
2026-09-20 21:03:23,948 - INFO - Successfully processed data\input\B15.8.115.txt
2026-09-20 21:03:23,948 - INFO - Processing file: data\input\B15.8.116.txt
2026-09-20 21:03:23,959 - INFO - Split into 1 chunks
2026-09-20 21:03:24,027 - INFO - Successfully processed data\input\B15.8.116.txt
2026-09-20 21:03:24,027 - INFO - Processing file: data\input\B15.8.117.txt
2026-09-20 21:03:24,041 - INFO - Split into 1 chunks
2026-09-20 21:03:24,084 - INFO - Successfully processed data\input\B15.8.117.txt
2026-09-20 21:03:24,084 - INFO - Processing file: data\input\B15.8.118.txt
2026-09-20 21:03:24,094 - INFO - Split into 1 chunks
2026-09-20 21:03:24,134 - INFO - Successfully processed data\input\B15.8.118.txt
2026-09-20 21:03:24,135 - INFO - Processing file: data\input\B15.8.119.txt
2026-09-20 21:03:24,144 - INFO - Split into 1 chunks
2026-09-20 21:03:24,184 - INFO - Successfully processed data\input\B15.8.119.txt
2026-09-20 21:03:24,186 - INFO - Processing file: data\input\B15.8.120.txt
2026-09-20 21:03:24,195 - INFO - Split into 1 chunks
2026-09-20 21:03:24,234 - INFO - Successfully processed data\input\B15.8.120.txt
2026-09-20 21:03:24,236 - INFO - Processing file: data\input\B15.8.121.txt
2026-09-20 21:03:24,246 - INFO - Split into 1 chunks
2026-09-20 21:03:24,325 - INFO - Successfully processed data\input\B15.8.121.txt
2026-09-20 21:03:24,326 - INFO - Processing file: data\input\B15.8.122.txt
2026-09-20 21:03:24,340 - INFO - Split into 1 chunks
2026-09-20 21:03:24,400 - INFO - Successfully processed data\input\B15.8.122.txt
2026-09-20 21:03:24,401 - INFO - Processing file: data\input\B15.8.124.txt
2026-09-20 21:03:24,417 - INFO - Split into 1 chunks
2026-09-20 21:03:24,463 - INFO - Successfully processed data\input\B15.8.124.txt
2026-09-20 21:03:24,464 - INFO - Processing file: data\input\B15.8.128.txt
2026-09-20 21:03:24,477 - INFO - Split into 1 chunks
2026-09-20 21:03:24,546 - INFO - Successfully processed data\input\B15.8.128.txt
2026-09-20 21:03:24,547 - INFO - Processing file: data\input\B15.8.131.txt
2026-09-20 21:03:24,560 - INFO - Split into 1 chunks
2026-09-20 21:03:24,604 - INFO - Successfully processed data\input\B15.8.131.txt
2026-09-20 21:03:24,605 - INFO - Processing file: data\input\B15.8.132.txt
2026-09-20 21:03:24,616 - INFO - Split into 1 chunks
2026-09-20 21:03:24,665 - INFO - Successfully processed data\input\B15.8.132.txt
2026-09-20 21:03:24,666 - INFO - Processing file: data\input\B15.8.133.txt
2026-09-20 21:03:24,680 - INFO - Split into 1 chunks
2026-09-20 21:03:24,727 - INFO - Successfully processed data\input\B15.8.133.txt
2026-09-20 21:03:24,728 - INFO - Processing file: data\input\B15.8.134.txt
2026-09-20 21:03:24,741 - INFO - Split into 1 chunks
2026-09-20 21:03:24,785 - INFO - Successfully processed data\input\B15.8.134.txt
2026-09-20 21:03:24,785 - INFO - Processing file: data\input\B15.8.137.txt
2026-09-20 21:03:24,795 - INFO - Split into 1 chunks
2026-09-20 21:03:24,829 - INFO - Successfully processed data\input\B15.8.137.txt
2026-09-20 21:03:24,829 - INFO - Processing file: data\input\B15.8.138.txt
2026-09-20 21:03:24,839 - INFO - Split into 1 chunks
2026-09-20 21:03:24,891 - INFO - Successfully processed data\input\B15.8.138.txt
2026-09-20 21:03:24,892 - INFO - Processing file: data\input\B15.8.139.txt
2026-09-20 21:03:24,901 - INFO - Split into 1 chunks
2026-09-20 21:03:24,932 - INFO - Successfully processed data\input\B15.8.139.txt
2026-09-20 21:03:24,933 - INFO - Processing file: data\input\B15.8.14.txt
2026-09-20 21:03:24,943 - INFO - Split into 1 chunks
2026-09-20 21:03:24,983 - INFO - Successfully processed data\input\B15.8.14.txt
2026-09-20 21:03:24,983 - INFO - Processing file: data\input\B15.8.140.txt
2026-09-20 21:03:24,995 - INFO - Split into 1 chunks
2026-09-20 21:03:25,036 - INFO - Successfully processed data\input\B15.8.140.txt
2026-09-20 21:03:25,037 - INFO - Processing file: data\input\B15.8.141.txt
2026-09-20 21:03:25,052 - INFO - Split into 1 chunks
2026-09-20 21:03:25,127 - INFO - Successfully processed data\input\B15.8.141.txt
2026-09-20 21:03:25,128 - INFO - Processing file: data\input\B15.8.143.txt
2026-09-20 21:03:25,138 - INFO - Split into 1 chunks
2026-09-20 21:03:25,175 - INFO - Successfully processed data\input\B15.8.143.txt
2026-09-20 21:03:25,176 - INFO - Processing file: data\input\B15.8.144.txt
2026-09-20 21:03:25,187 - INFO - Split into 1 chunks
2026-09-20 21:03:25,245 - INFO - Successfully processed data\input\B15.8.144.txt
2026-09-20 21:03:25,245 - INFO - Processing file: data\input\B15.8.145.txt
2026-09-20 21:03:25,256 - INFO - Split into 1 chunks
2026-09-20 21:03:25,314 - INFO - Successfully processed data\input\B15.8.145.txt
2026-09-20 21:03:25,315 - INFO - Processing file: data\input\B15.8.146.txt
2026-09-20 21:03:25,324 - INFO - Split into 1 chunks
2026-09-20 21:03:25,361 - INFO - Successfully processed data\input\B15.8.146.txt
2026-09-20 21:03:25,362 - INFO - Processing file: data\input\B15.8.148.txt
2026-09-20 21:03:25,373 - INFO - Split into 1 chunks
2026-09-20 21:03:25,416 - INFO - Successfully processed data\input\B15.8.148.txt
2026-09-20 21:03:25,417 - INFO - Processing file: data\input\B15.8.149.txt
2026-09-20 21:03:25,430 - INFO - Split into 1 chunks
2026-09-20 21:03:25,462 - INFO - Successfully processed data\input\B15.8.149.txt
2026-09-20 21:03:25,462 - INFO - Processing file: data\input\B15.8.15.txt
2026-09-20 21:03:25,473 - INFO - Split into 1 chunks
2026-09-20 21:03:25,517 - INFO - Successfully processed data\input\B15.8.15.txt
2026-09-20 21:03:25,517 - INFO - Processing file: data\input\B15.8.151.txt
2026-09-20 21:03:25,528 - INFO - Split into 1 chunks
2026-09-20 21:03:25,588 - INFO - Successfully processed data\input\B15.8.151.txt
2026-09-20 21:03:25,588 - INFO - Processing file: data\input\B15.8.152.txt
2026-09-20 21:03:25,598 - INFO - Split into 1 chunks
2026-09-20 21:03:25,646 - INFO - Successfully processed data\input\B15.8.152.txt
2026-09-20 21:03:25,647 - INFO - Processing file: data\input\B15.8.153.txt
2026-09-20 21:03:25,656 - INFO - Split into 1 chunks
2026-09-20 21:03:25,706 - INFO - Successfully processed data\input\B15.8.153.txt
2026-09-20 21:03:25,706 - INFO - Processing file: data\input\B15.8.154.txt
2026-09-20 21:03:25,716 - INFO - Split into 1 chunks
2026-09-20 21:03:25,758 - INFO - Successfully processed data\input\B15.8.154.txt
2026-09-20 21:03:25,758 - INFO - Processing file: data\input\B15.8.155.txt
2026-09-20 21:03:25,768 - INFO - Split into 1 chunks
2026-09-20 21:03:25,809 - INFO - Successfully processed data\input\B15.8.155.txt
2026-09-20 21:03:25,810 - INFO - Processing file: data\input\B15.8.156.txt
2026-09-20 21:03:25,821 - INFO - Split into 1 chunks
2026-09-20 21:03:25,863 - INFO - Successfully processed data\input\B15.8.156.txt
2026-09-20 21:03:25,864 - INFO - Processing file: data\input\B15.8.157.txt
2026-09-20 21:03:25,874 - INFO - Split into 1 chunks
2026-09-20 21:03:25,915 - INFO - Successfully processed data\input\B15.8.157.txt
2026-09-20 21:03:25,915 - INFO - Processing file: data\input\B15.8.158.txt
2026-09-20 21:03:25,959 - INFO - Split into 1 chunks
2026-09-20 21:03:25,993 - INFO - Successfully processed data\input\B15.8.158.txt
2026-09-20 21:03:25,994 - INFO - Processing file: data\input\B15.8.159.txt
2026-09-20 21:03:26,004 - INFO - Split into 1 chunks
2026-09-20 21:03:26,064 - INFO - Successfully processed data\input\B15.8.159.txt
2026-09-20 21:03:26,065 - INFO - Processing file: data\input\B15.8.160.txt
2026-09-20 21:03:26,076 - INFO - Split into 1 chunks
2026-09-20 21:03:26,127 - INFO - Successfully processed data\input\B15.8.160.txt
2026-09-20 21:03:26,128 - INFO - Processing file: data\input\B15.8.162.txt
2026-09-20 21:03:26,142 - INFO - Split into 1 chunks
2026-09-20 21:03:26,184 - INFO - Successfully processed data\input\B15.8.162.txt
2026-09-20 21:03:26,185 - INFO - Processing file: data\input\B15.8.163.txt
2026-09-20 21:03:26,195 - INFO - Split into 1 chunks
2026-09-20 21:03:26,232 - INFO - Successfully processed data\input\B15.8.163.txt
2026-09-20 21:03:26,233 - INFO - Processing file: data\input\B15.8.165.txt
2026-09-20 21:03:26,242 - INFO - Split into 1 chunks
2026-09-20 21:03:26,279 - INFO - Successfully processed data\input\B15.8.165.txt
2026-09-20 21:03:26,280 - INFO - Processing file: data\input\B15.8.166.txt
2026-09-20 21:03:26,290 - INFO - Split into 1 chunks
2026-09-20 21:03:26,336 - INFO - Successfully processed data\input\B15.8.166.txt
2026-09-20 21:03:26,337 - INFO - Processing file: data\input\B15.8.168.txt
2026-09-20 21:03:26,348 - INFO - Split into 1 chunks
2026-09-20 21:03:26,397 - INFO - Successfully processed data\input\B15.8.168.txt
2026-09-20 21:03:26,397 - INFO - Processing file: data\input\B15.8.169.txt
2026-09-20 21:03:26,406 - INFO - Split into 1 chunks
2026-09-20 21:03:26,442 - INFO - Successfully processed data\input\B15.8.169.txt
2026-09-20 21:03:26,443 - INFO - Processing file: data\input\B15.8.171.txt
2026-09-20 21:03:26,452 - INFO - Split into 1 chunks
2026-09-20 21:03:26,493 - INFO - Successfully processed data\input\B15.8.171.txt
2026-09-20 21:03:26,493 - INFO - Processing file: data\input\B15.8.172.txt
2026-09-20 21:03:26,502 - INFO - Split into 1 chunks
2026-09-20 21:03:26,539 - INFO - Successfully processed data\input\B15.8.172.txt
2026-09-20 21:03:26,539 - INFO - Processing file: data\input\B15.8.173.txt
2026-09-20 21:03:26,549 - INFO - Split into 1 chunks
2026-09-20 21:03:26,597 - INFO - Successfully processed data\input\B15.8.173.txt
2026-09-20 21:03:26,598 - INFO - Processing file: data\input\B15.8.174.txt
2026-09-20 21:03:26,606 - INFO - Split into 1 chunks
2026-09-20 21:03:26,652 - INFO - Successfully processed data\input\B15.8.174.txt
2026-09-20 21:03:26,652 - INFO - Processing file: data\input\B15.8.175.txt
2026-09-20 21:03:26,662 - INFO - Split into 1 chunks
2026-09-20 21:03:26,698 - INFO - Successfully processed data\input\B15.8.175.txt
2026-09-20 21:03:26,698 - INFO - Processing file: data\input\B15.8.177.txt
2026-09-20 21:03:26,709 - INFO - Split into 1 chunks
2026-09-20 21:03:26,750 - INFO - Successfully processed data\input\B15.8.177.txt
2026-09-20 21:03:26,751 - INFO - Processing file: data\input\B15.8.180.txt
2026-09-20 21:03:26,762 - INFO - Split into 1 chunks
2026-09-20 21:03:26,800 - INFO - Successfully processed data\input\B15.8.180.txt
2026-09-20 21:03:26,800 - INFO - Processing file: data\input\B15.8.186.txt
2026-09-20 21:03:26,810 - INFO - Split into 1 chunks
2026-09-20 21:03:26,850 - INFO - Successfully processed data\input\B15.8.186.txt
2026-09-20 21:03:26,851 - INFO - Processing file: data\input\B15.8.188.txt
2026-09-20 21:03:26,864 - INFO - Split into 1 chunks
2026-09-20 21:03:26,931 - INFO - Successfully processed data\input\B15.8.188.txt
2026-09-20 21:03:26,931 - INFO - Processing file: data\input\B15.8.189.txt
2026-09-20 21:03:26,942 - INFO - Split into 1 chunks
2026-09-20 21:03:26,977 - INFO - Successfully processed data\input\B15.8.189.txt
2026-09-20 21:03:26,979 - INFO - Processing file: data\input\B15.8.190.txt
2026-09-20 21:03:26,989 - INFO - Split into 1 chunks
2026-09-20 21:03:27,024 - INFO - Successfully processed data\input\B15.8.190.txt
2026-09-20 21:03:27,025 - INFO - Processing file: data\input\B15.8.192.txt
2026-09-20 21:03:27,035 - INFO - Split into 1 chunks
2026-09-20 21:03:27,072 - INFO - Successfully processed data\input\B15.8.192.txt
2026-09-20 21:03:27,073 - INFO - Processing file: data\input\B15.8.193.txt
2026-09-20 21:03:27,083 - INFO - Split into 1 chunks
2026-09-20 21:03:27,118 - INFO - Successfully processed data\input\B15.8.193.txt
2026-09-20 21:03:27,118 - INFO - Processing file: data\input\B15.8.194.txt
2026-09-20 21:03:27,129 - INFO - Split into 1 chunks
2026-09-20 21:03:27,170 - INFO - Successfully processed data\input\B15.8.194.txt
2026-09-20 21:03:27,170 - INFO - Processing file: data\input\B15.8.195.txt
2026-09-20 21:03:27,180 - INFO - Split into 1 chunks
2026-09-20 21:03:27,213 - INFO - Successfully processed data\input\B15.8.195.txt
2026-09-20 21:03:27,214 - INFO - Processing file: data\input\B15.8.196.txt
2026-09-20 21:03:27,223 - INFO - Split into 1 chunks
2026-09-20 21:03:27,272 - INFO - Successfully processed data\input\B15.8.196.txt
2026-09-20 21:03:27,272 - INFO - Processing file: data\input\B15.8.197.txt
2026-09-20 21:03:27,282 - INFO - Split into 1 chunks
2026-09-20 21:03:27,333 - INFO - Successfully processed data\input\B15.8.197.txt
2026-09-20 21:03:27,334 - INFO - Processing file: data\input\B15.8.198.txt
2026-09-20 21:03:27,347 - INFO - Split into 1 chunks
2026-09-20 21:03:27,384 - INFO - Successfully processed data\input\B15.8.198.txt
2026-09-20 21:03:27,384 - INFO - Processing file: data\input\B15.8.199.txt
2026-09-20 21:03:27,395 - INFO - Split into 1 chunks
2026-09-20 21:03:27,466 - INFO - Successfully processed data\input\B15.8.199.txt
2026-09-20 21:03:27,466 - INFO - Processing file: data\input\B15.8.2.txt
2026-09-20 21:03:27,477 - INFO - Split into 1 chunks
2026-09-20 21:03:27,521 - INFO - Successfully processed data\input\B15.8.2.txt
2026-09-20 21:03:27,521 - INFO - Processing file: data\input\B15.8.20.txt
2026-09-20 21:03:27,531 - INFO - Split into 1 chunks
2026-09-20 21:03:27,590 - INFO - Successfully processed data\input\B15.8.20.txt
2026-09-20 21:03:27,590 - INFO - Processing file: data\input\B15.8.200.txt
2026-09-20 21:03:27,603 - INFO - Split into 1 chunks
2026-09-20 21:03:27,639 - INFO - Successfully processed data\input\B15.8.200.txt
2026-09-20 21:03:27,640 - INFO - Processing file: data\input\B15.8.201.txt
2026-09-20 21:03:27,651 - INFO - Split into 1 chunks
2026-09-20 21:03:27,690 - INFO - Successfully processed data\input\B15.8.201.txt
2026-09-20 21:03:27,690 - INFO - Processing file: data\input\B15.8.202.txt
2026-09-20 21:03:27,701 - INFO - Split into 1 chunks
2026-09-20 21:03:27,743 - INFO - Successfully processed data\input\B15.8.202.txt
2026-09-20 21:03:27,743 - INFO - Processing file: data\input\B15.8.203.txt
2026-09-20 21:03:27,753 - INFO - Split into 1 chunks
2026-09-20 21:03:27,793 - INFO - Successfully processed data\input\B15.8.203.txt
2026-09-20 21:03:27,793 - INFO - Processing file: data\input\B15.8.204.txt
2026-09-20 21:03:27,804 - INFO - Split into 1 chunks
2026-09-20 21:03:27,845 - INFO - Successfully processed data\input\B15.8.204.txt
2026-09-20 21:03:27,845 - INFO - Processing file: data\input\B15.8.205.txt
2026-09-20 21:03:27,856 - INFO - Split into 1 chunks
2026-09-20 21:03:27,904 - INFO - Successfully processed data\input\B15.8.205.txt
2026-09-20 21:03:27,904 - INFO - Processing file: data\input\B15.8.206.txt
2026-09-20 21:03:27,913 - INFO - Split into 1 chunks
2026-09-20 21:03:27,951 - INFO - Successfully processed data\input\B15.8.206.txt
2026-09-20 21:03:27,952 - INFO - Processing file: data\input\B15.8.207.1.txt
2026-09-20 21:03:27,963 - INFO - Split into 1 chunks
2026-09-20 21:03:27,997 - INFO - Successfully processed data\input\B15.8.207.1.txt
2026-09-20 21:03:27,998 - INFO - Processing file: data\input\B15.8.208.txt
2026-09-20 21:03:28,008 - INFO - Split into 1 chunks
2026-09-20 21:03:28,052 - INFO - Successfully processed data\input\B15.8.208.txt
2026-09-20 21:03:28,053 - INFO - Processing file: data\input\B15.8.209.txt
2026-09-20 21:03:28,061 - INFO - Split into 1 chunks
2026-09-20 21:03:28,094 - INFO - Successfully processed data\input\B15.8.209.txt
2026-09-20 21:03:28,096 - INFO - Processing file: data\input\B15.8.21.txt
2026-09-20 21:03:28,108 - INFO - Split into 1 chunks
2026-09-20 21:03:28,173 - INFO - Successfully processed data\input\B15.8.21.txt
2026-09-20 21:03:28,173 - INFO - Processing file: data\input\B15.8.211.txt
2026-09-20 21:03:28,183 - INFO - Split into 1 chunks
2026-09-20 21:03:28,232 - INFO - Successfully processed data\input\B15.8.211.txt
2026-09-20 21:03:28,233 - INFO - Processing file: data\input\B15.8.212.txt
2026-09-20 21:03:28,243 - INFO - Split into 1 chunks
2026-09-20 21:03:28,285 - INFO - Successfully processed data\input\B15.8.212.txt
2026-09-20 21:03:28,286 - INFO - Processing file: data\input\B15.8.213.txt
2026-09-20 21:03:28,298 - INFO - Split into 1 chunks
2026-09-20 21:03:28,366 - INFO - Successfully processed data\input\B15.8.213.txt
2026-09-20 21:03:28,367 - INFO - Processing file: data\input\B15.8.214.txt
2026-09-20 21:03:28,380 - INFO - Split into 1 chunks
2026-09-20 21:03:28,422 - INFO - Successfully processed data\input\B15.8.214.txt
2026-09-20 21:03:28,423 - INFO - Processing file: data\input\B15.8.215.txt
2026-09-20 21:03:28,432 - INFO - Split into 1 chunks
2026-09-20 21:03:28,481 - INFO - Successfully processed data\input\B15.8.215.txt
2026-09-20 21:03:28,481 - INFO - Processing file: data\input\B15.8.217.txt
2026-09-20 21:03:28,493 - INFO - Split into 1 chunks
2026-09-20 21:03:28,534 - INFO - Successfully processed data\input\B15.8.217.txt
2026-09-20 21:03:28,535 - INFO - Processing file: data\input\B15.8.218.txt
2026-09-20 21:03:28,543 - INFO - Split into 1 chunks
2026-09-20 21:03:28,586 - INFO - Successfully processed data\input\B15.8.218.txt
2026-09-20 21:03:28,587 - INFO - Processing file: data\input\B15.8.219.txt
2026-09-20 21:03:28,596 - INFO - Split into 1 chunks
2026-09-20 21:03:28,643 - INFO - Successfully processed data\input\B15.8.219.txt
2026-09-20 21:03:28,644 - INFO - Processing file: data\input\B15.8.22.txt
2026-09-20 21:03:28,657 - INFO - Split into 1 chunks
2026-09-20 21:03:28,695 - INFO - Successfully processed data\input\B15.8.22.txt
2026-09-20 21:03:28,695 - INFO - Processing file: data\input\B15.8.220.txt
2026-09-20 21:03:28,707 - INFO - Split into 1 chunks
2026-09-20 21:03:28,777 - INFO - Successfully processed data\input\B15.8.220.txt
2026-09-20 21:03:28,778 - INFO - Processing file: data\input\B15.8.221.txt
2026-09-20 21:03:28,791 - INFO - Split into 1 chunks
2026-09-20 21:03:28,835 - INFO - Successfully processed data\input\B15.8.221.txt
2026-09-20 21:03:28,837 - INFO - Processing file: data\input\B15.8.223.txt
2026-09-20 21:03:28,848 - INFO - Split into 1 chunks
2026-09-20 21:03:28,888 - INFO - Successfully processed data\input\B15.8.223.txt
2026-09-20 21:03:28,889 - INFO - Processing file: data\input\B15.8.225.txt
2026-09-20 21:03:28,899 - INFO - Split into 1 chunks
2026-09-20 21:03:28,944 - INFO - Successfully processed data\input\B15.8.225.txt
2026-09-20 21:03:28,945 - INFO - Processing file: data\input\B15.8.227.txt
2026-09-20 21:03:28,962 - INFO - Split into 1 chunks
2026-09-20 21:03:29,016 - INFO - Successfully processed data\input\B15.8.227.txt
2026-09-20 21:03:29,017 - INFO - Processing file: data\input\B15.8.228.txt
2026-09-20 21:03:29,034 - INFO - Split into 1 chunks
2026-09-20 21:03:29,090 - INFO - Successfully processed data\input\B15.8.228.txt
2026-09-20 21:03:29,091 - INFO - Processing file: data\input\B15.8.229.txt
2026-09-20 21:03:29,108 - INFO - Split into 1 chunks
2026-09-20 21:03:29,161 - INFO - Successfully processed data\input\B15.8.229.txt
2026-09-20 21:03:29,163 - INFO - Processing file: data\input\B15.8.23.txt
2026-09-20 21:03:29,179 - INFO - Split into 1 chunks
2026-09-20 21:03:29,236 - INFO - Successfully processed data\input\B15.8.23.txt
2026-09-20 21:03:29,237 - INFO - Processing file: data\input\B15.8.231.txt
2026-09-20 21:03:29,252 - INFO - Split into 1 chunks
2026-09-20 21:03:29,298 - INFO - Successfully processed data\input\B15.8.231.txt
2026-09-20 21:03:29,299 - INFO - Processing file: data\input\B15.8.234.txt
2026-09-20 21:03:29,312 - INFO - Split into 1 chunks
2026-09-20 21:03:29,349 - INFO - Successfully processed data\input\B15.8.234.txt
2026-09-20 21:03:29,350 - INFO - Processing file: data\input\B15.8.236.txt
2026-09-20 21:03:29,362 - INFO - Split into 1 chunks
2026-09-20 21:03:29,409 - INFO - Successfully processed data\input\B15.8.236.txt
2026-09-20 21:03:29,410 - INFO - Processing file: data\input\B15.8.239.txt
2026-09-20 21:03:29,422 - INFO - Split into 1 chunks
2026-09-20 21:03:29,467 - INFO - Successfully processed data\input\B15.8.239.txt
2026-09-20 21:03:29,468 - INFO - Processing file: data\input\B15.8.240.txt
2026-09-20 21:03:29,486 - INFO - Split into 1 chunks
2026-09-20 21:03:29,543 - INFO - Successfully processed data\input\B15.8.240.txt
2026-09-20 21:03:29,544 - INFO - Processing file: data\input\B15.8.244.txt
2026-09-20 21:03:29,556 - INFO - Split into 1 chunks
2026-09-20 21:03:29,607 - INFO - Successfully processed data\input\B15.8.244.txt
2026-09-20 21:03:29,608 - INFO - Processing file: data\input\B15.8.245.txt
2026-09-20 21:03:29,619 - INFO - Split into 1 chunks
2026-09-20 21:03:29,661 - INFO - Successfully processed data\input\B15.8.245.txt
2026-09-20 21:03:29,662 - INFO - Processing file: data\input\B15.8.247.txt
2026-09-20 21:03:29,676 - INFO - Split into 1 chunks
2026-09-20 21:03:29,721 - INFO - Successfully processed data\input\B15.8.247.txt
2026-09-20 21:03:29,722 - INFO - Processing file: data\input\B15.8.249.txt
2026-09-20 21:03:29,736 - INFO - Split into 1 chunks
2026-09-20 21:03:29,789 - INFO - Successfully processed data\input\B15.8.249.txt
2026-09-20 21:03:29,789 - INFO - Processing file: data\input\B15.8.252.txt
2026-09-20 21:03:29,806 - INFO - Split into 1 chunks
2026-09-20 21:03:29,855 - INFO - Successfully processed data\input\B15.8.252.txt
2026-09-20 21:03:29,856 - INFO - Processing file: data\input\B15.8.253.txt
2026-09-20 21:03:29,874 - INFO - Split into 1 chunks
2026-09-20 21:03:29,924 - INFO - Successfully processed data\input\B15.8.253.txt
2026-09-20 21:03:29,925 - INFO - Processing file: data\input\B15.8.254.txt
2026-09-20 21:03:29,937 - INFO - Split into 1 chunks
2026-09-20 21:03:30,009 - INFO - Successfully processed data\input\B15.8.254.txt
2026-09-20 21:03:30,009 - INFO - Processing file: data\input\B15.8.255.txt
2026-09-20 21:03:30,025 - INFO - Split into 1 chunks
2026-09-20 21:03:30,072 - INFO - Successfully processed data\input\B15.8.255.txt
2026-09-20 21:03:30,072 - INFO - Processing file: data\input\B15.8.256.txt
2026-09-20 21:03:30,083 - INFO - Split into 1 chunks
2026-09-20 21:03:30,119 - INFO - Successfully processed data\input\B15.8.256.txt
2026-09-20 21:03:30,120 - INFO - Processing file: data\input\B15.8.257.txt
2026-09-20 21:03:30,130 - INFO - Split into 1 chunks
2026-09-20 21:03:30,168 - INFO - Successfully processed data\input\B15.8.257.txt
2026-09-20 21:03:30,168 - INFO - Processing file: data\input\B15.8.258.txt
2026-09-20 21:03:30,182 - INFO - Split into 1 chunks
2026-09-20 21:03:30,224 - INFO - Successfully processed data\input\B15.8.258.txt
2026-09-20 21:03:30,225 - INFO - Processing file: data\input\B15.8.259.txt
2026-09-20 21:03:30,238 - INFO - Split into 1 chunks
2026-09-20 21:03:30,279 - INFO - Successfully processed data\input\B15.8.259.txt
2026-09-20 21:03:30,280 - INFO - Processing file: data\input\B15.8.260.txt
2026-09-20 21:03:30,290 - INFO - Split into 1 chunks
2026-09-20 21:03:30,327 - INFO - Successfully processed data\input\B15.8.260.txt
2026-09-20 21:03:30,328 - INFO - Processing file: data\input\B15.8.261.txt
2026-09-20 21:03:30,338 - INFO - Split into 1 chunks
2026-09-20 21:03:30,375 - INFO - Successfully processed data\input\B15.8.261.txt
2026-09-20 21:03:30,376 - INFO - Processing file: data\input\B15.8.262.txt
2026-09-20 21:03:30,390 - INFO - Split into 1 chunks
2026-09-20 21:03:30,448 - INFO - Successfully processed data\input\B15.8.262.txt
2026-09-20 21:03:30,448 - INFO - Processing file: data\input\B15.8.263.txt
2026-09-20 21:03:30,458 - INFO - Split into 1 chunks
2026-09-20 21:03:30,495 - INFO - Successfully processed data\input\B15.8.263.txt
2026-09-20 21:03:30,496 - INFO - Processing file: data\input\B15.8.264.txt
2026-09-20 21:03:30,507 - INFO - Split into 1 chunks
2026-09-20 21:03:30,554 - INFO - Successfully processed data\input\B15.8.264.txt
2026-09-20 21:03:30,554 - INFO - Processing file: data\input\B15.8.265.txt
2026-09-20 21:03:30,563 - INFO - Split into 1 chunks
2026-09-20 21:03:30,606 - INFO - Successfully processed data\input\B15.8.265.txt
2026-09-20 21:03:30,606 - INFO - Processing file: data\input\B15.8.266.txt
2026-09-20 21:03:30,617 - INFO - Split into 1 chunks
2026-09-20 21:03:30,653 - INFO - Successfully processed data\input\B15.8.266.txt
2026-09-20 21:03:30,654 - INFO - Processing file: data\input\B15.8.267.txt
2026-09-20 21:03:30,665 - INFO - Split into 1 chunks
2026-09-20 21:03:30,700 - INFO - Successfully processed data\input\B15.8.267.txt
2026-09-20 21:03:30,700 - INFO - Processing file: data\input\B15.8.268.txt
2026-09-20 21:03:30,712 - INFO - Split into 1 chunks
2026-09-20 21:03:30,787 - INFO - Successfully processed data\input\B15.8.268.txt
2026-09-20 21:03:30,788 - INFO - Processing file: data\input\B15.8.27.txt
2026-09-20 21:03:30,800 - INFO - Split into 1 chunks
2026-09-20 21:03:30,867 - INFO - Successfully processed data\input\B15.8.27.txt
2026-09-20 21:03:30,868 - INFO - Processing file: data\input\B15.8.270.txt
2026-09-20 21:03:30,879 - INFO - Split into 1 chunks
2026-09-20 21:03:30,908 - INFO - Successfully processed data\input\B15.8.270.txt
2026-09-20 21:03:30,908 - INFO - Processing file: data\input\B15.8.271.txt
2026-09-20 21:03:30,920 - INFO - Split into 1 chunks
2026-09-20 21:03:30,955 - INFO - Successfully processed data\input\B15.8.271.txt
2026-09-20 21:03:30,955 - INFO - Processing file: data\input\B15.8.273.txt
2026-09-20 21:03:30,964 - INFO - Split into 1 chunks
2026-09-20 21:03:31,000 - INFO - Successfully processed data\input\B15.8.273.txt
2026-09-20 21:03:31,001 - INFO - Processing file: data\input\B15.8.274.txt
2026-09-20 21:03:31,009 - INFO - Split into 1 chunks
2026-09-20 21:03:31,054 - INFO - Successfully processed data\input\B15.8.274.txt
2026-09-20 21:03:31,055 - INFO - Processing file: data\input\B15.8.275.txt
2026-09-20 21:03:31,063 - INFO - Split into 1 chunks
2026-09-20 21:03:31,098 - INFO - Successfully processed data\input\B15.8.275.txt
2026-09-20 21:03:31,099 - INFO - Processing file: data\input\B15.8.276.txt
2026-09-20 21:03:31,111 - INFO - Split into 1 chunks
2026-09-20 21:03:31,153 - INFO - Successfully processed data\input\B15.8.276.txt
2026-09-20 21:03:31,154 - INFO - Processing file: data\input\B15.8.277.txt
2026-09-20 21:03:31,165 - INFO - Split into 1 chunks
2026-09-20 21:03:31,208 - INFO - Successfully processed data\input\B15.8.277.txt
2026-09-20 21:03:31,209 - INFO - Processing file: data\input\B15.8.278.txt
2026-09-20 21:03:31,219 - INFO - Split into 1 chunks
2026-09-20 21:03:31,251 - INFO - Successfully processed data\input\B15.8.278.txt
2026-09-20 21:03:31,251 - INFO - Processing file: data\input\B15.8.279.txt
2026-09-20 21:03:31,261 - INFO - Split into 1 chunks
2026-09-20 21:03:31,308 - INFO - Successfully processed data\input\B15.8.279.txt
2026-09-20 21:03:31,309 - INFO - Processing file: data\input\B15.8.28.txt
2026-09-20 21:03:31,321 - INFO - Split into 1 chunks
2026-09-20 21:03:31,353 - INFO - Successfully processed data\input\B15.8.28.txt
2026-09-20 21:03:31,354 - INFO - Processing file: data\input\B15.8.280.txt
2026-09-20 21:03:31,366 - INFO - Split into 1 chunks
2026-09-20 21:03:31,411 - INFO - Successfully processed data\input\B15.8.280.txt
2026-09-20 21:03:31,411 - INFO - Processing file: data\input\B15.8.281.txt
2026-09-20 21:03:31,422 - INFO - Split into 1 chunks
2026-09-20 21:03:31,480 - INFO - Successfully processed data\input\B15.8.281.txt
2026-09-20 21:03:31,481 - INFO - Processing file: data\input\B15.8.283.txt
2026-09-20 21:03:31,493 - INFO - Split into 1 chunks
2026-09-20 21:03:31,530 - INFO - Successfully processed data\input\B15.8.283.txt
2026-09-20 21:03:31,530 - INFO - Processing file: data\input\B15.8.284.txt
2026-09-20 21:03:31,541 - INFO - Split into 1 chunks
2026-09-20 21:03:31,584 - INFO - Successfully processed data\input\B15.8.284.txt
2026-09-20 21:03:31,585 - INFO - Processing file: data\input\B15.8.285.txt
2026-09-20 21:03:31,595 - INFO - Split into 1 chunks
2026-09-20 21:03:31,636 - INFO - Successfully processed data\input\B15.8.285.txt
2026-09-20 21:03:31,636 - INFO - Processing file: data\input\B15.8.286.txt
2026-09-20 21:03:31,647 - INFO - Split into 1 chunks
2026-09-20 21:03:31,685 - INFO - Successfully processed data\input\B15.8.286.txt
2026-09-20 21:03:31,685 - INFO - Processing file: data\input\B15.8.287.txt
2026-09-20 21:03:31,695 - INFO - Split into 1 chunks
2026-09-20 21:03:31,735 - INFO - Successfully processed data\input\B15.8.287.txt
2026-09-20 21:03:31,736 - INFO - Processing file: data\input\B15.8.29.txt
2026-09-20 21:03:31,747 - INFO - Split into 1 chunks
2026-09-20 21:03:31,790 - INFO - Successfully processed data\input\B15.8.29.txt
2026-09-20 21:03:31,791 - INFO - Processing file: data\input\B15.8.290.txt
2026-09-20 21:03:31,802 - INFO - Split into 1 chunks
2026-09-20 21:03:31,839 - INFO - Successfully processed data\input\B15.8.290.txt
2026-09-20 21:03:31,840 - INFO - Processing file: data\input\B15.8.291.txt
2026-09-20 21:03:31,850 - INFO - Split into 1 chunks
2026-09-20 21:03:31,892 - INFO - Successfully processed data\input\B15.8.291.txt
2026-09-20 21:03:31,892 - INFO - Processing file: data\input\B15.8.293.txt
2026-09-20 21:03:31,906 - INFO - Split into 1 chunks
2026-09-20 21:03:31,953 - INFO - Successfully processed data\input\B15.8.293.txt
2026-09-20 21:03:31,954 - INFO - Processing file: data\input\B15.8.294.txt
2026-09-20 21:03:31,966 - INFO - Split into 1 chunks
2026-09-20 21:03:31,998 - INFO - Successfully processed data\input\B15.8.294.txt
2026-09-20 21:03:31,998 - INFO - Processing file: data\input\B15.8.295.txt
2026-09-20 21:03:32,008 - INFO - Split into 1 chunks
2026-09-20 21:03:32,045 - INFO - Successfully processed data\input\B15.8.295.txt
2026-09-20 21:03:32,045 - INFO - Processing file: data\input\B15.8.296.txt
2026-09-20 21:03:32,056 - INFO - Split into 1 chunks
2026-09-20 21:03:32,099 - INFO - Successfully processed data\input\B15.8.296.txt
2026-09-20 21:03:32,101 - INFO - Processing file: data\input\B15.8.298.txt
2026-09-20 21:03:32,110 - INFO - Split into 1 chunks
2026-09-20 21:03:32,144 - INFO - Successfully processed data\input\B15.8.298.txt
2026-09-20 21:03:32,145 - INFO - Processing file: data\input\B15.8.299.txt
2026-09-20 21:03:32,155 - INFO - Split into 1 chunks
2026-09-20 21:03:32,195 - INFO - Successfully processed data\input\B15.8.299.txt
2026-09-20 21:03:32,196 - INFO - Processing file: data\input\B15.8.3.txt
2026-09-20 21:03:32,211 - INFO - Split into 1 chunks
2026-09-20 21:03:32,255 - INFO - Successfully processed data\input\B15.8.3.txt
2026-09-20 21:03:32,256 - INFO - Processing file: data\input\B15.8.301.txt
2026-09-20 21:03:32,269 - INFO - Split into 1 chunks
2026-09-20 21:03:32,342 - INFO - Successfully processed data\input\B15.8.301.txt
2026-09-20 21:03:32,343 - INFO - Processing file: data\input\B15.8.304.txt
2026-09-20 21:03:32,352 - INFO - Split into 1 chunks
2026-09-20 21:03:32,390 - INFO - Successfully processed data\input\B15.8.304.txt
2026-09-20 21:03:32,390 - INFO - Processing file: data\input\B15.8.305.txt
2026-09-20 21:03:32,404 - INFO - Split into 1 chunks
2026-09-20 21:03:32,442 - INFO - Successfully processed data\input\B15.8.305.txt
2026-09-20 21:03:32,443 - INFO - Processing file: data\input\B15.8.307.txt
2026-09-20 21:03:32,456 - INFO - Split into 1 chunks
2026-09-20 21:03:32,499 - INFO - Successfully processed data\input\B15.8.307.txt
2026-09-20 21:03:32,500 - INFO - Processing file: data\input\B15.8.308.txt
2026-09-20 21:03:32,512 - INFO - Split into 1 chunks
2026-09-20 21:03:32,560 - INFO - Successfully processed data\input\B15.8.308.txt
2026-09-20 21:03:32,561 - INFO - Processing file: data\input\B15.8.309.txt
2026-09-20 21:03:32,574 - INFO - Split into 1 chunks
2026-09-20 21:03:32,612 - INFO - Successfully processed data\input\B15.8.309.txt
2026-09-20 21:03:32,613 - INFO - Processing file: data\input\B15.8.31.txt
2026-09-20 21:03:32,624 - INFO - Split into 1 chunks
2026-09-20 21:03:32,669 - INFO - Successfully processed data\input\B15.8.31.txt
2026-09-20 21:03:32,669 - INFO - Processing file: data\input\B15.8.310.txt
2026-09-20 21:03:32,680 - INFO - Split into 1 chunks
2026-09-20 21:03:32,726 - INFO - Successfully processed data\input\B15.8.310.txt
2026-09-20 21:03:32,727 - INFO - Processing file: data\input\B15.8.312.txt
2026-09-20 21:03:32,739 - INFO - Split into 1 chunks
2026-09-20 21:03:32,801 - INFO - Successfully processed data\input\B15.8.312.txt
2026-09-20 21:03:32,802 - INFO - Processing file: data\input\B15.8.313.txt
2026-09-20 21:03:32,816 - INFO - Split into 1 chunks
2026-09-20 21:03:32,852 - INFO - Successfully processed data\input\B15.8.313.txt
2026-09-20 21:03:32,853 - INFO - Processing file: data\input\B15.8.315.txt
2026-09-20 21:03:32,863 - INFO - Split into 1 chunks
2026-09-20 21:03:32,900 - INFO - Successfully processed data\input\B15.8.315.txt
2026-09-20 21:03:32,900 - INFO - Processing file: data\input\B15.8.316.txt
2026-09-20 21:03:32,910 - INFO - Split into 1 chunks
2026-09-20 21:03:32,947 - INFO - Successfully processed data\input\B15.8.316.txt
2026-09-20 21:03:32,948 - INFO - Processing file: data\input\B15.8.317.txt
2026-09-20 21:03:32,960 - INFO - Split into 1 chunks
2026-09-20 21:03:33,011 - INFO - Successfully processed data\input\B15.8.317.txt
2026-09-20 21:03:33,012 - INFO - Processing file: data\input\B15.8.319.txt
2026-09-20 21:03:33,020 - INFO - Split into 1 chunks
2026-09-20 21:03:33,067 - INFO - Successfully processed data\input\B15.8.319.txt
2026-09-20 21:03:33,068 - INFO - Processing file: data\input\B15.8.32.txt
2026-09-20 21:03:33,078 - INFO - Split into 1 chunks
2026-09-20 21:03:33,116 - INFO - Successfully processed data\input\B15.8.32.txt
2026-09-20 21:03:33,117 - INFO - Processing file: data\input\B15.8.320.txt
2026-09-20 21:03:33,129 - INFO - Split into 1 chunks
2026-09-20 21:03:33,183 - INFO - Successfully processed data\input\B15.8.320.txt
2026-09-20 21:03:33,184 - INFO - Processing file: data\input\B15.8.321.txt
2026-09-20 21:03:33,201 - INFO - Split into 1 chunks
2026-09-20 21:03:33,280 - INFO - Successfully processed data\input\B15.8.321.txt
2026-09-20 21:03:33,280 - INFO - Processing file: data\input\B15.8.322.txt
2026-09-20 21:03:33,292 - INFO - Split into 1 chunks
2026-09-20 21:03:33,343 - INFO - Successfully processed data\input\B15.8.322.txt
2026-09-20 21:03:33,344 - INFO - Processing file: data\input\B15.8.323.txt
2026-09-20 21:03:33,358 - INFO - Split into 1 chunks
2026-09-20 21:03:33,395 - INFO - Successfully processed data\input\B15.8.323.txt
2026-09-20 21:03:33,395 - INFO - Processing file: data\input\B15.8.324.txt
2026-09-20 21:03:33,407 - INFO - Split into 1 chunks
2026-09-20 21:03:33,465 - INFO - Successfully processed data\input\B15.8.324.txt
2026-09-20 21:03:33,465 - INFO - Processing file: data\input\B15.8.325.txt
2026-09-20 21:03:33,476 - INFO - Split into 1 chunks
2026-09-20 21:03:33,546 - INFO - Successfully processed data\input\B15.8.325.txt
2026-09-20 21:03:33,547 - INFO - Processing file: data\input\B15.8.326.1.txt
2026-09-20 21:03:33,555 - INFO - Split into 1 chunks
2026-09-20 21:03:33,618 - INFO - Successfully processed data\input\B15.8.326.1.txt
2026-09-20 21:03:33,619 - INFO - Processing file: data\input\B15.8.326.2.txt
2026-09-20 21:03:33,631 - INFO - Split into 1 chunks
2026-09-20 21:03:33,665 - INFO - Successfully processed data\input\B15.8.326.2.txt
2026-09-20 21:03:33,666 - INFO - Processing file: data\input\B15.8.329.txt
2026-09-20 21:03:33,676 - INFO - Split into 1 chunks
2026-09-20 21:03:33,717 - INFO - Successfully processed data\input\B15.8.329.txt
2026-09-20 21:03:33,718 - INFO - Processing file: data\input\B15.8.33.txt
2026-09-20 21:03:33,729 - INFO - Split into 1 chunks
2026-09-20 21:03:33,772 - INFO - Successfully processed data\input\B15.8.33.txt
2026-09-20 21:03:33,773 - INFO - Processing file: data\input\B15.8.331.txt
2026-09-20 21:03:33,783 - INFO - Split into 1 chunks
2026-09-20 21:03:33,813 - INFO - Successfully processed data\input\B15.8.331.txt
2026-09-20 21:03:33,814 - INFO - Processing file: data\input\B15.8.333.txt
2026-09-20 21:03:33,824 - INFO - Split into 1 chunks
2026-09-20 21:03:33,863 - INFO - Successfully processed data\input\B15.8.333.txt
2026-09-20 21:03:33,863 - INFO - Processing file: data\input\B15.8.334.txt
2026-09-20 21:03:33,875 - INFO - Split into 1 chunks
2026-09-20 21:03:33,944 - INFO - Successfully processed data\input\B15.8.334.txt
2026-09-20 21:03:33,946 - INFO - Processing file: data\input\B15.8.335.txt
2026-09-20 21:03:33,957 - INFO - Split into 1 chunks
2026-09-20 21:03:33,998 - INFO - Successfully processed data\input\B15.8.335.txt
2026-09-20 21:03:33,998 - INFO - Processing file: data\input\B15.8.337.txt
2026-09-20 21:03:34,008 - INFO - Split into 1 chunks
2026-09-20 21:03:34,042 - INFO - Successfully processed data\input\B15.8.337.txt
2026-09-20 21:03:34,042 - INFO - Processing file: data\input\B15.8.338.txt
2026-09-20 21:03:34,055 - INFO - Split into 1 chunks
2026-09-20 21:03:34,122 - INFO - Successfully processed data\input\B15.8.338.txt
2026-09-20 21:03:34,123 - INFO - Processing file: data\input\B15.8.341.txt
2026-09-20 21:03:34,132 - INFO - Split into 1 chunks
2026-09-20 21:03:34,170 - INFO - Successfully processed data\input\B15.8.341.txt
2026-09-20 21:03:34,171 - INFO - Processing file: data\input\B15.8.342.txt
2026-09-20 21:03:34,182 - INFO - Split into 1 chunks
2026-09-20 21:03:34,237 - INFO - Successfully processed data\input\B15.8.342.txt
2026-09-20 21:03:34,238 - INFO - Processing file: data\input\B15.8.343.txt
2026-09-20 21:03:34,248 - INFO - Split into 1 chunks
2026-09-20 21:03:34,289 - INFO - Successfully processed data\input\B15.8.343.txt
2026-09-20 21:03:34,290 - INFO - Processing file: data\input\B15.8.344.txt
2026-09-20 21:03:34,300 - INFO - Split into 1 chunks
2026-09-20 21:03:34,337 - INFO - Successfully processed data\input\B15.8.344.txt
2026-09-20 21:03:34,337 - INFO - Processing file: data\input\B15.8.345.txt
2026-09-20 21:03:34,348 - INFO - Split into 1 chunks
2026-09-20 21:03:34,394 - INFO - Successfully processed data\input\B15.8.345.txt
2026-09-20 21:03:34,395 - INFO - Processing file: data\input\B15.8.347.txt
2026-09-20 21:03:34,406 - INFO - Split into 1 chunks
2026-09-20 21:03:34,441 - INFO - Successfully processed data\input\B15.8.347.txt
2026-09-20 21:03:34,442 - INFO - Processing file: data\input\B15.8.348.txt
2026-09-20 21:03:34,451 - INFO - Split into 1 chunks
2026-09-20 21:03:34,487 - INFO - Successfully processed data\input\B15.8.348.txt
2026-09-20 21:03:34,488 - INFO - Processing file: data\input\B15.8.349.txt
2026-09-20 21:03:34,499 - INFO - Split into 1 chunks
2026-09-20 21:03:34,546 - INFO - Successfully processed data\input\B15.8.349.txt
2026-09-20 21:03:34,547 - INFO - Processing file: data\input\B15.8.350.txt
2026-09-20 21:03:34,556 - INFO - Split into 1 chunks
2026-09-20 21:03:34,599 - INFO - Successfully processed data\input\B15.8.350.txt
2026-09-20 21:03:34,600 - INFO - Processing file: data\input\B15.8.351.txt
2026-09-20 21:03:34,613 - INFO - Split into 1 chunks
2026-09-20 21:03:34,654 - INFO - Successfully processed data\input\B15.8.351.txt
2026-09-20 21:03:34,655 - INFO - Processing file: data\input\B15.8.352.txt
2026-09-20 21:03:34,665 - INFO - Split into 1 chunks
2026-09-20 21:03:34,702 - INFO - Successfully processed data\input\B15.8.352.txt
2026-09-20 21:03:34,704 - INFO - Processing file: data\input\B15.8.353.txt
2026-09-20 21:03:34,713 - INFO - Split into 1 chunks
2026-09-20 21:03:34,775 - INFO - Successfully processed data\input\B15.8.353.txt
2026-09-20 21:03:34,776 - INFO - Processing file: data\input\B15.8.357.txt
2026-09-20 21:03:34,787 - INFO - Split into 1 chunks
2026-09-20 21:03:34,828 - INFO - Successfully processed data\input\B15.8.357.txt
2026-09-20 21:03:34,829 - INFO - Processing file: data\input\B15.8.358.txt
2026-09-20 21:03:34,838 - INFO - Split into 1 chunks
2026-09-20 21:03:34,885 - INFO - Successfully processed data\input\B15.8.358.txt
2026-09-20 21:03:34,885 - INFO - Processing file: data\input\B15.8.359.txt
2026-09-20 21:03:34,897 - INFO - Split into 1 chunks
2026-09-20 21:03:34,940 - INFO - Successfully processed data\input\B15.8.359.txt
2026-09-20 21:03:34,941 - INFO - Processing file: data\input\B15.8.361.txt
2026-09-20 21:03:34,955 - INFO - Split into 1 chunks
2026-09-20 21:03:35,031 - INFO - Successfully processed data\input\B15.8.361.txt
2026-09-20 21:03:35,032 - INFO - Processing file: data\input\B15.8.362.txt
2026-09-20 21:03:35,042 - INFO - Split into 1 chunks
2026-09-20 21:03:35,100 - INFO - Successfully processed data\input\B15.8.362.txt
2026-09-20 21:03:35,101 - INFO - Processing file: data\input\B15.8.363.txt
2026-09-20 21:03:35,111 - INFO - Split into 1 chunks
2026-09-20 21:03:35,143 - INFO - Successfully processed data\input\B15.8.363.txt
2026-09-20 21:03:35,144 - INFO - Processing file: data\input\B15.8.364.txt
2026-09-20 21:03:35,154 - INFO - Split into 1 chunks
2026-09-20 21:03:35,193 - INFO - Successfully processed data\input\B15.8.364.txt
2026-09-20 21:03:35,195 - INFO - Processing file: data\input\B15.8.365.txt
2026-09-20 21:03:35,206 - INFO - Split into 1 chunks
2026-09-20 21:03:35,247 - INFO - Successfully processed data\input\B15.8.365.txt
2026-09-20 21:03:35,248 - INFO - Processing file: data\input\B15.8.366.txt
2026-09-20 21:03:35,260 - INFO - Split into 1 chunks
2026-09-20 21:03:35,295 - INFO - Successfully processed data\input\B15.8.366.txt
2026-09-20 21:03:35,296 - INFO - Processing file: data\input\B15.8.367.txt
2026-09-20 21:03:35,304 - INFO - Split into 1 chunks
2026-09-20 21:03:35,337 - INFO - Successfully processed data\input\B15.8.367.txt
2026-09-20 21:03:35,337 - INFO - Processing file: data\input\B15.8.368.txt
2026-09-20 21:03:35,348 - INFO - Split into 1 chunks
2026-09-20 21:03:35,384 - INFO - Successfully processed data\input\B15.8.368.txt
2026-09-20 21:03:35,384 - INFO - Processing file: data\input\B15.8.369.txt
2026-09-20 21:03:35,394 - INFO - Split into 1 chunks
2026-09-20 21:03:35,426 - INFO - Successfully processed data\input\B15.8.369.txt
2026-09-20 21:03:35,426 - INFO - Processing file: data\input\B15.8.37.txt
2026-09-20 21:03:35,438 - INFO - Split into 1 chunks
2026-09-20 21:03:35,504 - INFO - Successfully processed data\input\B15.8.37.txt
2026-09-20 21:03:35,505 - INFO - Processing file: data\input\B15.8.370.txt
2026-09-20 21:03:35,513 - INFO - Split into 1 chunks
2026-09-20 21:03:35,544 - INFO - Successfully processed data\input\B15.8.370.txt
2026-09-20 21:03:35,545 - INFO - Processing file: data\input\B15.8.371.txt
2026-09-20 21:03:35,554 - INFO - Split into 1 chunks
2026-09-20 21:03:35,585 - INFO - Successfully processed data\input\B15.8.371.txt
2026-09-20 21:03:35,586 - INFO - Processing file: data\input\B15.8.372.txt
2026-09-20 21:03:35,595 - INFO - Split into 1 chunks
2026-09-20 21:03:35,630 - INFO - Successfully processed data\input\B15.8.372.txt
2026-09-20 21:03:35,631 - INFO - Processing file: data\input\B15.8.373.txt
2026-09-20 21:03:35,642 - INFO - Split into 1 chunks
2026-09-20 21:03:35,674 - INFO - Successfully processed data\input\B15.8.373.txt
2026-09-20 21:03:35,675 - INFO - Processing file: data\input\B15.8.374.txt
2026-09-20 21:03:35,686 - INFO - Split into 1 chunks
2026-09-20 21:03:35,742 - INFO - Successfully processed data\input\B15.8.374.txt
2026-09-20 21:03:35,743 - INFO - Processing file: data\input\B15.8.375.txt
2026-09-20 21:03:35,752 - INFO - Split into 1 chunks
2026-09-20 21:03:35,790 - INFO - Successfully processed data\input\B15.8.375.txt
2026-09-20 21:03:35,790 - INFO - Processing file: data\input\B15.8.376.txt
2026-09-20 21:03:35,799 - INFO - Split into 1 chunks
2026-09-20 21:03:35,833 - INFO - Successfully processed data\input\B15.8.376.txt
2026-09-20 21:03:35,833 - INFO - Processing file: data\input\B15.8.377.txt
2026-09-20 21:03:35,843 - INFO - Split into 1 chunks
2026-09-20 21:03:35,889 - INFO - Successfully processed data\input\B15.8.377.txt
2026-09-20 21:03:35,890 - INFO - Processing file: data\input\B15.8.378.txt
2026-09-20 21:03:35,901 - INFO - Split into 1 chunks
2026-09-20 21:03:35,943 - INFO - Successfully processed data\input\B15.8.378.txt
2026-09-20 21:03:35,944 - INFO - Processing file: data\input\B15.8.380.txt
2026-09-20 21:03:35,954 - INFO - Split into 1 chunks
2026-09-20 21:03:35,998 - INFO - Successfully processed data\input\B15.8.380.txt
2026-09-20 21:03:35,998 - INFO - Processing file: data\input\B15.8.383.txt
2026-09-20 21:03:36,009 - INFO - Split into 1 chunks
2026-09-20 21:03:36,039 - INFO - Successfully processed data\input\B15.8.383.txt
2026-09-20 21:03:36,039 - INFO - Processing file: data\input\B15.8.384.txt
2026-09-20 21:03:36,051 - INFO - Split into 1 chunks
2026-09-20 21:03:36,091 - INFO - Successfully processed data\input\B15.8.384.txt
2026-09-20 21:03:36,092 - INFO - Processing file: data\input\B15.8.385.txt
2026-09-20 21:03:36,101 - INFO - Split into 1 chunks
2026-09-20 21:03:36,139 - INFO - Successfully processed data\input\B15.8.385.txt
2026-09-20 21:03:36,140 - INFO - Processing file: data\input\B15.8.386.txt
2026-09-20 21:03:36,150 - INFO - Split into 1 chunks
2026-09-20 21:03:36,183 - INFO - Successfully processed data\input\B15.8.386.txt
2026-09-20 21:03:36,183 - INFO - Processing file: data\input\B15.8.387.txt
2026-09-20 21:03:36,197 - INFO - Split into 1 chunks
2026-09-20 21:03:36,235 - INFO - Successfully processed data\input\B15.8.387.txt
2026-09-20 21:03:36,236 - INFO - Processing file: data\input\B15.8.388.txt
2026-09-20 21:03:36,248 - INFO - Split into 1 chunks
2026-09-20 21:03:36,284 - INFO - Successfully processed data\input\B15.8.388.txt
2026-09-20 21:03:36,285 - INFO - Processing file: data\input\B15.8.390.txt
2026-09-20 21:03:36,293 - INFO - Split into 1 chunks
2026-09-20 21:03:36,340 - INFO - Successfully processed data\input\B15.8.390.txt
2026-09-20 21:03:36,341 - INFO - Processing file: data\input\B15.8.391.txt
2026-09-20 21:03:36,350 - INFO - Split into 1 chunks
2026-09-20 21:03:36,388 - INFO - Successfully processed data\input\B15.8.391.txt
2026-09-20 21:03:36,389 - INFO - Processing file: data\input\B15.8.395.txt
2026-09-20 21:03:36,400 - INFO - Split into 1 chunks
2026-09-20 21:03:36,437 - INFO - Successfully processed data\input\B15.8.395.txt
2026-09-20 21:03:36,438 - INFO - Processing file: data\input\B15.8.396.txt
2026-09-20 21:03:36,451 - INFO - Split into 1 chunks
2026-09-20 21:03:36,502 - INFO - Successfully processed data\input\B15.8.396.txt
2026-09-20 21:03:36,504 - INFO - Processing file: data\input\B15.8.397.txt
2026-09-20 21:03:36,515 - INFO - Split into 1 chunks
2026-09-20 21:03:36,554 - INFO - Successfully processed data\input\B15.8.397.txt
2026-09-20 21:03:36,555 - INFO - Processing file: data\input\B15.8.398.txt
2026-09-20 21:03:36,567 - INFO - Split into 1 chunks
2026-09-20 21:03:36,602 - INFO - Successfully processed data\input\B15.8.398.txt
2026-09-20 21:03:36,603 - INFO - Processing file: data\input\B15.8.4.txt
2026-09-20 21:03:36,615 - INFO - Split into 1 chunks
2026-09-20 21:03:36,681 - INFO - Successfully processed data\input\B15.8.4.txt
2026-09-20 21:03:36,682 - INFO - Processing file: data\input\B15.8.40.txt
2026-09-20 21:03:36,692 - INFO - Split into 1 chunks
2026-09-20 21:03:36,729 - INFO - Successfully processed data\input\B15.8.40.txt
2026-09-20 21:03:36,730 - INFO - Processing file: data\input\B15.8.400.txt
2026-09-20 21:03:36,742 - INFO - Split into 1 chunks
2026-09-20 21:03:36,782 - INFO - Successfully processed data\input\B15.8.400.txt
2026-09-20 21:03:36,782 - INFO - Processing file: data\input\B15.8.402.txt
2026-09-20 21:03:36,793 - INFO - Split into 1 chunks
2026-09-20 21:03:36,829 - INFO - Successfully processed data\input\B15.8.402.txt
2026-09-20 21:03:36,830 - INFO - Processing file: data\input\B15.8.403.txt
2026-09-20 21:03:36,839 - INFO - Split into 1 chunks
2026-09-20 21:03:36,896 - INFO - Successfully processed data\input\B15.8.403.txt
2026-09-20 21:03:36,897 - INFO - Processing file: data\input\B15.8.404.txt
2026-09-20 21:03:36,907 - INFO - Split into 1 chunks
2026-09-20 21:03:36,944 - INFO - Successfully processed data\input\B15.8.404.txt
2026-09-20 21:03:36,945 - INFO - Processing file: data\input\B15.8.406.txt
2026-09-20 21:03:36,955 - INFO - Split into 1 chunks
2026-09-20 21:03:36,993 - INFO - Successfully processed data\input\B15.8.406.txt
2026-09-20 21:03:36,994 - INFO - Processing file: data\input\B15.8.407.txt
2026-09-20 21:03:37,001 - INFO - Split into 1 chunks
2026-09-20 21:03:37,037 - INFO - Successfully processed data\input\B15.8.407.txt
2026-09-20 21:03:37,037 - INFO - Processing file: data\input\B15.8.409.txt
2026-09-20 21:03:37,046 - INFO - Split into 1 chunks
2026-09-20 21:03:37,082 - INFO - Successfully processed data\input\B15.8.409.txt
2026-09-20 21:03:37,083 - INFO - Processing file: data\input\B15.8.411.txt
2026-09-20 21:03:37,094 - INFO - Split into 1 chunks
2026-09-20 21:03:37,128 - INFO - Successfully processed data\input\B15.8.411.txt
2026-09-20 21:03:37,129 - INFO - Processing file: data\input\B15.8.413.txt
2026-09-20 21:03:37,138 - INFO - Split into 1 chunks
2026-09-20 21:03:37,170 - INFO - Successfully processed data\input\B15.8.413.txt
2026-09-20 21:03:37,171 - INFO - Processing file: data\input\B15.8.414.txt
2026-09-20 21:03:37,184 - INFO - Split into 1 chunks
2026-09-20 21:03:37,258 - INFO - Successfully processed data\input\B15.8.414.txt
2026-09-20 21:03:37,258 - INFO - Processing file: data\input\B15.8.415.txt
2026-09-20 21:03:37,271 - INFO - Split into 1 chunks
2026-09-20 21:03:37,337 - INFO - Successfully processed data\input\B15.8.415.txt
2026-09-20 21:03:37,337 - INFO - Processing file: data\input\B15.8.418.txt
2026-09-20 21:03:37,346 - INFO - Split into 1 chunks
2026-09-20 21:03:37,388 - INFO - Successfully processed data\input\B15.8.418.txt
2026-09-20 21:03:37,389 - INFO - Processing file: data\input\B15.8.419.txt
2026-09-20 21:03:37,398 - INFO - Split into 1 chunks
2026-09-20 21:03:37,446 - INFO - Successfully processed data\input\B15.8.419.txt
2026-09-20 21:03:37,446 - INFO - Processing file: data\input\B15.8.420.txt
2026-09-20 21:03:37,457 - INFO - Split into 1 chunks
2026-09-20 21:03:37,490 - INFO - Successfully processed data\input\B15.8.420.txt
2026-09-20 21:03:37,491 - INFO - Processing file: data\input\B15.8.421.txt
2026-09-20 21:03:37,502 - INFO - Split into 1 chunks
2026-09-20 21:03:37,566 - INFO - Successfully processed data\input\B15.8.421.txt
2026-09-20 21:03:37,566 - INFO - Processing file: data\input\B15.8.422.txt
2026-09-20 21:03:37,577 - INFO - Split into 1 chunks
2026-09-20 21:03:37,614 - INFO - Successfully processed data\input\B15.8.422.txt
2026-09-20 21:03:37,615 - INFO - Processing file: data\input\B15.8.423.txt
2026-09-20 21:03:37,624 - INFO - Split into 1 chunks
2026-09-20 21:03:37,664 - INFO - Successfully processed data\input\B15.8.423.txt
2026-09-20 21:03:37,664 - INFO - Processing file: data\input\B15.8.424.txt
2026-09-20 21:03:37,676 - INFO - Split into 1 chunks
2026-09-20 21:03:37,719 - INFO - Successfully processed data\input\B15.8.424.txt
2026-09-20 21:03:37,720 - INFO - Processing file: data\input\B15.8.425.txt
2026-09-20 21:03:37,731 - INFO - Split into 1 chunks
2026-09-20 21:03:37,767 - INFO - Successfully processed data\input\B15.8.425.txt
2026-09-20 21:03:37,768 - INFO - Processing file: data\input\B15.8.427.txt
2026-09-20 21:03:37,779 - INFO - Split into 1 chunks
2026-09-20 21:03:37,812 - INFO - Successfully processed data\input\B15.8.427.txt
2026-09-20 21:03:37,813 - INFO - Processing file: data\input\B15.8.429.txt
2026-09-20 21:03:37,825 - INFO - Split into 1 chunks
2026-09-20 21:03:37,865 - INFO - Successfully processed data\input\B15.8.429.txt
2026-09-20 21:03:37,866 - INFO - Processing file: data\input\B15.8.43.txt
2026-09-20 21:03:37,877 - INFO - Split into 1 chunks
2026-09-20 21:03:37,917 - INFO - Successfully processed data\input\B15.8.43.txt
2026-09-20 21:03:37,918 - INFO - Processing file: data\input\B15.8.430.txt
2026-09-20 21:03:37,928 - INFO - Split into 1 chunks
2026-09-20 21:03:37,961 - INFO - Successfully processed data\input\B15.8.430.txt
2026-09-20 21:03:37,962 - INFO - Processing file: data\input\B15.8.433.txt
2026-09-20 21:03:37,970 - INFO - Split into 1 chunks
2026-09-20 21:03:38,018 - INFO - Successfully processed data\input\B15.8.433.txt
2026-09-20 21:03:38,018 - INFO - Processing file: data\input\B15.8.436.txt
2026-09-20 21:03:38,029 - INFO - Split into 1 chunks
2026-09-20 21:03:38,069 - INFO - Successfully processed data\input\B15.8.436.txt
2026-09-20 21:03:38,069 - INFO - Processing file: data\input\B15.8.437.txt
2026-09-20 21:03:38,080 - INFO - Split into 1 chunks
2026-09-20 21:03:38,130 - INFO - Successfully processed data\input\B15.8.437.txt
2026-09-20 21:03:38,131 - INFO - Processing file: data\input\B15.8.438.txt
2026-09-20 21:03:38,142 - INFO - Split into 1 chunks
2026-09-20 21:03:38,176 - INFO - Successfully processed data\input\B15.8.438.txt
2026-09-20 21:03:38,176 - INFO - Processing file: data\input\B15.8.439.txt
2026-09-20 21:03:38,191 - INFO - Split into 1 chunks
2026-09-20 21:03:38,233 - INFO - Successfully processed data\input\B15.8.439.txt
2026-09-20 21:03:38,233 - INFO - Processing file: data\input\B15.8.44.txt
2026-09-20 21:03:38,246 - INFO - Split into 1 chunks
2026-09-20 21:03:38,304 - INFO - Successfully processed data\input\B15.8.44.txt
2026-09-20 21:03:38,305 - INFO - Processing file: data\input\B15.8.440.txt
2026-09-20 21:03:38,316 - INFO - Split into 1 chunks
2026-09-20 21:03:38,359 - INFO - Successfully processed data\input\B15.8.440.txt
2026-09-20 21:03:38,360 - INFO - Processing file: data\input\B15.8.441.txt
2026-09-20 21:03:38,375 - INFO - Split into 1 chunks
2026-09-20 21:03:38,443 - INFO - Successfully processed data\input\B15.8.441.txt
2026-09-20 21:03:38,444 - INFO - Processing file: data\input\B15.8.442.txt
2026-09-20 21:03:38,455 - INFO - Split into 1 chunks
2026-09-20 21:03:38,515 - INFO - Successfully processed data\input\B15.8.442.txt
2026-09-20 21:03:38,515 - INFO - Processing file: data\input\B15.8.443.txt
2026-09-20 21:03:38,526 - INFO - Split into 1 chunks
2026-09-20 21:03:38,574 - INFO - Successfully processed data\input\B15.8.443.txt
2026-09-20 21:03:38,574 - INFO - Processing file: data\input\B15.8.445.txt
2026-09-20 21:03:38,583 - INFO - Split into 1 chunks
2026-09-20 21:03:38,650 - INFO - Successfully processed data\input\B15.8.445.txt
2026-09-20 21:03:38,651 - INFO - Processing file: data\input\B15.8.447.txt
2026-09-20 21:03:38,662 - INFO - Split into 1 chunks
2026-09-20 21:03:38,708 - INFO - Successfully processed data\input\B15.8.447.txt
2026-09-20 21:03:38,709 - INFO - Processing file: data\input\B15.8.448.txt
2026-09-20 21:03:38,721 - INFO - Split into 1 chunks
2026-09-20 21:03:38,761 - INFO - Successfully processed data\input\B15.8.448.txt
2026-09-20 21:03:38,762 - INFO - Processing file: data\input\B15.8.449.txt
2026-09-20 21:03:38,772 - INFO - Split into 1 chunks
2026-09-20 21:03:38,821 - INFO - Successfully processed data\input\B15.8.449.txt
2026-09-20 21:03:38,821 - INFO - Processing file: data\input\B15.8.450.txt
2026-09-20 21:03:38,832 - INFO - Split into 1 chunks
2026-09-20 21:03:38,864 - INFO - Successfully processed data\input\B15.8.450.txt
2026-09-20 21:03:38,865 - INFO - Processing file: data\input\B15.8.451.txt
2026-09-20 21:03:38,875 - INFO - Split into 1 chunks
2026-09-20 21:03:38,909 - INFO - Successfully processed data\input\B15.8.451.txt
2026-09-20 21:03:38,910 - INFO - Processing file: data\input\B15.8.452.txt
2026-09-20 21:03:38,919 - INFO - Split into 1 chunks
2026-09-20 21:03:38,960 - INFO - Successfully processed data\input\B15.8.452.txt
2026-09-20 21:03:38,961 - INFO - Processing file: data\input\B15.8.453.txt
2026-09-20 21:03:38,973 - INFO - Split into 1 chunks
2026-09-20 21:03:39,048 - INFO - Successfully processed data\input\B15.8.453.txt
2026-09-20 21:03:39,048 - INFO - Processing file: data\input\B15.8.456.txt
2026-09-20 21:03:39,059 - INFO - Split into 1 chunks
2026-09-20 21:03:39,116 - INFO - Successfully processed data\input\B15.8.456.txt
2026-09-20 21:03:39,117 - INFO - Processing file: data\input\B15.8.457.txt
2026-09-20 21:03:39,129 - INFO - Split into 1 chunks
2026-09-20 21:03:39,190 - INFO - Successfully processed data\input\B15.8.457.txt
2026-09-20 21:03:39,190 - INFO - Processing file: data\input\B15.8.458.txt
2026-09-20 21:03:39,202 - INFO - Split into 1 chunks
2026-09-20 21:03:39,262 - INFO - Successfully processed data\input\B15.8.458.txt
2026-09-20 21:03:39,263 - INFO - Processing file: data\input\B15.8.459.txt
2026-09-20 21:03:39,275 - INFO - Split into 1 chunks
2026-09-20 21:03:39,324 - INFO - Successfully processed data\input\B15.8.459.txt
2026-09-20 21:03:39,325 - INFO - Processing file: data\input\B15.8.46.txt
2026-09-20 21:03:39,335 - INFO - Split into 1 chunks
2026-09-20 21:03:39,372 - INFO - Successfully processed data\input\B15.8.46.txt
2026-09-20 21:03:39,372 - INFO - Processing file: data\input\B15.8.460.txt
2026-09-20 21:03:39,382 - INFO - Split into 1 chunks
2026-09-20 21:03:39,432 - INFO - Successfully processed data\input\B15.8.460.txt
2026-09-20 21:03:39,433 - INFO - Processing file: data\input\B15.8.461.txt
2026-09-20 21:03:39,453 - INFO - Split into 1 chunks
2026-09-20 21:03:39,532 - INFO - Successfully processed data\input\B15.8.461.txt
2026-09-20 21:03:39,533 - INFO - Processing file: data\input\B15.8.463.txt
2026-09-20 21:03:39,545 - INFO - Split into 1 chunks
2026-09-20 21:03:39,585 - INFO - Successfully processed data\input\B15.8.463.txt
2026-09-20 21:03:39,586 - INFO - Processing file: data\input\B15.8.464.txt
2026-09-20 21:03:39,599 - INFO - Split into 1 chunks
2026-09-20 21:03:39,642 - INFO - Successfully processed data\input\B15.8.464.txt
2026-09-20 21:03:39,643 - INFO - Processing file: data\input\B15.8.467.txt
2026-09-20 21:03:39,654 - INFO - Split into 1 chunks
2026-09-20 21:03:39,703 - INFO - Successfully processed data\input\B15.8.467.txt
2026-09-20 21:03:39,704 - INFO - Processing file: data\input\B15.8.468.txt
2026-09-20 21:03:39,718 - INFO - Split into 1 chunks
2026-09-20 21:03:39,757 - INFO - Successfully processed data\input\B15.8.468.txt
2026-09-20 21:03:39,758 - INFO - Processing file: data\input\B15.8.469.txt
2026-09-20 21:03:39,769 - INFO - Split into 1 chunks
2026-09-20 21:03:39,806 - INFO - Successfully processed data\input\B15.8.469.txt
2026-09-20 21:03:39,806 - INFO - Processing file: data\input\B15.8.47.txt
2026-09-20 21:03:39,817 - INFO - Split into 1 chunks
2026-09-20 21:03:39,848 - INFO - Successfully processed data\input\B15.8.47.txt
2026-09-20 21:03:39,848 - INFO - Processing file: data\input\B15.8.470.txt
2026-09-20 21:03:39,861 - INFO - Split into 1 chunks
2026-09-20 21:03:39,901 - INFO - Successfully processed data\input\B15.8.470.txt
2026-09-20 21:03:39,902 - INFO - Processing file: data\input\B15.8.474.txt
2026-09-20 21:03:39,911 - INFO - Split into 1 chunks
2026-09-20 21:03:39,949 - INFO - Successfully processed data\input\B15.8.474.txt
2026-09-20 21:03:39,949 - INFO - Processing file: data\input\B15.8.476.txt
2026-09-20 21:03:39,958 - INFO - Split into 1 chunks
2026-09-20 21:03:40,013 - INFO - Successfully processed data\input\B15.8.476.txt
2026-09-20 21:03:40,014 - INFO - Processing file: data\input\B15.8.477.txt
2026-09-20 21:03:40,025 - INFO - Split into 1 chunks
2026-09-20 21:03:40,091 - INFO - Successfully processed data\input\B15.8.477.txt
2026-09-20 21:03:40,092 - INFO - Processing file: data\input\B15.8.478.txt
2026-09-20 21:03:40,100 - INFO - Split into 1 chunks
2026-09-20 21:03:40,135 - INFO - Successfully processed data\input\B15.8.478.txt
2026-09-20 21:03:40,136 - INFO - Processing file: data\input\B15.8.479.txt
2026-09-20 21:03:40,146 - INFO - Split into 1 chunks
2026-09-20 21:03:40,188 - INFO - Successfully processed data\input\B15.8.479.txt
2026-09-20 21:03:40,188 - INFO - Processing file: data\input\B15.8.480.txt
2026-09-20 21:03:40,200 - INFO - Split into 1 chunks
2026-09-20 21:03:40,247 - INFO - Successfully processed data\input\B15.8.480.txt
2026-09-20 21:03:40,247 - INFO - Processing file: data\input\B15.8.481.txt
2026-09-20 21:03:40,256 - INFO - Split into 1 chunks
2026-09-20 21:03:40,291 - INFO - Successfully processed data\input\B15.8.481.txt
2026-09-20 21:03:40,292 - INFO - Processing file: data\input\B15.8.482.txt
2026-09-20 21:03:40,305 - INFO - Split into 1 chunks
2026-09-20 21:03:40,351 - INFO - Successfully processed data\input\B15.8.482.txt
2026-09-20 21:03:40,352 - INFO - Processing file: data\input\B15.8.485.txt
2026-09-20 21:03:40,361 - INFO - Split into 1 chunks
2026-09-20 21:03:40,393 - INFO - Successfully processed data\input\B15.8.485.txt
2026-09-20 21:03:40,394 - INFO - Processing file: data\input\B15.8.486.txt
2026-09-20 21:03:40,404 - INFO - Split into 1 chunks
2026-09-20 21:03:40,443 - INFO - Successfully processed data\input\B15.8.486.txt
2026-09-20 21:03:40,443 - INFO - Processing file: data\input\B15.8.487.txt
2026-09-20 21:03:40,456 - INFO - Split into 1 chunks
2026-09-20 21:03:40,501 - INFO - Successfully processed data\input\B15.8.487.txt
2026-09-20 21:03:40,501 - INFO - Processing file: data\input\B15.8.489.txt
2026-09-20 21:03:40,509 - INFO - Split into 1 chunks
2026-09-20 21:03:40,550 - INFO - Successfully processed data\input\B15.8.489.txt
2026-09-20 21:03:40,551 - INFO - Processing file: data\input\B15.8.49.txt
2026-09-20 21:03:40,561 - INFO - Split into 1 chunks
2026-09-20 21:03:40,598 - INFO - Successfully processed data\input\B15.8.49.txt
2026-09-20 21:03:40,599 - INFO - Processing file: data\input\B15.8.491.txt
2026-09-20 21:03:40,608 - INFO - Split into 1 chunks
2026-09-20 21:03:40,642 - INFO - Successfully processed data\input\B15.8.491.txt
2026-09-20 21:03:40,643 - INFO - Processing file: data\input\B15.8.492.txt
2026-09-20 21:03:40,653 - INFO - Split into 1 chunks
2026-09-20 21:03:40,726 - INFO - Successfully processed data\input\B15.8.492.txt
2026-09-20 21:03:40,727 - INFO - Processing file: data\input\B15.8.493.txt
2026-09-20 21:03:40,735 - INFO - Split into 1 chunks
2026-09-20 21:03:40,784 - INFO - Successfully processed data\input\B15.8.493.txt
2026-09-20 21:03:40,785 - INFO - Processing file: data\input\B15.8.494.txt
2026-09-20 21:03:40,798 - INFO - Split into 1 chunks
2026-09-20 21:03:40,846 - INFO - Successfully processed data\input\B15.8.494.txt
2026-09-20 21:03:40,848 - INFO - Processing file: data\input\B15.8.495.txt
2026-09-20 21:03:40,858 - INFO - Split into 1 chunks
2026-09-20 21:03:40,905 - INFO - Successfully processed data\input\B15.8.495.txt
2026-09-20 21:03:40,905 - INFO - Processing file: data\input\B15.8.496.txt
2026-09-20 21:03:40,915 - INFO - Split into 1 chunks
2026-09-20 21:03:40,951 - INFO - Successfully processed data\input\B15.8.496.txt
2026-09-20 21:03:40,952 - INFO - Processing file: data\input\B15.8.497.txt
2026-09-20 21:03:40,961 - INFO - Split into 1 chunks
2026-09-20 21:03:40,997 - INFO - Successfully processed data\input\B15.8.497.txt
2026-09-20 21:03:40,997 - INFO - Processing file: data\input\B15.8.498.txt
2026-09-20 21:03:41,009 - INFO - Split into 1 chunks
2026-09-20 21:03:41,075 - INFO - Successfully processed data\input\B15.8.498.txt
2026-09-20 21:03:41,076 - INFO - Processing file: data\input\B15.8.500.txt
2026-09-20 21:03:41,088 - INFO - Split into 1 chunks
2026-09-20 21:03:41,155 - INFO - Successfully processed data\input\B15.8.500.txt
2026-09-20 21:03:41,156 - INFO - Processing file: data\input\B15.8.501.txt
2026-09-20 21:03:41,165 - INFO - Split into 1 chunks
2026-09-20 21:03:41,212 - INFO - Successfully processed data\input\B15.8.501.txt
2026-09-20 21:03:41,213 - INFO - Processing file: data\input\B15.8.502.txt
2026-09-20 21:03:41,224 - INFO - Split into 1 chunks
2026-09-20 21:03:41,261 - INFO - Successfully processed data\input\B15.8.502.txt
2026-09-20 21:03:41,262 - INFO - Processing file: data\input\B15.8.504.txt
2026-09-20 21:03:41,271 - INFO - Split into 1 chunks
2026-09-20 21:03:41,331 - INFO - Successfully processed data\input\B15.8.504.txt
2026-09-20 21:03:41,332 - INFO - Processing file: data\input\B15.8.507.txt
2026-09-20 21:03:41,343 - INFO - Split into 1 chunks
2026-09-20 21:03:41,376 - INFO - Successfully processed data\input\B15.8.507.txt
2026-09-20 21:03:41,377 - INFO - Processing file: data\input\B15.8.51.txt
2026-09-20 21:03:41,387 - INFO - Split into 1 chunks
2026-09-20 21:03:41,432 - INFO - Successfully processed data\input\B15.8.51.txt
2026-09-20 21:03:41,433 - INFO - Processing file: data\input\B15.8.511.txt
2026-09-20 21:03:41,444 - INFO - Split into 1 chunks
2026-09-20 21:03:41,516 - INFO - Successfully processed data\input\B15.8.511.txt
2026-09-20 21:03:41,517 - INFO - Processing file: data\input\B15.8.513.txt
2026-09-20 21:03:41,527 - INFO - Split into 1 chunks
2026-09-20 21:03:41,569 - INFO - Successfully processed data\input\B15.8.513.txt
2026-09-20 21:03:41,569 - INFO - Processing file: data\input\B15.8.515.txt
2026-09-20 21:03:41,581 - INFO - Split into 1 chunks
2026-09-20 21:03:41,637 - INFO - Successfully processed data\input\B15.8.515.txt
2026-09-20 21:03:41,638 - INFO - Processing file: data\input\B15.8.516.txt
2026-09-20 21:03:41,647 - INFO - Split into 1 chunks
2026-09-20 21:03:41,694 - INFO - Successfully processed data\input\B15.8.516.txt
2026-09-20 21:03:41,695 - INFO - Processing file: data\input\B15.8.518.txt
2026-09-20 21:03:41,704 - INFO - Split into 1 chunks
2026-09-20 21:03:41,761 - INFO - Successfully processed data\input\B15.8.518.txt
2026-09-20 21:03:41,762 - INFO - Processing file: data\input\B15.8.519.txt
2026-09-20 21:03:41,773 - INFO - Split into 1 chunks
2026-09-20 21:03:41,832 - INFO - Successfully processed data\input\B15.8.519.txt
2026-09-20 21:03:41,832 - INFO - Processing file: data\input\B15.8.52.txt
2026-09-20 21:03:41,843 - INFO - Split into 1 chunks
2026-09-20 21:03:41,879 - INFO - Successfully processed data\input\B15.8.52.txt
2026-09-20 21:03:41,880 - INFO - Processing file: data\input\B15.8.520.txt
2026-09-20 21:03:41,890 - INFO - Split into 1 chunks
2026-09-20 21:03:41,945 - INFO - Successfully processed data\input\B15.8.520.txt
2026-09-20 21:03:41,945 - INFO - Processing file: data\input\B15.8.522.txt
2026-09-20 21:03:41,955 - INFO - Split into 1 chunks
2026-09-20 21:03:41,988 - INFO - Successfully processed data\input\B15.8.522.txt
2026-09-20 21:03:41,988 - INFO - Processing file: data\input\B15.8.524.txt
2026-09-20 21:03:41,998 - INFO - Split into 1 chunks
2026-09-20 21:03:42,045 - INFO - Successfully processed data\input\B15.8.524.txt
2026-09-20 21:03:42,046 - INFO - Processing file: data\input\B15.8.527.txt
2026-09-20 21:03:42,056 - INFO - Split into 1 chunks
2026-09-20 21:03:42,124 - INFO - Successfully processed data\input\B15.8.527.txt
2026-09-20 21:03:42,125 - INFO - Processing file: data\input\B15.8.53.txt
2026-09-20 21:03:42,134 - INFO - Split into 1 chunks
2026-09-20 21:03:42,193 - INFO - Successfully processed data\input\B15.8.53.txt
2026-09-20 21:03:42,194 - INFO - Processing file: data\input\B15.8.530.txt
2026-09-20 21:03:42,205 - INFO - Split into 1 chunks
2026-09-20 21:03:42,271 - INFO - Successfully processed data\input\B15.8.530.txt
2026-09-20 21:03:42,272 - INFO - Processing file: data\input\B15.8.531.txt
2026-09-20 21:03:42,282 - INFO - Split into 1 chunks
2026-09-20 21:03:42,328 - INFO - Successfully processed data\input\B15.8.531.txt
2026-09-20 21:03:42,329 - INFO - Processing file: data\input\B15.8.533.txt
2026-09-20 21:03:42,342 - INFO - Split into 1 chunks
2026-09-20 21:03:42,376 - INFO - Successfully processed data\input\B15.8.533.txt
2026-09-20 21:03:42,377 - INFO - Processing file: data\input\B15.8.535.txt
2026-09-20 21:03:42,389 - INFO - Split into 1 chunks
2026-09-20 21:03:42,423 - INFO - Successfully processed data\input\B15.8.535.txt
2026-09-20 21:03:42,423 - INFO - Processing file: data\input\B15.8.536.txt
2026-09-20 21:03:42,431 - INFO - Split into 1 chunks
2026-09-20 21:03:42,483 - INFO - Successfully processed data\input\B15.8.536.txt
2026-09-20 21:03:42,484 - INFO - Processing file: data\input\B15.8.537.txt
2026-09-20 21:03:42,499 - INFO - Split into 1 chunks
2026-09-20 21:03:42,542 - INFO - Successfully processed data\input\B15.8.537.txt
2026-09-20 21:03:42,542 - INFO - Processing file: data\input\B15.8.538.txt
2026-09-20 21:03:42,552 - INFO - Split into 1 chunks
2026-09-20 21:03:42,589 - INFO - Successfully processed data\input\B15.8.538.txt
2026-09-20 21:03:42,590 - INFO - Processing file: data\input\B15.8.539.txt
2026-09-20 21:03:42,599 - INFO - Split into 1 chunks
2026-09-20 21:03:42,647 - INFO - Successfully processed data\input\B15.8.539.txt
2026-09-20 21:03:42,648 - INFO - Processing file: data\input\B15.8.540.txt
2026-09-20 21:03:42,657 - INFO - Split into 1 chunks
2026-09-20 21:03:42,689 - INFO - Successfully processed data\input\B15.8.540.txt
2026-09-20 21:03:42,690 - INFO - Processing file: data\input\B15.8.543.txt
2026-09-20 21:03:42,697 - INFO - Split into 1 chunks
2026-09-20 21:03:42,732 - INFO - Successfully processed data\input\B15.8.543.txt
2026-09-20 21:03:42,732 - INFO - Processing file: data\input\B15.8.544.txt
2026-09-20 21:03:42,741 - INFO - Split into 1 chunks
2026-09-20 21:03:42,775 - INFO - Successfully processed data\input\B15.8.544.txt
2026-09-20 21:03:42,776 - INFO - Processing file: data\input\B15.8.545.txt
2026-09-20 21:03:42,792 - INFO - Split into 1 chunks
2026-09-20 21:03:42,851 - INFO - Successfully processed data\input\B15.8.545.txt
2026-09-20 21:03:42,851 - INFO - Processing file: data\input\B15.8.546.txt
2026-09-20 21:03:42,863 - INFO - Split into 1 chunks
2026-09-20 21:03:42,928 - INFO - Successfully processed data\input\B15.8.546.txt
2026-09-20 21:03:42,928 - INFO - Processing file: data\input\B15.8.547.txt
2026-09-20 21:03:42,938 - INFO - Split into 1 chunks
2026-09-20 21:03:42,976 - INFO - Successfully processed data\input\B15.8.547.txt
2026-09-20 21:03:42,976 - INFO - Processing file: data\input\B15.8.548.txt
2026-09-20 21:03:42,988 - INFO - Split into 1 chunks
2026-09-20 21:03:43,032 - INFO - Successfully processed data\input\B15.8.548.txt
2026-09-20 21:03:43,033 - INFO - Processing file: data\input\B15.8.549.txt
2026-09-20 21:03:43,042 - INFO - Split into 1 chunks
2026-09-20 21:03:43,083 - INFO - Successfully processed data\input\B15.8.549.txt
2026-09-20 21:03:43,083 - INFO - Processing file: data\input\B15.8.55.txt
2026-09-20 21:03:43,094 - INFO - Split into 1 chunks
2026-09-20 21:03:43,129 - INFO - Successfully processed data\input\B15.8.55.txt
2026-09-20 21:03:43,129 - INFO - Processing file: data\input\B15.8.550.txt
2026-09-20 21:03:43,140 - INFO - Split into 1 chunks
2026-09-20 21:03:43,214 - INFO - Successfully processed data\input\B15.8.550.txt
2026-09-20 21:03:43,214 - INFO - Processing file: data\input\B15.8.551.txt
2026-09-20 21:03:43,221 - INFO - Split into 1 chunks
2026-09-20 21:03:43,253 - INFO - Successfully processed data\input\B15.8.551.txt
2026-09-20 21:03:43,254 - INFO - Processing file: data\input\B15.8.553.txt
2026-09-20 21:03:43,265 - INFO - Split into 1 chunks
2026-09-20 21:03:43,319 - INFO - Successfully processed data\input\B15.8.553.txt
2026-09-20 21:03:43,319 - INFO - Processing file: data\input\B15.8.554.txt
2026-09-20 21:03:43,330 - INFO - Split into 1 chunks
2026-09-20 21:03:43,377 - INFO - Successfully processed data\input\B15.8.554.txt
2026-09-20 21:03:43,379 - INFO - Processing file: data\input\B15.8.555.txt
2026-09-20 21:03:43,390 - INFO - Split into 1 chunks
2026-09-20 21:03:43,448 - INFO - Successfully processed data\input\B15.8.555.txt
2026-09-20 21:03:43,449 - INFO - Processing file: data\input\B15.8.556.txt
2026-09-20 21:03:43,458 - INFO - Split into 1 chunks
2026-09-20 21:03:43,495 - INFO - Successfully processed data\input\B15.8.556.txt
2026-09-20 21:03:43,496 - INFO - Processing file: data\input\B15.8.557.txt
2026-09-20 21:03:43,507 - INFO - Split into 1 chunks
2026-09-20 21:03:43,573 - INFO - Successfully processed data\input\B15.8.557.txt
2026-09-20 21:03:43,574 - INFO - Processing file: data\input\B15.8.558.txt
2026-09-20 21:03:43,585 - INFO - Split into 1 chunks
2026-09-20 21:03:43,636 - INFO - Successfully processed data\input\B15.8.558.txt
2026-09-20 21:03:43,636 - INFO - Processing file: data\input\B15.8.559.txt
2026-09-20 21:03:43,646 - INFO - Split into 1 chunks
2026-09-20 21:03:43,680 - INFO - Successfully processed data\input\B15.8.559.txt
2026-09-20 21:03:43,681 - INFO - Processing file: data\input\B15.8.560.txt
2026-09-20 21:03:43,689 - INFO - Split into 1 chunks
2026-09-20 21:03:43,735 - INFO - Successfully processed data\input\B15.8.560.txt
2026-09-20 21:03:43,735 - INFO - Processing file: data\input\B15.8.561.txt
2026-09-20 21:03:43,746 - INFO - Split into 1 chunks
2026-09-20 21:03:43,781 - INFO - Successfully processed data\input\B15.8.561.txt
2026-09-20 21:03:43,782 - INFO - Processing file: data\input\B15.8.562.txt
2026-09-20 21:03:43,793 - INFO - Split into 1 chunks
2026-09-20 21:03:43,840 - INFO - Successfully processed data\input\B15.8.562.txt
2026-09-20 21:03:43,841 - INFO - Processing file: data\input\B15.8.563.txt
2026-09-20 21:03:43,850 - INFO - Split into 1 chunks
2026-09-20 21:03:43,886 - INFO - Successfully processed data\input\B15.8.563.txt
2026-09-20 21:03:43,887 - INFO - Processing file: data\input\B15.8.564.txt
2026-09-20 21:03:43,898 - INFO - Split into 1 chunks
2026-09-20 21:03:43,944 - INFO - Successfully processed data\input\B15.8.564.txt
2026-09-20 21:03:43,944 - INFO - Processing file: data\input\B15.8.565.txt
2026-09-20 21:03:43,955 - INFO - Split into 1 chunks
2026-09-20 21:03:43,989 - INFO - Successfully processed data\input\B15.8.565.txt
2026-09-20 21:03:43,990 - INFO - Processing file: data\input\B15.8.566.txt
2026-09-20 21:03:44,000 - INFO - Split into 1 chunks
2026-09-20 21:03:44,064 - INFO - Successfully processed data\input\B15.8.566.txt
2026-09-20 21:03:44,065 - INFO - Processing file: data\input\B15.8.567.txt
2026-09-20 21:03:44,075 - INFO - Split into 1 chunks
2026-09-20 21:03:44,125 - INFO - Successfully processed data\input\B15.8.567.txt
2026-09-20 21:03:44,126 - INFO - Processing file: data\input\B15.8.568.txt
2026-09-20 21:03:44,137 - INFO - Split into 1 chunks
2026-09-20 21:03:44,174 - INFO - Successfully processed data\input\B15.8.568.txt
2026-09-20 21:03:44,176 - INFO - Processing file: data\input\B15.8.569.txt
2026-09-20 21:03:44,186 - INFO - Split into 1 chunks
2026-09-20 21:03:44,234 - INFO - Successfully processed data\input\B15.8.569.txt
2026-09-20 21:03:44,235 - INFO - Processing file: data\input\B15.8.571.txt
2026-09-20 21:03:44,244 - INFO - Split into 1 chunks
2026-09-20 21:03:44,285 - INFO - Successfully processed data\input\B15.8.571.txt
2026-09-20 21:03:44,286 - INFO - Processing file: data\input\B15.8.574.txt
2026-09-20 21:03:44,296 - INFO - Split into 1 chunks
2026-09-20 21:03:44,343 - INFO - Successfully processed data\input\B15.8.574.txt
2026-09-20 21:03:44,344 - INFO - Processing file: data\input\B15.8.575.txt
2026-09-20 21:03:44,355 - INFO - Split into 1 chunks
2026-09-20 21:03:44,415 - INFO - Successfully processed data\input\B15.8.575.txt
2026-09-20 21:03:44,416 - INFO - Processing file: data\input\B15.8.576.txt
2026-09-20 21:03:44,426 - INFO - Split into 1 chunks
2026-09-20 21:03:44,469 - INFO - Successfully processed data\input\B15.8.576.txt
2026-09-20 21:03:44,469 - INFO - Processing file: data\input\B15.8.577.txt
2026-09-20 21:03:44,481 - INFO - Split into 1 chunks
2026-09-20 21:03:44,545 - INFO - Successfully processed data\input\B15.8.577.txt
2026-09-20 21:03:44,546 - INFO - Processing file: data\input\B15.8.578.txt
2026-09-20 21:03:44,556 - INFO - Split into 1 chunks
2026-09-20 21:03:44,599 - INFO - Successfully processed data\input\B15.8.578.txt
2026-09-20 21:03:44,599 - INFO - Processing file: data\input\B15.8.580.txt
2026-09-20 21:03:44,610 - INFO - Split into 1 chunks
2026-09-20 21:03:44,681 - INFO - Successfully processed data\input\B15.8.580.txt
2026-09-20 21:03:44,682 - INFO - Processing file: data\input\B15.8.582.txt
2026-09-20 21:03:44,693 - INFO - Split into 1 chunks
2026-09-20 21:03:44,727 - INFO - Successfully processed data\input\B15.8.582.txt
2026-09-20 21:03:44,727 - INFO - Processing file: data\input\B15.8.585.txt
2026-09-20 21:03:44,737 - INFO - Split into 1 chunks
2026-09-20 21:03:44,771 - INFO - Successfully processed data\input\B15.8.585.txt
2026-09-20 21:03:44,771 - INFO - Processing file: data\input\B15.8.586.txt
2026-09-20 21:03:44,781 - INFO - Split into 1 chunks
2026-09-20 21:03:44,816 - INFO - Successfully processed data\input\B15.8.586.txt
2026-09-20 21:03:44,816 - INFO - Processing file: data\input\B15.8.587.txt
2026-09-20 21:03:44,826 - INFO - Split into 1 chunks
2026-09-20 21:03:44,859 - INFO - Successfully processed data\input\B15.8.587.txt
2026-09-20 21:03:44,860 - INFO - Processing file: data\input\B15.8.590.txt
2026-09-20 21:03:44,870 - INFO - Split into 1 chunks
2026-09-20 21:03:44,926 - INFO - Successfully processed data\input\B15.8.590.txt
2026-09-20 21:03:44,927 - INFO - Processing file: data\input\B15.8.591.txt
2026-09-20 21:03:44,946 - INFO - Split into 1 chunks
2026-09-20 21:03:44,996 - INFO - Successfully processed data\input\B15.8.591.txt
2026-09-20 21:03:44,996 - INFO - Processing file: data\input\B15.8.592.txt
2026-09-20 21:03:45,013 - INFO - Split into 1 chunks
2026-09-20 21:03:45,092 - INFO - Successfully processed data\input\B15.8.592.txt
2026-09-20 21:03:45,094 - INFO - Processing file: data\input\B15.8.594.txt
2026-09-20 21:03:45,106 - INFO - Split into 1 chunks
2026-09-20 21:03:45,166 - INFO - Successfully processed data\input\B15.8.594.txt
2026-09-20 21:03:45,167 - INFO - Processing file: data\input\B15.8.595.txt
2026-09-20 21:03:45,179 - INFO - Split into 1 chunks
2026-09-20 21:03:45,217 - INFO - Successfully processed data\input\B15.8.595.txt
2026-09-20 21:03:45,217 - INFO - Processing file: data\input\B15.8.598.txt
2026-09-20 21:03:45,227 - INFO - Split into 1 chunks
2026-09-20 21:03:45,294 - INFO - Successfully processed data\input\B15.8.598.txt
2026-09-20 21:03:45,294 - INFO - Processing file: data\input\B15.8.6.txt
2026-09-20 21:03:45,303 - INFO - Split into 1 chunks
2026-09-20 21:03:45,334 - INFO - Successfully processed data\input\B15.8.6.txt
2026-09-20 21:03:45,335 - INFO - Processing file: data\input\B15.8.60.txt
2026-09-20 21:03:45,347 - INFO - Split into 1 chunks
2026-09-20 21:03:45,387 - INFO - Successfully processed data\input\B15.8.60.txt
2026-09-20 21:03:45,387 - INFO - Processing file: data\input\B15.8.603.txt
2026-09-20 21:03:45,396 - INFO - Split into 1 chunks
2026-09-20 21:03:45,464 - INFO - Successfully processed data\input\B15.8.603.txt
2026-09-20 21:03:45,464 - INFO - Processing file: data\input\B15.8.607.txt
2026-09-20 21:03:45,473 - INFO - Split into 1 chunks
2026-09-20 21:03:45,507 - INFO - Successfully processed data\input\B15.8.607.txt
2026-09-20 21:03:45,507 - INFO - Processing file: data\input\B15.8.608.txt
2026-09-20 21:03:45,518 - INFO - Split into 1 chunks
2026-09-20 21:03:45,582 - INFO - Successfully processed data\input\B15.8.608.txt
2026-09-20 21:03:45,584 - INFO - Processing file: data\input\B15.8.609.txt
2026-09-20 21:03:45,592 - INFO - Split into 1 chunks
2026-09-20 21:03:45,625 - INFO - Successfully processed data\input\B15.8.609.txt
2026-09-20 21:03:45,625 - INFO - Processing file: data\input\B15.8.613.txt
2026-09-20 21:03:45,635 - INFO - Split into 1 chunks
2026-09-20 21:03:45,673 - INFO - Successfully processed data\input\B15.8.613.txt
2026-09-20 21:03:45,674 - INFO - Processing file: data\input\B15.8.614.txt
2026-09-20 21:03:45,683 - INFO - Split into 1 chunks
2026-09-20 21:03:45,739 - INFO - Successfully processed data\input\B15.8.614.txt
2026-09-20 21:03:45,740 - INFO - Processing file: data\input\B15.8.617.txt
2026-09-20 21:03:45,756 - INFO - Split into 1 chunks
2026-09-20 21:03:45,813 - INFO - Successfully processed data\input\B15.8.617.txt
2026-09-20 21:03:45,814 - INFO - Processing file: data\input\B15.8.619.txt
2026-09-20 21:03:45,824 - INFO - Split into 1 chunks
2026-09-20 21:03:45,892 - INFO - Successfully processed data\input\B15.8.619.txt
2026-09-20 21:03:45,892 - INFO - Processing file: data\input\B15.8.620.txt
2026-09-20 21:03:45,902 - INFO - Split into 1 chunks
2026-09-20 21:03:45,940 - INFO - Successfully processed data\input\B15.8.620.txt
2026-09-20 21:03:45,941 - INFO - Processing file: data\input\B15.8.621.txt
2026-09-20 21:03:45,954 - INFO - Split into 1 chunks
2026-09-20 21:03:46,011 - INFO - Successfully processed data\input\B15.8.621.txt
2026-09-20 21:03:46,012 - INFO - Processing file: data\input\B15.8.622.txt
2026-09-20 21:03:46,020 - INFO - Split into 1 chunks
2026-09-20 21:03:46,057 - INFO - Successfully processed data\input\B15.8.622.txt
2026-09-20 21:03:46,058 - INFO - Processing file: data\input\B15.8.623.txt
2026-09-20 21:03:46,070 - INFO - Split into 1 chunks
2026-09-20 21:03:46,101 - INFO - Successfully processed data\input\B15.8.623.txt
2026-09-20 21:03:46,102 - INFO - Processing file: data\input\B15.8.624.txt
2026-09-20 21:03:46,111 - INFO - Split into 1 chunks
2026-09-20 21:03:46,169 - INFO - Successfully processed data\input\B15.8.624.txt
2026-09-20 21:03:46,169 - INFO - Processing file: data\input\B15.8.625.txt
2026-09-20 21:03:46,178 - INFO - Split into 1 chunks
2026-09-20 21:03:46,213 - INFO - Successfully processed data\input\B15.8.625.txt
2026-09-20 21:03:46,213 - INFO - Processing file: data\input\B15.8.629.txt
2026-09-20 21:03:46,224 - INFO - Split into 1 chunks
2026-09-20 21:03:46,292 - INFO - Successfully processed data\input\B15.8.629.txt
2026-09-20 21:03:46,293 - INFO - Processing file: data\input\B15.8.63.txt
2026-09-20 21:03:46,303 - INFO - Split into 1 chunks
2026-09-20 21:03:46,336 - INFO - Successfully processed data\input\B15.8.63.txt
2026-09-20 21:03:46,337 - INFO - Processing file: data\input\B15.8.631.txt
2026-09-20 21:03:46,348 - INFO - Split into 1 chunks
2026-09-20 21:03:46,413 - INFO - Successfully processed data\input\B15.8.631.txt
2026-09-20 21:03:46,414 - INFO - Processing file: data\input\B15.8.633.txt
2026-09-20 21:03:46,425 - INFO - Split into 1 chunks
2026-09-20 21:03:46,461 - INFO - Successfully processed data\input\B15.8.633.txt
2026-09-20 21:03:46,462 - INFO - Processing file: data\input\B15.8.634.txt
2026-09-20 21:03:46,472 - INFO - Split into 1 chunks
2026-09-20 21:03:46,510 - INFO - Successfully processed data\input\B15.8.634.txt
2026-09-20 21:03:46,512 - INFO - Processing file: data\input\B15.8.635.txt
2026-09-20 21:03:46,523 - INFO - Split into 1 chunks
2026-09-20 21:03:46,567 - INFO - Successfully processed data\input\B15.8.635.txt
2026-09-20 21:03:46,568 - INFO - Processing file: data\input\B15.8.636.txt
2026-09-20 21:03:46,579 - INFO - Split into 1 chunks
2026-09-20 21:03:46,612 - INFO - Successfully processed data\input\B15.8.636.txt
2026-09-20 21:03:46,613 - INFO - Processing file: data\input\B15.8.637.txt
2026-09-20 21:03:46,622 - INFO - Split into 1 chunks
2026-09-20 21:03:46,678 - INFO - Successfully processed data\input\B15.8.637.txt
2026-09-20 21:03:46,679 - INFO - Processing file: data\input\B15.8.638.txt
2026-09-20 21:03:46,689 - INFO - Split into 1 chunks
2026-09-20 21:03:46,750 - INFO - Successfully processed data\input\B15.8.638.txt
2026-09-20 21:03:46,750 - INFO - Processing file: data\input\B15.8.639.txt
2026-09-20 21:03:46,760 - INFO - Split into 1 chunks
2026-09-20 21:03:46,807 - INFO - Successfully processed data\input\B15.8.639.txt
2026-09-20 21:03:46,808 - INFO - Processing file: data\input\B15.8.64.txt
2026-09-20 21:03:46,817 - INFO - Split into 1 chunks
2026-09-20 21:03:46,861 - INFO - Successfully processed data\input\B15.8.64.txt
2026-09-20 21:03:46,861 - INFO - Processing file: data\input\B15.8.640.txt
2026-09-20 21:03:46,875 - INFO - Split into 1 chunks
2026-09-20 21:03:46,906 - INFO - Successfully processed data\input\B15.8.640.txt
2026-09-20 21:03:46,907 - INFO - Processing file: data\input\B15.8.643.txt
2026-09-20 21:03:46,916 - INFO - Split into 1 chunks
2026-09-20 21:03:46,957 - INFO - Successfully processed data\input\B15.8.643.txt
2026-09-20 21:03:46,958 - INFO - Processing file: data\input\B15.8.644.txt
2026-09-20 21:03:46,969 - INFO - Split into 1 chunks
2026-09-20 21:03:47,005 - INFO - Successfully processed data\input\B15.8.644.txt
2026-09-20 21:03:47,005 - INFO - Processing file: data\input\B15.8.645.txt
2026-09-20 21:03:47,016 - INFO - Split into 1 chunks
2026-09-20 21:03:47,063 - INFO - Successfully processed data\input\B15.8.645.txt
2026-09-20 21:03:47,064 - INFO - Processing file: data\input\B15.8.646.txt
2026-09-20 21:03:47,075 - INFO - Split into 1 chunks
2026-09-20 21:03:47,139 - INFO - Successfully processed data\input\B15.8.646.txt
2026-09-20 21:03:47,141 - INFO - Processing file: data\input\B15.8.647.txt
2026-09-20 21:03:47,150 - INFO - Split into 1 chunks
2026-09-20 21:03:47,211 - INFO - Successfully processed data\input\B15.8.647.txt
2026-09-20 21:03:47,212 - INFO - Processing file: data\input\B15.8.648.txt
2026-09-20 21:03:47,222 - INFO - Split into 1 chunks
2026-09-20 21:03:47,256 - INFO - Successfully processed data\input\B15.8.648.txt
2026-09-20 21:03:47,257 - INFO - Processing file: data\input\B15.8.649.txt
2026-09-20 21:03:47,266 - INFO - Split into 1 chunks
2026-09-20 21:03:47,314 - INFO - Successfully processed data\input\B15.8.649.txt
2026-09-20 21:03:47,315 - INFO - Processing file: data\input\B15.8.65.txt
2026-09-20 21:03:47,323 - INFO - Split into 1 chunks
2026-09-20 21:03:47,361 - INFO - Successfully processed data\input\B15.8.65.txt
2026-09-20 21:03:47,361 - INFO - Processing file: data\input\B15.8.650.txt
2026-09-20 21:03:47,370 - INFO - Split into 1 chunks
2026-09-20 21:03:47,410 - INFO - Successfully processed data\input\B15.8.650.txt
2026-09-20 21:03:47,411 - INFO - Processing file: data\input\B15.8.651.txt
2026-09-20 21:03:47,420 - INFO - Split into 1 chunks
2026-09-20 21:03:47,457 - INFO - Successfully processed data\input\B15.8.651.txt
2026-09-20 21:03:47,458 - INFO - Processing file: data\input\B15.8.652.txt
2026-09-20 21:03:47,469 - INFO - Split into 1 chunks
2026-09-20 21:03:47,503 - INFO - Successfully processed data\input\B15.8.652.txt
2026-09-20 21:03:47,504 - INFO - Processing file: data\input\B15.8.653.txt
2026-09-20 21:03:47,515 - INFO - Split into 1 chunks
2026-09-20 21:03:47,555 - INFO - Successfully processed data\input\B15.8.653.txt
2026-09-20 21:03:47,556 - INFO - Processing file: data\input\B15.8.654.txt
2026-09-20 21:03:47,565 - INFO - Split into 1 chunks
2026-09-20 21:03:47,600 - INFO - Successfully processed data\input\B15.8.654.txt
2026-09-20 21:03:47,600 - INFO - Processing file: data\input\B15.8.656.txt
2026-09-20 21:03:47,609 - INFO - Split into 1 chunks
2026-09-20 21:03:47,641 - INFO - Successfully processed data\input\B15.8.656.txt
2026-09-20 21:03:47,643 - INFO - Processing file: data\input\B15.8.658.txt
2026-09-20 21:03:47,651 - INFO - Split into 1 chunks
2026-09-20 21:03:47,691 - INFO - Successfully processed data\input\B15.8.658.txt
2026-09-20 21:03:47,692 - INFO - Processing file: data\input\B15.8.660.txt
2026-09-20 21:03:47,703 - INFO - Split into 1 chunks
2026-09-20 21:03:47,742 - INFO - Successfully processed data\input\B15.8.660.txt
2026-09-20 21:03:47,742 - INFO - Processing file: data\input\B15.8.662.txt
2026-09-20 21:03:47,751 - INFO - Split into 1 chunks
2026-09-20 21:03:47,790 - INFO - Successfully processed data\input\B15.8.662.txt
2026-09-20 21:03:47,791 - INFO - Processing file: data\input\B15.8.663.txt
2026-09-20 21:03:47,803 - INFO - Split into 1 chunks
2026-09-20 21:03:47,851 - INFO - Successfully processed data\input\B15.8.663.txt
2026-09-20 21:03:47,851 - INFO - Processing file: data\input\B15.8.664.txt
2026-09-20 21:03:47,861 - INFO - Split into 1 chunks
2026-09-20 21:03:47,904 - INFO - Successfully processed data\input\B15.8.664.txt
2026-09-20 21:03:47,905 - INFO - Processing file: data\input\B15.8.665.txt
2026-09-20 21:03:47,915 - INFO - Split into 1 chunks
2026-09-20 21:03:47,953 - INFO - Successfully processed data\input\B15.8.665.txt
2026-09-20 21:03:47,954 - INFO - Processing file: data\input\B15.8.67.txt
2026-09-20 21:03:47,965 - INFO - Split into 1 chunks
2026-09-20 21:03:48,021 - INFO - Successfully processed data\input\B15.8.67.txt
2026-09-20 21:03:48,022 - INFO - Processing file: data\input\B15.8.68.txt
2026-09-20 21:03:48,032 - INFO - Split into 1 chunks
2026-09-20 21:03:48,101 - INFO - Successfully processed data\input\B15.8.68.txt
2026-09-20 21:03:48,102 - INFO - Processing file: data\input\B15.8.7.txt
2026-09-20 21:03:48,112 - INFO - Split into 1 chunks
2026-09-20 21:03:48,182 - INFO - Successfully processed data\input\B15.8.7.txt
2026-09-20 21:03:48,182 - INFO - Processing file: data\input\B15.8.70.txt
2026-09-20 21:03:48,193 - INFO - Split into 1 chunks
2026-09-20 21:03:48,232 - INFO - Successfully processed data\input\B15.8.70.txt
2026-09-20 21:03:48,233 - INFO - Processing file: data\input\B15.8.71.txt
2026-09-20 21:03:48,243 - INFO - Split into 1 chunks
2026-09-20 21:03:48,278 - INFO - Successfully processed data\input\B15.8.71.txt
2026-09-20 21:03:48,279 - INFO - Processing file: data\input\B15.8.72.txt
2026-09-20 21:03:48,287 - INFO - Split into 1 chunks
2026-09-20 21:03:48,321 - INFO - Successfully processed data\input\B15.8.72.txt
2026-09-20 21:03:48,322 - INFO - Processing file: data\input\B15.8.74.txt
2026-09-20 21:03:48,331 - INFO - Split into 1 chunks
2026-09-20 21:03:48,380 - INFO - Successfully processed data\input\B15.8.74.txt
2026-09-20 21:03:48,381 - INFO - Processing file: data\input\B15.8.75.txt
2026-09-20 21:03:48,392 - INFO - Split into 1 chunks
2026-09-20 21:03:48,442 - INFO - Successfully processed data\input\B15.8.75.txt
2026-09-20 21:03:48,443 - INFO - Processing file: data\input\B15.8.76.txt
2026-09-20 21:03:48,453 - INFO - Split into 1 chunks
2026-09-20 21:03:48,489 - INFO - Successfully processed data\input\B15.8.76.txt
2026-09-20 21:03:48,489 - INFO - Processing file: data\input\B15.8.77.txt
2026-09-20 21:03:48,498 - INFO - Split into 1 chunks
2026-09-20 21:03:48,531 - INFO - Successfully processed data\input\B15.8.77.txt
2026-09-20 21:03:48,532 - INFO - Processing file: data\input\B15.8.79.txt
2026-09-20 21:03:48,542 - INFO - Split into 1 chunks
2026-09-20 21:03:48,598 - INFO - Successfully processed data\input\B15.8.79.txt
2026-09-20 21:03:48,598 - INFO - Processing file: data\input\B15.8.8.txt
2026-09-20 21:03:48,608 - INFO - Split into 1 chunks
2026-09-20 21:03:48,645 - INFO - Successfully processed data\input\B15.8.8.txt
2026-09-20 21:03:48,646 - INFO - Processing file: data\input\B15.8.80.txt
2026-09-20 21:03:48,656 - INFO - Split into 1 chunks
2026-09-20 21:03:48,699 - INFO - Successfully processed data\input\B15.8.80.txt
2026-09-20 21:03:48,700 - INFO - Processing file: data\input\B15.8.81.txt
2026-09-20 21:03:48,713 - INFO - Split into 1 chunks
2026-09-20 21:03:48,753 - INFO - Successfully processed data\input\B15.8.81.txt
2026-09-20 21:03:48,754 - INFO - Processing file: data\input\B15.8.83.txt
2026-09-20 21:03:48,764 - INFO - Split into 1 chunks
2026-09-20 21:03:48,812 - INFO - Successfully processed data\input\B15.8.83.txt
2026-09-20 21:03:48,812 - INFO - Processing file: data\input\B15.8.85.txt
2026-09-20 21:03:48,826 - INFO - Split into 1 chunks
2026-09-20 21:03:48,860 - INFO - Successfully processed data\input\B15.8.85.txt
2026-09-20 21:03:48,861 - INFO - Processing file: data\input\B15.8.86.txt
2026-09-20 21:03:48,871 - INFO - Split into 1 chunks
2026-09-20 21:03:48,907 - INFO - Successfully processed data\input\B15.8.86.txt
2026-09-20 21:03:48,908 - INFO - Processing file: data\input\B15.8.87.txt
2026-09-20 21:03:48,918 - INFO - Split into 1 chunks
2026-09-20 21:03:48,952 - INFO - Successfully processed data\input\B15.8.87.txt
2026-09-20 21:03:48,953 - INFO - Processing file: data\input\B15.8.91.txt
2026-09-20 21:03:48,965 - INFO - Split into 1 chunks
2026-09-20 21:03:49,021 - INFO - Successfully processed data\input\B15.8.91.txt
2026-09-20 21:03:49,021 - INFO - Processing file: data\input\B15.8.92.txt
2026-09-20 21:03:49,030 - INFO - Split into 1 chunks
2026-09-20 21:03:49,075 - INFO - Successfully processed data\input\B15.8.92.txt
2026-09-20 21:03:49,076 - INFO - Processing file: data\input\B15.8.93.txt
2026-09-20 21:03:49,086 - INFO - Split into 1 chunks
2026-09-20 21:03:49,122 - INFO - Successfully processed data\input\B15.8.93.txt
2026-09-20 21:03:49,123 - INFO - Processing file: data\input\B15.8.95.txt
2026-09-20 21:03:49,132 - INFO - Split into 1 chunks
2026-09-20 21:03:49,175 - INFO - Successfully processed data\input\B15.8.95.txt
2026-09-20 21:03:49,176 - INFO - Processing file: data\input\B15.8.96.txt
2026-09-20 21:03:49,187 - INFO - Split into 1 chunks
2026-09-20 21:03:49,223 - INFO - Successfully processed data\input\B15.8.96.txt
2026-09-20 21:03:49,224 - INFO - Processing file: data\input\B15.8.98.txt
2026-09-20 21:03:49,233 - INFO - Split into 1 chunks
2026-09-20 21:03:49,294 - INFO - Successfully processed data\input\B15.8.98.txt
2026-09-20 21:03:49,295 - INFO - Processing file: data\input\B15.9.10.txt
2026-09-20 21:03:49,305 - INFO - Split into 1 chunks
2026-09-20 21:03:49,346 - INFO - Successfully processed data\input\B15.9.10.txt
2026-09-20 21:03:49,347 - INFO - Processing file: data\input\B15.9.11.txt
2026-09-20 21:03:49,355 - INFO - Split into 1 chunks
2026-09-20 21:03:49,387 - INFO - Successfully processed data\input\B15.9.11.txt
2026-09-20 21:03:49,387 - INFO - Processing file: data\input\B15.9.12.txt
2026-09-20 21:03:49,396 - INFO - Split into 1 chunks
2026-09-20 21:03:49,429 - INFO - Successfully processed data\input\B15.9.12.txt
2026-09-20 21:03:49,430 - INFO - Processing file: data\input\B15.9.14.txt
2026-09-20 21:03:49,438 - INFO - Split into 1 chunks
2026-09-20 21:03:49,480 - INFO - Successfully processed data\input\B15.9.14.txt
2026-09-20 21:03:49,480 - INFO - Processing file: data\input\B15.9.16.txt
2026-09-20 21:03:49,492 - INFO - Split into 1 chunks
2026-09-20 21:03:49,529 - INFO - Successfully processed data\input\B15.9.16.txt
2026-09-20 21:03:49,530 - INFO - Processing file: data\input\B15.9.17.txt
2026-09-20 21:03:49,539 - INFO - Split into 1 chunks
2026-09-20 21:03:49,574 - INFO - Successfully processed data\input\B15.9.17.txt
2026-09-20 21:03:49,575 - INFO - Processing file: data\input\B15.9.18.txt
2026-09-20 21:03:49,583 - INFO - Split into 1 chunks
2026-09-20 21:03:49,627 - INFO - Successfully processed data\input\B15.9.18.txt
2026-09-20 21:03:49,628 - INFO - Processing file: data\input\B15.9.19.txt
2026-09-20 21:03:49,637 - INFO - Split into 1 chunks
2026-09-20 21:03:49,673 - INFO - Successfully processed data\input\B15.9.19.txt
2026-09-20 21:03:49,674 - INFO - Processing file: data\input\B15.9.20.txt
2026-09-20 21:03:49,684 - INFO - Split into 1 chunks
2026-09-20 21:03:49,721 - INFO - Successfully processed data\input\B15.9.20.txt
2026-09-20 21:03:49,723 - INFO - Processing file: data\input\B15.9.21.txt
2026-09-20 21:03:49,734 - INFO - Split into 1 chunks
2026-09-20 21:03:49,768 - INFO - Successfully processed data\input\B15.9.21.txt
2026-09-20 21:03:49,769 - INFO - Processing file: data\input\B15.9.23.txt
2026-09-20 21:03:49,779 - INFO - Split into 1 chunks
2026-09-20 21:03:49,813 - INFO - Successfully processed data\input\B15.9.23.txt
2026-09-20 21:03:49,814 - INFO - Processing file: data\input\B15.9.24.txt
2026-09-20 21:03:49,824 - INFO - Split into 1 chunks
2026-09-20 21:03:49,864 - INFO - Successfully processed data\input\B15.9.24.txt
2026-09-20 21:03:49,864 - INFO - Processing file: data\input\B15.9.26.txt
2026-09-20 21:03:49,873 - INFO - Split into 1 chunks
2026-09-20 21:03:49,905 - INFO - Successfully processed data\input\B15.9.26.txt
2026-09-20 21:03:49,905 - INFO - Processing file: data\input\B15.9.27.txt
2026-09-20 21:03:49,916 - INFO - Split into 1 chunks
2026-09-20 21:03:49,954 - INFO - Successfully processed data\input\B15.9.27.txt
2026-09-20 21:03:49,954 - INFO - Processing file: data\input\B15.9.29.1.txt
2026-09-20 21:03:49,966 - INFO - Split into 1 chunks
2026-09-20 21:03:50,007 - INFO - Successfully processed data\input\B15.9.29.1.txt
2026-09-20 21:03:50,008 - INFO - Processing file: data\input\B15.9.3.txt
2026-09-20 21:03:50,020 - INFO - Split into 1 chunks
2026-09-20 21:03:50,052 - INFO - Successfully processed data\input\B15.9.3.txt
2026-09-20 21:03:50,053 - INFO - Processing file: data\input\B15.9.30.txt
2026-09-20 21:03:50,061 - INFO - Split into 1 chunks
2026-09-20 21:03:50,093 - INFO - Successfully processed data\input\B15.9.30.txt
2026-09-20 21:03:50,093 - INFO - Processing file: data\input\B15.9.31.txt
2026-09-20 21:03:50,102 - INFO - Split into 1 chunks
2026-09-20 21:03:50,139 - INFO - Successfully processed data\input\B15.9.31.txt
2026-09-20 21:03:50,140 - INFO - Processing file: data\input\B15.9.32.txt
2026-09-20 21:03:50,149 - INFO - Split into 1 chunks
2026-09-20 21:03:50,185 - INFO - Successfully processed data\input\B15.9.32.txt
2026-09-20 21:03:50,185 - INFO - Processing file: data\input\B15.9.33.txt
2026-09-20 21:03:50,196 - INFO - Split into 1 chunks
2026-09-20 21:03:50,229 - INFO - Successfully processed data\input\B15.9.33.txt
2026-09-20 21:03:50,230 - INFO - Processing file: data\input\B15.9.34.txt
2026-09-20 21:03:50,233 - INFO - Split into 1 chunks
2026-09-20 21:03:50,270 - INFO - Successfully processed data\input\B15.9.34.txt
2026-09-20 21:03:50,270 - INFO - Processing file: data\input\B15.9.35.txt
2026-09-20 21:03:50,278 - INFO - Split into 1 chunks
2026-09-20 21:03:50,313 - INFO - Successfully processed data\input\B15.9.35.txt
2026-09-20 21:03:50,313 - INFO - Processing file: data\input\B15.9.36.1.txt
2026-09-20 21:03:50,323 - INFO - Split into 1 chunks
2026-09-20 21:03:50,359 - INFO - Successfully processed data\input\B15.9.36.1.txt
2026-09-20 21:03:50,360 - INFO - Processing file: data\input\B15.9.36.2.txt
2026-09-20 21:03:50,369 - INFO - Split into 1 chunks
2026-09-20 21:03:50,404 - INFO - Successfully processed data\input\B15.9.36.2.txt
2026-09-20 21:03:50,404 - INFO - Processing file: data\input\B15.9.37.txt
2026-09-20 21:03:50,415 - INFO - Split into 1 chunks
2026-09-20 21:03:50,451 - INFO - Successfully processed data\input\B15.9.37.txt
2026-09-20 21:03:50,452 - INFO - Processing file: data\input\B15.9.38.txt
2026-09-20 21:03:50,460 - INFO - Split into 1 chunks
2026-09-20 21:03:50,505 - INFO - Successfully processed data\input\B15.9.38.txt
2026-09-20 21:03:50,505 - INFO - Processing file: data\input\B15.9.4.txt
2026-09-20 21:03:50,515 - INFO - Split into 1 chunks
2026-09-20 21:03:50,548 - INFO - Successfully processed data\input\B15.9.4.txt
2026-09-20 21:03:50,549 - INFO - Processing file: data\input\B15.9.40.txt
2026-09-20 21:03:50,559 - INFO - Split into 1 chunks
2026-09-20 21:03:50,590 - INFO - Successfully processed data\input\B15.9.40.txt
2026-09-20 21:03:50,591 - INFO - Processing file: data\input\B15.9.42.txt
2026-09-20 21:03:50,599 - INFO - Split into 1 chunks
2026-09-20 21:03:50,645 - INFO - Successfully processed data\input\B15.9.42.txt
2026-09-20 21:03:50,646 - INFO - Processing file: data\input\B15.9.43.txt
2026-09-20 21:03:50,656 - INFO - Split into 1 chunks
2026-09-20 21:03:50,688 - INFO - Successfully processed data\input\B15.9.43.txt
2026-09-20 21:03:50,689 - INFO - Processing file: data\input\B15.9.45.txt
2026-09-20 21:03:50,697 - INFO - Split into 1 chunks
2026-09-20 21:03:50,730 - INFO - Successfully processed data\input\B15.9.45.txt
2026-09-20 21:03:50,731 - INFO - Processing file: data\input\B15.9.46.txt
2026-09-20 21:03:50,740 - INFO - Split into 1 chunks
2026-09-20 21:03:50,780 - INFO - Successfully processed data\input\B15.9.46.txt
2026-09-20 21:03:50,781 - INFO - Processing file: data\input\B15.9.47.txt
2026-09-20 21:03:50,788 - INFO - Split into 1 chunks
2026-09-20 21:03:50,825 - INFO - Successfully processed data\input\B15.9.47.txt
2026-09-20 21:03:50,826 - INFO - Processing file: data\input\B15.9.49.txt
2026-09-20 21:03:50,838 - INFO - Split into 1 chunks
2026-09-20 21:03:50,874 - INFO - Successfully processed data\input\B15.9.49.txt
2026-09-20 21:03:50,875 - INFO - Processing file: data\input\B15.9.5.txt
2026-09-20 21:03:50,885 - INFO - Split into 1 chunks
2026-09-20 21:03:50,926 - INFO - Successfully processed data\input\B15.9.5.txt
2026-09-20 21:03:50,927 - INFO - Processing file: data\input\B15.9.50.txt
2026-09-20 21:03:50,937 - INFO - Split into 1 chunks
2026-09-20 21:03:50,975 - INFO - Successfully processed data\input\B15.9.50.txt
2026-09-20 21:03:50,976 - INFO - Processing file: data\input\B15.9.53.txt
2026-09-20 21:03:50,991 - INFO - Split into 1 chunks
2026-09-20 21:03:51,039 - INFO - Successfully processed data\input\B15.9.53.txt
2026-09-20 21:03:51,040 - INFO - Processing file: data\input\B15.9.54.txt
2026-09-20 21:03:51,053 - INFO - Split into 1 chunks
2026-09-20 21:03:51,097 - INFO - Successfully processed data\input\B15.9.54.txt
2026-09-20 21:03:51,099 - INFO - Processing file: data\input\B15.9.55.txt
2026-09-20 21:03:51,109 - INFO - Split into 1 chunks
2026-09-20 21:03:51,150 - INFO - Successfully processed data\input\B15.9.55.txt
2026-09-20 21:03:51,152 - INFO - Processing file: data\input\B15.9.6.txt
2026-09-20 21:03:51,165 - INFO - Split into 1 chunks
2026-09-20 21:03:51,204 - INFO - Successfully processed data\input\B15.9.6.txt
2026-09-20 21:03:51,204 - INFO - Processing file: data\input\B15.9.8.txt
2026-09-20 21:03:51,214 - INFO - Split into 1 chunks
2026-09-20 21:03:51,254 - INFO - Successfully processed data\input\B15.9.8.txt
2026-09-20 21:03:51,255 - INFO - Processing file: data\input\B15.9.9.txt
2026-09-20 21:03:51,265 - INFO - Split into 1 chunks
2026-09-20 21:03:51,316 - INFO - Successfully processed data\input\B15.9.9.txt
2026-09-20 21:03:51,318 - INFO - Processing file: data\input\B16.1.txt
2026-09-20 21:03:51,334 - INFO - Split into 1 chunks
2026-09-20 21:03:51,377 - INFO - Successfully processed data\input\B16.1.txt
2026-09-20 21:03:51,378 - INFO - Processing file: data\input\B16.10.10.txt
2026-09-20 21:03:51,390 - INFO - Split into 1 chunks
2026-09-20 21:03:51,447 - INFO - Successfully processed data\input\B16.10.10.txt
2026-09-20 21:03:51,448 - INFO - Processing file: data\input\B16.10.3.txt
2026-09-20 21:03:51,462 - INFO - Split into 1 chunks
2026-09-20 21:03:51,552 - INFO - Successfully processed data\input\B16.10.3.txt
2026-09-20 21:03:51,553 - INFO - Processing file: data\input\B16.10.5.1.txt
2026-09-20 21:03:51,566 - INFO - Split into 1 chunks
2026-09-20 21:03:51,611 - INFO - Successfully processed data\input\B16.10.5.1.txt
2026-09-20 21:03:51,612 - INFO - Processing file: data\input\B16.10.5.3.txt
2026-09-20 21:03:51,621 - INFO - Split into 1 chunks
2026-09-20 21:03:51,672 - INFO - Successfully processed data\input\B16.10.5.3.txt
2026-09-20 21:03:51,673 - INFO - Processing file: data\input\B16.10.5.6.2.txt
2026-09-20 21:03:51,684 - INFO - Split into 1 chunks
2026-09-20 21:03:51,725 - INFO - Successfully processed data\input\B16.10.5.6.2.txt
2026-09-20 21:03:51,726 - INFO - Processing file: data\input\B16.10.5.7.txt
2026-09-20 21:03:51,737 - INFO - Split into 1 chunks
2026-09-20 21:03:51,788 - INFO - Successfully processed data\input\B16.10.5.7.txt
2026-09-20 21:03:51,789 - INFO - Processing file: data\input\B16.10.5.8.txt
2026-09-20 21:03:51,804 - INFO - Split into 1 chunks
2026-09-20 21:03:51,853 - INFO - Successfully processed data\input\B16.10.5.8.txt
2026-09-20 21:03:51,853 - INFO - Processing file: data\input\B16.10.5.9.txt
2026-09-20 21:03:51,859 - INFO - Split into 1 chunks
2026-09-20 21:03:51,913 - INFO - Successfully processed data\input\B16.10.5.9.txt
2026-09-20 21:03:51,914 - INFO - Processing file: data\input\B16.10.6.3.1.txt
2026-09-20 21:03:51,929 - INFO - Split into 1 chunks
2026-09-20 21:03:51,975 - INFO - Successfully processed data\input\B16.10.6.3.1.txt
2026-09-20 21:03:51,976 - INFO - Processing file: data\input\B16.10.6.3.2.txt
2026-09-20 21:03:51,988 - INFO - Split into 1 chunks
2026-09-20 21:03:52,028 - INFO - Successfully processed data\input\B16.10.6.3.2.txt
2026-09-20 21:03:52,029 - INFO - Processing file: data\input\B16.11.1.txt
2026-09-20 21:03:52,042 - INFO - Split into 1 chunks
2026-09-20 21:03:52,084 - INFO - Successfully processed data\input\B16.11.1.txt
2026-09-20 21:03:52,085 - INFO - Processing file: data\input\B16.12.txt
2026-09-20 21:03:52,096 - INFO - Split into 1 chunks
2026-09-20 21:03:52,132 - INFO - Successfully processed data\input\B16.12.txt
2026-09-20 21:03:52,132 - INFO - Processing file: data\input\B16.13.txt
2026-09-20 21:03:52,142 - INFO - Split into 1 chunks
2026-09-20 21:03:52,203 - INFO - Successfully processed data\input\B16.13.txt
2026-09-20 21:03:52,204 - INFO - Processing file: data\input\B16.14.txt
2026-09-20 21:03:52,220 - INFO - Split into 1 chunks
2026-09-20 21:03:52,254 - INFO - Successfully processed data\input\B16.14.txt
2026-09-20 21:03:52,255 - INFO - Processing file: data\input\B16.16.1.txt
2026-09-20 21:03:52,266 - INFO - Split into 1 chunks
2026-09-20 21:03:52,335 - INFO - Successfully processed data\input\B16.16.1.txt
2026-09-20 21:03:52,336 - INFO - Processing file: data\input\B16.16.3.txt
2026-09-20 21:03:52,347 - INFO - Split into 1 chunks
2026-09-20 21:03:52,380 - INFO - Successfully processed data\input\B16.16.3.txt
2026-09-20 21:03:52,381 - INFO - Processing file: data\input\B16.17.txt
2026-09-20 21:03:52,390 - INFO - Split into 1 chunks
2026-09-20 21:03:52,448 - INFO - Successfully processed data\input\B16.17.txt
2026-09-20 21:03:52,449 - INFO - Processing file: data\input\B16.2.1.txt
2026-09-20 21:03:52,465 - INFO - Split into 1 chunks
2026-09-20 21:03:52,517 - INFO - Successfully processed data\input\B16.2.1.txt
2026-09-20 21:03:52,518 - INFO - Processing file: data\input\B16.2.4.txt
2026-09-20 21:03:52,539 - INFO - Split into 1 chunks
2026-09-20 21:03:52,588 - INFO - Successfully processed data\input\B16.2.4.txt
2026-09-20 21:03:52,588 - INFO - Processing file: data\input\B16.20.1.txt
2026-09-20 21:03:52,601 - INFO - Split into 1 chunks
2026-09-20 21:03:52,647 - INFO - Successfully processed data\input\B16.20.1.txt
2026-09-20 21:03:52,647 - INFO - Processing file: data\input\B16.20.2.txt
2026-09-20 21:03:52,661 - INFO - Split into 1 chunks
2026-09-20 21:03:52,717 - INFO - Successfully processed data\input\B16.20.2.txt
2026-09-20 21:03:52,718 - INFO - Processing file: data\input\B16.21.2.txt
2026-09-20 21:03:52,735 - INFO - Split into 1 chunks
2026-09-20 21:03:52,781 - INFO - Successfully processed data\input\B16.21.2.txt
2026-09-20 21:03:52,782 - INFO - Processing file: data\input\B16.21.3.1.txt
2026-09-20 21:03:52,795 - INFO - Split into 1 chunks
2026-09-20 21:03:52,839 - INFO - Successfully processed data\input\B16.21.3.1.txt
2026-09-20 21:03:52,840 - INFO - Processing file: data\input\B16.21.3.2.txt
2026-09-20 21:03:52,851 - INFO - Split into 1 chunks
2026-09-20 21:03:52,919 - INFO - Successfully processed data\input\B16.21.3.2.txt
2026-09-20 21:03:52,920 - INFO - Processing file: data\input\B16.22.txt
2026-09-20 21:03:52,938 - INFO - Split into 1 chunks
2026-09-20 21:03:52,985 - INFO - Successfully processed data\input\B16.22.txt
2026-09-20 21:03:52,987 - INFO - Processing file: data\input\B16.23.1.txt
2026-09-20 21:03:53,006 - INFO - Split into 1 chunks
2026-09-20 21:03:53,063 - INFO - Successfully processed data\input\B16.23.1.txt
2026-09-20 21:03:53,064 - INFO - Processing file: data\input\B16.23.2.txt
2026-09-20 21:03:53,075 - INFO - Split into 1 chunks
2026-09-20 21:03:53,119 - INFO - Successfully processed data\input\B16.23.2.txt
2026-09-20 21:03:53,119 - INFO - Processing file: data\input\B16.23.6.txt
2026-09-20 21:03:53,135 - INFO - Split into 1 chunks
2026-09-20 21:03:53,173 - INFO - Successfully processed data\input\B16.23.6.txt
2026-09-20 21:03:53,174 - INFO - Processing file: data\input\B16.24.1.txt
2026-09-20 21:03:53,189 - INFO - Split into 1 chunks
2026-09-20 21:03:53,274 - INFO - Successfully processed data\input\B16.24.1.txt
2026-09-20 21:03:53,275 - INFO - Processing file: data\input\B16.24.3.txt
2026-09-20 21:03:53,290 - INFO - Split into 1 chunks
2026-09-20 21:03:53,335 - INFO - Successfully processed data\input\B16.24.3.txt
2026-09-20 21:03:53,336 - INFO - Processing file: data\input\B16.24.4.txt
2026-09-20 21:03:53,352 - INFO - Split into 1 chunks
2026-09-20 21:03:53,403 - INFO - Successfully processed data\input\B16.24.4.txt
2026-09-20 21:03:53,404 - INFO - Processing file: data\input\B16.25.txt
2026-09-20 21:03:53,418 - INFO - Split into 1 chunks
2026-09-20 21:03:53,477 - INFO - Successfully processed data\input\B16.25.txt
2026-09-20 21:03:53,478 - INFO - Processing file: data\input\B16.28.2.txt
2026-09-20 21:03:53,496 - INFO - Split into 1 chunks
2026-09-20 21:03:53,539 - INFO - Successfully processed data\input\B16.28.2.txt
2026-09-20 21:03:53,540 - INFO - Processing file: data\input\B16.28.3.txt
2026-09-20 21:03:53,553 - INFO - Split into 1 chunks
2026-09-20 21:03:53,599 - INFO - Successfully processed data\input\B16.28.3.txt
2026-09-20 21:03:53,599 - INFO - Processing file: data\input\B16.28.4.txt
2026-09-20 21:03:53,613 - INFO - Split into 1 chunks
2026-09-20 21:03:53,658 - INFO - Successfully processed data\input\B16.28.4.txt
2026-09-20 21:03:53,659 - INFO - Processing file: data\input\B16.3.txt
2026-09-20 21:03:53,668 - INFO - Split into 1 chunks
2026-09-20 21:03:53,737 - INFO - Successfully processed data\input\B16.3.txt
2026-09-20 21:03:53,738 - INFO - Processing file: data\input\B16.5.1.txt
2026-09-20 21:03:53,749 - INFO - Split into 1 chunks
2026-09-20 21:03:53,781 - INFO - Successfully processed data\input\B16.5.1.txt
2026-09-20 21:03:53,782 - INFO - Processing file: data\input\B16.5.3.txt
2026-09-20 21:03:53,793 - INFO - Split into 1 chunks
2026-09-20 21:03:53,826 - INFO - Successfully processed data\input\B16.5.3.txt
2026-09-20 21:03:53,827 - INFO - Processing file: data\input\B16.5.6.txt
2026-09-20 21:03:53,837 - INFO - Split into 1 chunks
2026-09-20 21:03:53,869 - INFO - Successfully processed data\input\B16.5.6.txt
2026-09-20 21:03:53,870 - INFO - Processing file: data\input\B16.6.10.txt
2026-09-20 21:03:53,880 - INFO - Split into 1 chunks
2026-09-20 21:03:53,921 - INFO - Successfully processed data\input\B16.6.10.txt
2026-09-20 21:03:53,922 - INFO - Processing file: data\input\B16.6.4.txt
2026-09-20 21:03:53,930 - INFO - Split into 1 chunks
2026-09-20 21:03:53,967 - INFO - Successfully processed data\input\B16.6.4.txt
2026-09-20 21:03:53,967 - INFO - Processing file: data\input\B16.6.6.txt
2026-09-20 21:03:53,979 - INFO - Split into 1 chunks
2026-09-20 21:03:54,014 - INFO - Successfully processed data\input\B16.6.6.txt
2026-09-20 21:03:54,015 - INFO - Processing file: data\input\B16.7.1.txt
2026-09-20 21:03:54,024 - INFO - Split into 1 chunks
2026-09-20 21:03:54,057 - INFO - Successfully processed data\input\B16.7.1.txt
2026-09-20 21:03:54,058 - INFO - Processing file: data\input\B16.8.1.txt
2026-09-20 21:03:54,069 - INFO - Split into 1 chunks
2026-09-20 21:03:54,105 - INFO - Successfully processed data\input\B16.8.1.txt
2026-09-20 21:03:54,106 - INFO - Processing file: data\input\B16.8.2.txt
2026-09-20 21:03:54,115 - INFO - Split into 1 chunks
2026-09-20 21:03:54,146 - INFO - Successfully processed data\input\B16.8.2.txt
2026-09-20 21:03:54,147 - INFO - Processing file: data\input\B16.8.3.1.txt
2026-09-20 21:03:54,156 - INFO - Split into 1 chunks
2026-09-20 21:03:54,197 - INFO - Successfully processed data\input\B16.8.3.1.txt
2026-09-20 21:03:54,198 - INFO - Processing file: data\input\B16.8.3.2.txt
2026-09-20 21:03:54,212 - INFO - Split into 1 chunks
2026-09-20 21:03:54,256 - INFO - Successfully processed data\input\B16.8.3.2.txt
2026-09-20 21:03:54,257 - INFO - Processing file: data\input\B16.8.3.3.txt
2026-09-20 21:03:54,269 - INFO - Split into 1 chunks
2026-09-20 21:03:54,309 - INFO - Successfully processed data\input\B16.8.3.3.txt
2026-09-20 21:03:54,311 - INFO - Processing file: data\input\B16.8.3.4.txt
2026-09-20 21:03:54,322 - INFO - Split into 1 chunks
2026-09-20 21:03:54,358 - INFO - Successfully processed data\input\B16.8.3.4.txt
2026-09-20 21:03:54,359 - INFO - Processing file: data\input\B16.8.4.txt
2026-09-20 21:03:54,370 - INFO - Split into 1 chunks
2026-09-20 21:03:54,401 - INFO - Successfully processed data\input\B16.8.4.txt
2026-09-20 21:03:54,401 - INFO - Processing file: data\input\B16.9.3.txt
2026-09-20 21:03:54,410 - INFO - Split into 1 chunks
2026-09-20 21:03:54,444 - INFO - Successfully processed data\input\B16.9.3.txt
2026-09-20 21:03:54,445 - INFO - Processing file: data\input\B18.11.txt
2026-09-20 21:03:54,457 - INFO - Split into 1 chunks
2026-09-20 21:03:54,498 - INFO - Successfully processed data\input\B18.11.txt
2026-09-20 21:03:54,499 - INFO - Processing file: data\input\B18.2.txt
2026-09-20 21:03:54,510 - INFO - Split into 1 chunks
2026-09-20 21:03:54,556 - INFO - Successfully processed data\input\B18.2.txt
2026-09-20 21:03:54,557 - INFO - Processing file: data\input\B18.5.1.txt
2026-09-20 21:03:54,569 - INFO - Split into 1 chunks
2026-09-20 21:03:54,606 - INFO - Successfully processed data\input\B18.5.1.txt
2026-09-20 21:03:54,606 - INFO - Processing file: data\input\B18.5.2.txt
2026-09-20 21:03:54,625 - INFO - Split into 1 chunks
2026-09-20 21:03:54,670 - INFO - Successfully processed data\input\B18.5.2.txt
2026-09-20 21:03:54,670 - INFO - Processing file: data\input\B19.2.2.1.txt
2026-09-20 21:03:54,679 - INFO - Split into 1 chunks
2026-09-20 21:03:54,711 - INFO - Successfully processed data\input\B19.2.2.1.txt
2026-09-20 21:03:54,712 - INFO - Processing file: data\input\B2.1.txt
2026-09-20 21:03:54,726 - INFO - Split into 1 chunks
2026-09-20 21:03:54,800 - INFO - Successfully processed data\input\B2.1.txt
2026-09-20 21:03:54,801 - INFO - Processing file: data\input\B2.2.8.1.txt
2026-09-20 21:03:54,815 - INFO - Split into 1 chunks
2026-09-20 21:03:54,855 - INFO - Successfully processed data\input\B2.2.8.1.txt
2026-09-20 21:03:54,855 - INFO - Processing file: data\input\B2.4.3.txt
2026-09-20 21:03:54,866 - INFO - Split into 1 chunks
2026-09-20 21:03:54,934 - INFO - Successfully processed data\input\B2.4.3.txt
2026-09-20 21:03:54,935 - INFO - Processing file: data\input\B20.1.1.2.txt
2026-09-20 21:03:54,945 - INFO - Split into 1 chunks
2026-09-20 21:03:55,004 - INFO - Successfully processed data\input\B20.1.1.2.txt
2026-09-20 21:03:55,005 - INFO - Processing file: data\input\B20.1.1.3.txt
2026-09-20 21:03:55,015 - INFO - Split into 1 chunks
2026-09-20 21:03:55,058 - INFO - Successfully processed data\input\B20.1.1.3.txt
2026-09-20 21:03:55,059 - INFO - Processing file: data\input\B20.1.1.4.txt
2026-09-20 21:03:55,070 - INFO - Split into 1 chunks
2026-09-20 21:03:55,107 - INFO - Successfully processed data\input\B20.1.1.4.txt
2026-09-20 21:03:55,107 - INFO - Processing file: data\input\B20.1.2.2.txt
2026-09-20 21:03:55,117 - INFO - Split into 1 chunks
2026-09-20 21:03:55,159 - INFO - Successfully processed data\input\B20.1.2.2.txt
2026-09-20 21:03:55,160 - INFO - Processing file: data\input\B20.1.2.4.txt
2026-09-20 21:03:55,170 - INFO - Split into 1 chunks
2026-09-20 21:03:55,204 - INFO - Successfully processed data\input\B20.1.2.4.txt
2026-09-20 21:03:55,204 - INFO - Processing file: data\input\B20.1.6.txt
2026-09-20 21:03:55,214 - INFO - Split into 1 chunks
2026-09-20 21:03:55,271 - INFO - Successfully processed data\input\B20.1.6.txt
2026-09-20 21:03:55,272 - INFO - Processing file: data\input\B20.10.2.txt
2026-09-20 21:03:55,283 - INFO - Split into 1 chunks
2026-09-20 21:03:55,332 - INFO - Successfully processed data\input\B20.10.2.txt
2026-09-20 21:03:55,332 - INFO - Processing file: data\input\B20.10.3.txt
2026-09-20 21:03:55,342 - INFO - Split into 1 chunks
2026-09-20 21:03:55,374 - INFO - Successfully processed data\input\B20.10.3.txt
2026-09-20 21:03:55,376 - INFO - Processing file: data\input\B20.11.1.1.txt
2026-09-20 21:03:55,386 - INFO - Split into 1 chunks
2026-09-20 21:03:55,417 - INFO - Successfully processed data\input\B20.11.1.1.txt
2026-09-20 21:03:55,419 - INFO - Processing file: data\input\B20.11.1.2.txt
2026-09-20 21:03:55,428 - INFO - Split into 1 chunks
2026-09-20 21:03:55,462 - INFO - Successfully processed data\input\B20.11.1.2.txt
2026-09-20 21:03:55,463 - INFO - Processing file: data\input\B20.11.2.txt
2026-09-20 21:03:55,473 - INFO - Split into 1 chunks
2026-09-20 21:03:55,515 - INFO - Successfully processed data\input\B20.11.2.txt
2026-09-20 21:03:55,516 - INFO - Processing file: data\input\B20.11.3.txt
2026-09-20 21:03:55,524 - INFO - Split into 1 chunks
2026-09-20 21:03:55,556 - INFO - Successfully processed data\input\B20.11.3.txt
2026-09-20 21:03:55,557 - INFO - Processing file: data\input\B20.12.1.1.txt
2026-09-20 21:03:55,569 - INFO - Split into 1 chunks
2026-09-20 21:03:55,618 - INFO - Successfully processed data\input\B20.12.1.1.txt
2026-09-20 21:03:55,619 - INFO - Processing file: data\input\B20.13.1.1.txt
2026-09-20 21:03:55,630 - INFO - Split into 1 chunks
2026-09-20 21:03:55,666 - INFO - Successfully processed data\input\B20.13.1.1.txt
2026-09-20 21:03:55,667 - INFO - Processing file: data\input\B20.13.1.2.txt
2026-09-20 21:03:55,675 - INFO - Split into 1 chunks
2026-09-20 21:03:55,708 - INFO - Successfully processed data\input\B20.13.1.2.txt
2026-09-20 21:03:55,708 - INFO - Processing file: data\input\B20.14.txt
2026-09-20 21:03:55,719 - INFO - Split into 1 chunks
2026-09-20 21:03:55,765 - INFO - Successfully processed data\input\B20.14.txt
2026-09-20 21:03:55,765 - INFO - Processing file: data\input\B20.15.txt
2026-09-20 21:03:55,774 - INFO - Split into 1 chunks
2026-09-20 21:03:55,805 - INFO - Successfully processed data\input\B20.15.txt
2026-09-20 21:03:55,805 - INFO - Processing file: data\input\B20.2.1.2.txt
2026-09-20 21:03:55,815 - INFO - Split into 1 chunks
2026-09-20 21:03:55,850 - INFO - Successfully processed data\input\B20.2.1.2.txt
2026-09-20 21:03:55,850 - INFO - Processing file: data\input\B20.2.2.1.txt
2026-09-20 21:03:55,862 - INFO - Split into 1 chunks
2026-09-20 21:03:55,895 - INFO - Successfully processed data\input\B20.2.2.1.txt
2026-09-20 21:03:55,896 - INFO - Processing file: data\input\B20.2.2.2.txt
2026-09-20 21:03:55,906 - INFO - Split into 1 chunks
2026-09-20 21:03:55,962 - INFO - Successfully processed data\input\B20.2.2.2.txt
2026-09-20 21:03:55,962 - INFO - Processing file: data\input\B20.2.4.txt
2026-09-20 21:03:55,980 - INFO - Split into 1 chunks
2026-09-20 21:03:56,021 - INFO - Successfully processed data\input\B20.2.4.txt
2026-09-20 21:03:56,022 - INFO - Processing file: data\input\B20.2.7.txt
2026-09-20 21:03:56,033 - INFO - Split into 1 chunks
2026-09-20 21:03:56,087 - INFO - Successfully processed data\input\B20.2.7.txt
2026-09-20 21:03:56,087 - INFO - Processing file: data\input\B20.3.2.txt
2026-09-20 21:03:56,099 - INFO - Split into 1 chunks
2026-09-20 21:03:56,146 - INFO - Successfully processed data\input\B20.3.2.txt
2026-09-20 21:03:56,147 - INFO - Processing file: data\input\B20.6.1.txt
2026-09-20 21:03:56,159 - INFO - Split into 1 chunks
2026-09-20 21:03:56,201 - INFO - Successfully processed data\input\B20.6.1.txt
2026-09-20 21:03:56,202 - INFO - Processing file: data\input\B20.6.2.txt
2026-09-20 21:03:56,215 - INFO - Split into 1 chunks
2026-09-20 21:03:56,259 - INFO - Successfully processed data\input\B20.6.2.txt
2026-09-20 21:03:56,260 - INFO - Processing file: data\input\B20.6.3.txt
2026-09-20 21:03:56,270 - INFO - Split into 1 chunks
2026-09-20 21:03:56,314 - INFO - Successfully processed data\input\B20.6.3.txt
2026-09-20 21:03:56,315 - INFO - Processing file: data\input\B20.7.txt
2026-09-20 21:03:56,327 - INFO - Split into 1 chunks
2026-09-20 21:03:56,365 - INFO - Successfully processed data\input\B20.7.txt
2026-09-20 21:03:56,366 - INFO - Processing file: data\input\B20.8.txt
2026-09-20 21:03:56,378 - INFO - Split into 1 chunks
2026-09-20 21:03:56,417 - INFO - Successfully processed data\input\B20.8.txt
2026-09-20 21:03:56,418 - INFO - Processing file: data\input\B20.9.txt
2026-09-20 21:03:56,427 - INFO - Split into 1 chunks
2026-09-20 21:03:56,490 - INFO - Successfully processed data\input\B20.9.txt
2026-09-20 21:03:56,491 - INFO - Processing file: data\input\B21.1.2.txt
2026-09-20 21:03:56,506 - INFO - Split into 1 chunks
2026-09-20 21:03:56,549 - INFO - Successfully processed data\input\B21.1.2.txt
2026-09-20 21:03:56,550 - INFO - Processing file: data\input\B21.1.3.txt
2026-09-20 21:03:56,563 - INFO - Split into 1 chunks
2026-09-20 21:03:56,626 - INFO - Successfully processed data\input\B21.1.3.txt
2026-09-20 21:03:56,627 - INFO - Processing file: data\input\B21.2.3.txt
2026-09-20 21:03:56,637 - INFO - Split into 1 chunks
2026-09-20 21:03:56,686 - INFO - Successfully processed data\input\B21.2.3.txt
2026-09-20 21:03:56,687 - INFO - Processing file: data\input\B21.4.txt
2026-09-20 21:03:56,699 - INFO - Split into 1 chunks
2026-09-20 21:03:56,767 - INFO - Successfully processed data\input\B21.4.txt
2026-09-20 21:03:56,767 - INFO - Processing file: data\input\B21.5.1.txt
2026-09-20 21:03:56,776 - INFO - Split into 1 chunks
2026-09-20 21:03:56,806 - INFO - Successfully processed data\input\B21.5.1.txt
2026-09-20 21:03:56,807 - INFO - Processing file: data\input\B21.5.2.txt
2026-09-20 21:03:56,817 - INFO - Split into 1 chunks
2026-09-20 21:03:56,881 - INFO - Successfully processed data\input\B21.5.2.txt
2026-09-20 21:03:56,882 - INFO - Processing file: data\input\B21.5.3.txt
2026-09-20 21:03:56,892 - INFO - Split into 1 chunks
2026-09-20 21:03:56,921 - INFO - Successfully processed data\input\B21.5.3.txt
2026-09-20 21:03:56,921 - INFO - Processing file: data\input\B21.5.4.2.txt
2026-09-20 21:03:56,931 - INFO - Split into 1 chunks
2026-09-20 21:03:56,964 - INFO - Successfully processed data\input\B21.5.4.2.txt
2026-09-20 21:03:56,965 - INFO - Processing file: data\input\B21.5.6.txt
2026-09-20 21:03:56,977 - INFO - Split into 1 chunks
2026-09-20 21:03:57,019 - INFO - Successfully processed data\input\B21.5.6.txt
2026-09-20 21:03:57,019 - INFO - Processing file: data\input\B21.5.7.txt
2026-09-20 21:03:57,030 - INFO - Split into 1 chunks
2026-09-20 21:03:57,067 - INFO - Successfully processed data\input\B21.5.7.txt
2026-09-20 21:03:57,068 - INFO - Processing file: data\input\B21.5.9.2.txt
2026-09-20 21:03:57,077 - INFO - Split into 1 chunks
2026-09-20 21:03:57,110 - INFO - Successfully processed data\input\B21.5.9.2.txt
2026-09-20 21:03:57,110 - INFO - Processing file: data\input\B23.1.1.txt
2026-09-20 21:03:57,121 - INFO - Split into 1 chunks
2026-09-20 21:03:57,157 - INFO - Successfully processed data\input\B23.1.1.txt
2026-09-20 21:03:57,158 - INFO - Processing file: data\input\B23.1.10.txt
2026-09-20 21:03:57,171 - INFO - Split into 1 chunks
2026-09-20 21:03:57,217 - INFO - Successfully processed data\input\B23.1.10.txt
2026-09-20 21:03:57,217 - INFO - Processing file: data\input\B23.1.11.txt
2026-09-20 21:03:57,225 - INFO - Split into 1 chunks
2026-09-20 21:03:57,258 - INFO - Successfully processed data\input\B23.1.11.txt
2026-09-20 21:03:57,259 - INFO - Processing file: data\input\B23.1.12.2.txt
2026-09-20 21:03:57,269 - INFO - Split into 1 chunks
2026-09-20 21:03:57,306 - INFO - Successfully processed data\input\B23.1.12.2.txt
2026-09-20 21:03:57,307 - INFO - Processing file: data\input\B23.1.12.3.txt
2026-09-20 21:03:57,316 - INFO - Split into 1 chunks
2026-09-20 21:03:57,345 - INFO - Successfully processed data\input\B23.1.12.3.txt
2026-09-20 21:03:57,346 - INFO - Processing file: data\input\B23.1.12.5.txt
2026-09-20 21:03:57,355 - INFO - Split into 1 chunks
2026-09-20 21:03:57,390 - INFO - Successfully processed data\input\B23.1.12.5.txt
2026-09-20 21:03:57,391 - INFO - Processing file: data\input\B23.1.13.1.txt
2026-09-20 21:03:57,400 - INFO - Split into 1 chunks
2026-09-20 21:03:57,432 - INFO - Successfully processed data\input\B23.1.13.1.txt
2026-09-20 21:03:57,433 - INFO - Processing file: data\input\B23.1.13.2.txt
2026-09-20 21:03:57,442 - INFO - Split into 1 chunks
2026-09-20 21:03:57,476 - INFO - Successfully processed data\input\B23.1.13.2.txt
2026-09-20 21:03:57,478 - INFO - Processing file: data\input\B23.1.14.txt
2026-09-20 21:03:57,487 - INFO - Split into 1 chunks
2026-09-20 21:03:57,523 - INFO - Successfully processed data\input\B23.1.14.txt
2026-09-20 21:03:57,523 - INFO - Processing file: data\input\B23.1.15.1.txt
2026-09-20 21:03:57,533 - INFO - Split into 1 chunks
2026-09-20 21:03:57,570 - INFO - Successfully processed data\input\B23.1.15.1.txt
2026-09-20 21:03:57,570 - INFO - Processing file: data\input\B23.1.15.2.txt
2026-09-20 21:03:57,582 - INFO - Split into 1 chunks
2026-09-20 21:03:57,620 - INFO - Successfully processed data\input\B23.1.15.2.txt
2026-09-20 21:03:57,620 - INFO - Processing file: data\input\B23.1.15.4.txt
2026-09-20 21:03:57,632 - INFO - Split into 1 chunks
2026-09-20 21:03:57,673 - INFO - Successfully processed data\input\B23.1.15.4.txt
2026-09-20 21:03:57,674 - INFO - Processing file: data\input\B23.1.16.txt
2026-09-20 21:03:57,684 - INFO - Split into 1 chunks
2026-09-20 21:03:57,718 - INFO - Successfully processed data\input\B23.1.16.txt
2026-09-20 21:03:57,718 - INFO - Processing file: data\input\B23.1.17.1.txt
2026-09-20 21:03:57,730 - INFO - Split into 1 chunks
2026-09-20 21:03:57,764 - INFO - Successfully processed data\input\B23.1.17.1.txt
2026-09-20 21:03:57,764 - INFO - Processing file: data\input\B23.1.17.2.txt
2026-09-20 21:03:57,773 - INFO - Split into 1 chunks
2026-09-20 21:03:57,808 - INFO - Successfully processed data\input\B23.1.17.2.txt
2026-09-20 21:03:57,809 - INFO - Processing file: data\input\B23.1.18.txt
2026-09-20 21:03:57,823 - INFO - Split into 1 chunks
2026-09-20 21:03:57,879 - INFO - Successfully processed data\input\B23.1.18.txt
2026-09-20 21:03:57,879 - INFO - Processing file: data\input\B23.1.2.txt
2026-09-20 21:03:57,888 - INFO - Split into 1 chunks
2026-09-20 21:03:58,143 - INFO - Successfully processed data\input\B23.1.2.txt
2026-09-20 21:03:58,144 - INFO - Processing file: data\input\B23.1.20.txt
2026-09-20 21:03:58,175 - INFO - Split into 1 chunks
2026-09-20 21:03:58,215 - INFO - Successfully processed data\input\B23.1.20.txt
2026-09-20 21:03:58,215 - INFO - Processing file: data\input\B23.1.21.txt
2026-09-20 21:03:58,227 - INFO - Split into 1 chunks
2026-09-20 21:03:58,263 - INFO - Successfully processed data\input\B23.1.21.txt
2026-09-20 21:03:58,264 - INFO - Processing file: data\input\B23.1.22.txt
2026-09-20 21:03:58,275 - INFO - Split into 1 chunks
2026-09-20 21:03:58,316 - INFO - Successfully processed data\input\B23.1.22.txt
2026-09-20 21:03:58,316 - INFO - Processing file: data\input\B23.1.3.txt
2026-09-20 21:03:58,326 - INFO - Split into 1 chunks
2026-09-20 21:03:58,358 - INFO - Successfully processed data\input\B23.1.3.txt
2026-09-20 21:03:58,358 - INFO - Processing file: data\input\B23.1.4.txt
2026-09-20 21:03:58,369 - INFO - Split into 1 chunks
2026-09-20 21:03:58,410 - INFO - Successfully processed data\input\B23.1.4.txt
2026-09-20 21:03:58,410 - INFO - Processing file: data\input\B23.1.5.txt
2026-09-20 21:03:58,420 - INFO - Split into 1 chunks
2026-09-20 21:03:58,457 - INFO - Successfully processed data\input\B23.1.5.txt
2026-09-20 21:03:58,459 - INFO - Processing file: data\input\B23.1.7.txt
2026-09-20 21:03:58,471 - INFO - Split into 1 chunks
2026-09-20 21:03:58,512 - INFO - Successfully processed data\input\B23.1.7.txt
2026-09-20 21:03:58,512 - INFO - Processing file: data\input\B23.1.8.txt
2026-09-20 21:03:58,519 - INFO - Split into 1 chunks
2026-09-20 21:03:58,551 - INFO - Successfully processed data\input\B23.1.8.txt
2026-09-20 21:03:58,552 - INFO - Processing file: data\input\B23.1.9.1.txt
2026-09-20 21:03:58,561 - INFO - Split into 1 chunks
2026-09-20 21:03:58,602 - INFO - Successfully processed data\input\B23.1.9.1.txt
2026-09-20 21:03:58,603 - INFO - Processing file: data\input\B23.1.9.2.txt
2026-09-20 21:03:58,614 - INFO - Split into 1 chunks
2026-09-20 21:03:58,655 - INFO - Successfully processed data\input\B23.1.9.2.txt
2026-09-20 21:03:58,656 - INFO - Processing file: data\input\B23.1.9.3.txt
2026-09-20 21:03:58,668 - INFO - Split into 1 chunks
2026-09-20 21:03:58,702 - INFO - Successfully processed data\input\B23.1.9.3.txt
2026-09-20 21:03:58,704 - INFO - Processing file: data\input\B23.2.1.1.txt
2026-09-20 21:03:58,714 - INFO - Split into 1 chunks
2026-09-20 21:03:58,747 - INFO - Successfully processed data\input\B23.2.1.1.txt
2026-09-20 21:03:58,748 - INFO - Processing file: data\input\B23.2.1.2.txt
2026-09-20 21:03:58,758 - INFO - Split into 1 chunks
2026-09-20 21:03:58,798 - INFO - Successfully processed data\input\B23.2.1.2.txt
2026-09-20 21:03:58,798 - INFO - Processing file: data\input\B23.2.1.3.txt
2026-09-20 21:03:58,807 - INFO - Split into 1 chunks
2026-09-20 21:03:58,844 - INFO - Successfully processed data\input\B23.2.1.3.txt
2026-09-20 21:03:58,844 - INFO - Processing file: data\input\B23.2.2.txt
2026-09-20 21:03:58,854 - INFO - Split into 1 chunks
2026-09-20 21:03:58,919 - INFO - Successfully processed data\input\B23.2.2.txt
2026-09-20 21:03:58,919 - INFO - Processing file: data\input\B23.2.3.1.txt
2026-09-20 21:03:58,928 - INFO - Split into 1 chunks
2026-09-20 21:03:58,983 - INFO - Successfully processed data\input\B23.2.3.1.txt
2026-09-20 21:03:58,993 - INFO - Processing file: data\input\B23.2.3.3.txt
2026-09-20 21:03:59,012 - INFO - Split into 1 chunks
2026-09-20 21:03:59,060 - INFO - Successfully processed data\input\B23.2.3.3.txt
2026-09-20 21:03:59,061 - INFO - Processing file: data\input\B23.2.4.txt
2026-09-20 21:03:59,075 - INFO - Split into 1 chunks
2026-09-20 21:03:59,125 - INFO - Successfully processed data\input\B23.2.4.txt
2026-09-20 21:03:59,126 - INFO - Processing file: data\input\B23.2.5.1.txt
2026-09-20 21:03:59,137 - INFO - Split into 1 chunks
2026-09-20 21:03:59,179 - INFO - Successfully processed data\input\B23.2.5.1.txt
2026-09-20 21:03:59,180 - INFO - Processing file: data\input\B23.2.5.2.txt
2026-09-20 21:03:59,191 - INFO - Split into 1 chunks
2026-09-20 21:03:59,235 - INFO - Successfully processed data\input\B23.2.5.2.txt
2026-09-20 21:03:59,236 - INFO - Processing file: data\input\B23.2.5.3.txt
2026-09-20 21:03:59,246 - INFO - Split into 1 chunks
2026-09-20 21:03:59,327 - INFO - Successfully processed data\input\B23.2.5.3.txt
2026-09-20 21:03:59,328 - INFO - Processing file: data\input\B23.2.5.4.txt
2026-09-20 21:03:59,340 - INFO - Split into 1 chunks
2026-09-20 21:03:59,371 - INFO - Successfully processed data\input\B23.2.5.4.txt
2026-09-20 21:03:59,372 - INFO - Processing file: data\input\B23.3.1.1.txt
2026-09-20 21:03:59,382 - INFO - Split into 1 chunks
2026-09-20 21:03:59,438 - INFO - Successfully processed data\input\B23.3.1.1.txt
2026-09-20 21:03:59,439 - INFO - Processing file: data\input\B23.3.1.3.txt
2026-09-20 21:03:59,448 - INFO - Split into 1 chunks
2026-09-20 21:03:59,499 - INFO - Successfully processed data\input\B23.3.1.3.txt
2026-09-20 21:03:59,500 - INFO - Processing file: data\input\B23.3.3.10.txt
2026-09-20 21:03:59,512 - INFO - Split into 1 chunks
2026-09-20 21:03:59,580 - INFO - Successfully processed data\input\B23.3.3.10.txt
2026-09-20 21:03:59,580 - INFO - Processing file: data\input\B23.3.3.3.txt
2026-09-20 21:03:59,593 - INFO - Split into 1 chunks
2026-09-20 21:03:59,624 - INFO - Successfully processed data\input\B23.3.3.3.txt
2026-09-20 21:03:59,625 - INFO - Processing file: data\input\B23.3.3.6.txt
2026-09-20 21:03:59,634 - INFO - Split into 1 chunks
2026-09-20 21:03:59,677 - INFO - Successfully processed data\input\B23.3.3.6.txt
2026-09-20 21:03:59,678 - INFO - Processing file: data\input\B23.3.3.7.txt
2026-09-20 21:03:59,691 - INFO - Split into 1 chunks
2026-09-20 21:03:59,740 - INFO - Successfully processed data\input\B23.3.3.7.txt
2026-09-20 21:03:59,740 - INFO - Processing file: data\input\B23.3.3.8.txt
2026-09-20 21:03:59,751 - INFO - Split into 1 chunks
2026-09-20 21:03:59,811 - INFO - Successfully processed data\input\B23.3.3.8.txt
2026-09-20 21:03:59,812 - INFO - Processing file: data\input\B23.3.3.9.txt
2026-09-20 21:03:59,822 - INFO - Split into 1 chunks
2026-09-20 21:03:59,870 - INFO - Successfully processed data\input\B23.3.3.9.txt
2026-09-20 21:03:59,870 - INFO - Processing file: data\input\B23.3.5.1.txt
2026-09-20 21:03:59,881 - INFO - Split into 1 chunks
2026-09-20 21:03:59,927 - INFO - Successfully processed data\input\B23.3.5.1.txt
2026-09-20 21:03:59,928 - INFO - Processing file: data\input\B23.3.6.3.txt
2026-09-20 21:03:59,939 - INFO - Split into 1 chunks
2026-09-20 21:03:59,998 - INFO - Successfully processed data\input\B23.3.6.3.txt
2026-09-20 21:03:59,999 - INFO - Processing file: data\input\B23.3.6.7.txt
2026-09-20 21:04:00,008 - INFO - Split into 1 chunks
2026-09-20 21:04:00,052 - INFO - Successfully processed data\input\B23.3.6.7.txt
2026-09-20 21:04:00,052 - INFO - Processing file: data\input\B23.4.txt
2026-09-20 21:04:00,065 - INFO - Split into 1 chunks
2026-09-20 21:04:00,106 - INFO - Successfully processed data\input\B23.4.txt
2026-09-20 21:04:00,107 - INFO - Processing file: data\input\B24.1.txt
2026-09-20 21:04:00,117 - INFO - Split into 1 chunks
2026-09-20 21:04:00,156 - INFO - Successfully processed data\input\B24.1.txt
2026-09-20 21:04:00,157 - INFO - Processing file: data\input\B24.10.1.txt
2026-09-20 21:04:00,169 - INFO - Split into 1 chunks
2026-09-20 21:04:00,209 - INFO - Successfully processed data\input\B24.10.1.txt
2026-09-20 21:04:00,210 - INFO - Processing file: data\input\B24.10.3.txt
2026-09-20 21:04:00,224 - INFO - Split into 1 chunks
2026-09-20 21:04:00,260 - INFO - Successfully processed data\input\B24.10.3.txt
2026-09-20 21:04:00,260 - INFO - Processing file: data\input\B24.11.txt
2026-09-20 21:04:00,274 - INFO - Split into 1 chunks
2026-09-20 21:04:00,320 - INFO - Successfully processed data\input\B24.11.txt
2026-09-20 21:04:00,321 - INFO - Processing file: data\input\B24.12.1.txt
2026-09-20 21:04:00,333 - INFO - Split into 1 chunks
2026-09-20 21:04:00,392 - INFO - Successfully processed data\input\B24.12.1.txt
2026-09-20 21:04:00,392 - INFO - Processing file: data\input\B24.12.2.txt
2026-09-20 21:04:00,403 - INFO - Split into 1 chunks
2026-09-20 21:04:00,446 - INFO - Successfully processed data\input\B24.12.2.txt
2026-09-20 21:04:00,448 - INFO - Processing file: data\input\B24.15.txt
2026-09-20 21:04:00,459 - INFO - Split into 1 chunks
2026-09-20 21:04:00,496 - INFO - Successfully processed data\input\B24.15.txt
2026-09-20 21:04:00,497 - INFO - Processing file: data\input\B24.16.1.txt
2026-09-20 21:04:00,508 - INFO - Split into 1 chunks
2026-09-20 21:04:00,539 - INFO - Successfully processed data\input\B24.16.1.txt
2026-09-20 21:04:00,539 - INFO - Processing file: data\input\B24.16.2.txt
2026-09-20 21:04:00,547 - INFO - Split into 1 chunks
2026-09-20 21:04:00,577 - INFO - Successfully processed data\input\B24.16.2.txt
2026-09-20 21:04:00,578 - INFO - Processing file: data\input\B24.16.3.txt
2026-09-20 21:04:00,587 - INFO - Split into 1 chunks
2026-09-20 21:04:00,620 - INFO - Successfully processed data\input\B24.16.3.txt
2026-09-20 21:04:00,621 - INFO - Processing file: data\input\B24.19.txt
2026-09-20 21:04:00,633 - INFO - Split into 1 chunks
2026-09-20 21:04:00,669 - INFO - Successfully processed data\input\B24.19.txt
2026-09-20 21:04:00,669 - INFO - Processing file: data\input\B24.21.txt
2026-09-20 21:04:00,680 - INFO - Split into 1 chunks
2026-09-20 21:04:00,735 - INFO - Successfully processed data\input\B24.21.txt
2026-09-20 21:04:00,736 - INFO - Processing file: data\input\B24.25.1.txt
2026-09-20 21:04:00,748 - INFO - Split into 1 chunks
2026-09-20 21:04:00,787 - INFO - Successfully processed data\input\B24.25.1.txt
2026-09-20 21:04:00,787 - INFO - Processing file: data\input\B24.25.2.txt
2026-09-20 21:04:00,795 - INFO - Split into 1 chunks
2026-09-20 21:04:00,829 - INFO - Successfully processed data\input\B24.25.2.txt
2026-09-20 21:04:00,830 - INFO - Processing file: data\input\B24.26.1.txt
2026-09-20 21:04:00,842 - INFO - Split into 1 chunks
2026-09-20 21:04:00,907 - INFO - Successfully processed data\input\B24.26.1.txt
2026-09-20 21:04:00,908 - INFO - Processing file: data\input\B24.26.2.txt
2026-09-20 21:04:00,920 - INFO - Split into 1 chunks
2026-09-20 21:04:00,956 - INFO - Successfully processed data\input\B24.26.2.txt
2026-09-20 21:04:00,956 - INFO - Processing file: data\input\B24.26.3.txt
2026-09-20 21:04:00,967 - INFO - Split into 1 chunks
2026-09-20 21:04:01,034 - INFO - Successfully processed data\input\B24.26.3.txt
2026-09-20 21:04:01,034 - INFO - Processing file: data\input\B24.3.txt
2026-09-20 21:04:01,043 - INFO - Split into 1 chunks
2026-09-20 21:04:01,073 - INFO - Successfully processed data\input\B24.3.txt
2026-09-20 21:04:01,074 - INFO - Processing file: data\input\B24.4.1.txt
2026-09-20 21:04:01,084 - INFO - Split into 1 chunks
2026-09-20 21:04:01,120 - INFO - Successfully processed data\input\B24.4.1.txt
2026-09-20 21:04:01,121 - INFO - Processing file: data\input\B24.8.txt
2026-09-20 21:04:01,132 - INFO - Split into 1 chunks
2026-09-20 21:04:01,170 - INFO - Successfully processed data\input\B24.8.txt
2026-09-20 21:04:01,171 - INFO - Processing file: data\input\B24.9.1.txt
2026-09-20 21:04:01,185 - INFO - Split into 1 chunks
2026-09-20 21:04:01,221 - INFO - Successfully processed data\input\B24.9.1.txt
2026-09-20 21:04:01,222 - INFO - Processing file: data\input\B24.9.txt
2026-09-20 21:04:01,234 - INFO - Split into 1 chunks
2026-09-20 21:04:01,309 - INFO - Successfully processed data\input\B24.9.txt
2026-09-20 21:04:01,310 - INFO - Processing file: data\input\B25.1.1.txt
2026-09-20 21:04:01,319 - INFO - Split into 1 chunks
2026-09-20 21:04:01,354 - INFO - Successfully processed data\input\B25.1.1.txt
2026-09-20 21:04:01,355 - INFO - Processing file: data\input\B25.1.3.txt
2026-09-20 21:04:01,370 - INFO - Split into 1 chunks
2026-09-20 21:04:01,405 - INFO - Successfully processed data\input\B25.1.3.txt
2026-09-20 21:04:01,406 - INFO - Processing file: data\input\B25.1.4.txt
2026-09-20 21:04:01,415 - INFO - Split into 1 chunks
2026-09-20 21:04:01,455 - INFO - Successfully processed data\input\B25.1.4.txt
2026-09-20 21:04:01,455 - INFO - Processing file: data\input\B25.1.5.txt
2026-09-20 21:04:01,466 - INFO - Split into 1 chunks
2026-09-20 21:04:01,499 - INFO - Successfully processed data\input\B25.1.5.txt
2026-09-20 21:04:01,500 - INFO - Processing file: data\input\B25.2.2.txt
2026-09-20 21:04:01,511 - INFO - Split into 1 chunks
2026-09-20 21:04:01,544 - INFO - Successfully processed data\input\B25.2.2.txt
2026-09-20 21:04:01,545 - INFO - Processing file: data\input\B25.4.1.txt
2026-09-20 21:04:01,555 - INFO - Split into 1 chunks
2026-09-20 21:04:01,587 - INFO - Successfully processed data\input\B25.4.1.txt
2026-09-20 21:04:01,588 - INFO - Processing file: data\input\B25.4.2.txt
2026-09-20 21:04:01,597 - INFO - Split into 1 chunks
2026-09-20 21:04:01,640 - INFO - Successfully processed data\input\B25.4.2.txt
2026-09-20 21:04:01,641 - INFO - Processing file: data\input\B25.4.3.txt
2026-09-20 21:04:01,651 - INFO - Split into 1 chunks
2026-09-20 21:04:01,686 - INFO - Successfully processed data\input\B25.4.3.txt
2026-09-20 21:04:01,687 - INFO - Processing file: data\input\B26.1.1.txt
2026-09-20 21:04:01,698 - INFO - Split into 1 chunks
2026-09-20 21:04:01,729 - INFO - Successfully processed data\input\B26.1.1.txt
2026-09-20 21:04:01,729 - INFO - Processing file: data\input\B26.1.2.txt
2026-09-20 21:04:01,740 - INFO - Split into 1 chunks
2026-09-20 21:04:01,774 - INFO - Successfully processed data\input\B26.1.2.txt
2026-09-20 21:04:01,775 - INFO - Processing file: data\input\B26.2.1.txt
2026-09-20 21:04:01,785 - INFO - Split into 1 chunks
2026-09-20 21:04:01,817 - INFO - Successfully processed data\input\B26.2.1.txt
2026-09-20 21:04:01,818 - INFO - Processing file: data\input\B26.2.2.txt
2026-09-20 21:04:01,827 - INFO - Split into 1 chunks
2026-09-20 21:04:01,860 - INFO - Successfully processed data\input\B26.2.2.txt
2026-09-20 21:04:01,860 - INFO - Processing file: data\input\B27.1.txt
2026-09-20 21:04:01,872 - INFO - Split into 1 chunks
2026-09-20 21:04:01,913 - INFO - Successfully processed data\input\B27.1.txt
2026-09-20 21:04:01,913 - INFO - Processing file: data\input\B27.2.1.txt
2026-09-20 21:04:01,921 - INFO - Split into 1 chunks
2026-09-20 21:04:01,952 - INFO - Successfully processed data\input\B27.2.1.txt
2026-09-20 21:04:01,953 - INFO - Processing file: data\input\B27.2.2.txt
2026-09-20 21:04:01,962 - INFO - Split into 1 chunks
2026-09-20 21:04:01,997 - INFO - Successfully processed data\input\B27.2.2.txt
2026-09-20 21:04:01,998 - INFO - Processing file: data\input\B27.2.3.txt
2026-09-20 21:04:02,008 - INFO - Split into 1 chunks
2026-09-20 21:04:02,044 - INFO - Successfully processed data\input\B27.2.3.txt
2026-09-20 21:04:02,046 - INFO - Processing file: data\input\B27.2.4.txt
2026-09-20 21:04:02,061 - INFO - Split into 1 chunks
2026-09-20 21:04:02,111 - INFO - Successfully processed data\input\B27.2.4.txt
2026-09-20 21:04:02,113 - INFO - Processing file: data\input\B27.2.5.txt
2026-09-20 21:04:02,119 - INFO - Split into 1 chunks
2026-09-20 21:04:02,163 - INFO - Successfully processed data\input\B27.2.5.txt
2026-09-20 21:04:02,164 - INFO - Processing file: data\input\B27.2.7.txt
2026-09-20 21:04:02,178 - INFO - Split into 1 chunks
2026-09-20 21:04:02,214 - INFO - Successfully processed data\input\B27.2.7.txt
2026-09-20 21:04:02,214 - INFO - Processing file: data\input\B27.2.8.txt
2026-09-20 21:04:02,224 - INFO - Split into 1 chunks
2026-09-20 21:04:02,264 - INFO - Successfully processed data\input\B27.2.8.txt
2026-09-20 21:04:02,264 - INFO - Processing file: data\input\B27.2.9.1.txt
2026-09-20 21:04:02,275 - INFO - Split into 1 chunks
2026-09-20 21:04:02,311 - INFO - Successfully processed data\input\B27.2.9.1.txt
2026-09-20 21:04:02,312 - INFO - Processing file: data\input\B27.2.9.txt
2026-09-20 21:04:02,320 - INFO - Split into 1 chunks
2026-09-20 21:04:02,356 - INFO - Successfully processed data\input\B27.2.9.txt
2026-09-20 21:04:02,356 - INFO - Processing file: data\input\B27.3.1.txt
2026-09-20 21:04:02,366 - INFO - Split into 1 chunks
2026-09-20 21:04:02,404 - INFO - Successfully processed data\input\B27.3.1.txt
2026-09-20 21:04:02,404 - INFO - Processing file: data\input\B27.3.11.txt
2026-09-20 21:04:02,415 - INFO - Split into 1 chunks
2026-09-20 21:04:02,455 - INFO - Successfully processed data\input\B27.3.11.txt
2026-09-20 21:04:02,455 - INFO - Processing file: data\input\B27.3.12.txt
2026-09-20 21:04:02,462 - INFO - Split into 1 chunks
2026-09-20 21:04:02,503 - INFO - Successfully processed data\input\B27.3.12.txt
2026-09-20 21:04:02,503 - INFO - Processing file: data\input\B27.3.13.txt
2026-09-20 21:04:02,514 - INFO - Split into 1 chunks
2026-09-20 21:04:02,545 - INFO - Successfully processed data\input\B27.3.13.txt
2026-09-20 21:04:02,545 - INFO - Processing file: data\input\B27.3.14.txt
2026-09-20 21:04:02,555 - INFO - Split into 1 chunks
2026-09-20 21:04:02,591 - INFO - Successfully processed data\input\B27.3.14.txt
2026-09-20 21:04:02,591 - INFO - Processing file: data\input\B27.3.15.2.2.txt
2026-09-20 21:04:02,600 - INFO - Split into 1 chunks
2026-09-20 21:04:02,633 - INFO - Successfully processed data\input\B27.3.15.2.2.txt
2026-09-20 21:04:02,634 - INFO - Processing file: data\input\B27.3.15.2.3.txt
2026-09-20 21:04:02,644 - INFO - Split into 1 chunks
2026-09-20 21:04:02,686 - INFO - Successfully processed data\input\B27.3.15.2.3.txt
2026-09-20 21:04:02,687 - INFO - Processing file: data\input\B27.3.15.2.4.txt
2026-09-20 21:04:02,701 - INFO - Split into 1 chunks
2026-09-20 21:04:02,764 - INFO - Successfully processed data\input\B27.3.15.2.4.txt
2026-09-20 21:04:02,765 - INFO - Processing file: data\input\B27.3.16.txt
2026-09-20 21:04:02,777 - INFO - Split into 1 chunks
2026-09-20 21:04:02,809 - INFO - Successfully processed data\input\B27.3.16.txt
2026-09-20 21:04:02,809 - INFO - Processing file: data\input\B27.3.17.txt
2026-09-20 21:04:02,821 - INFO - Split into 1 chunks
2026-09-20 21:04:02,865 - INFO - Successfully processed data\input\B27.3.17.txt
2026-09-20 21:04:02,866 - INFO - Processing file: data\input\B27.3.18.txt
2026-09-20 21:04:02,878 - INFO - Split into 1 chunks
2026-09-20 21:04:02,913 - INFO - Successfully processed data\input\B27.3.18.txt
2026-09-20 21:04:02,913 - INFO - Processing file: data\input\B27.3.2.txt
2026-09-20 21:04:02,922 - INFO - Split into 1 chunks
2026-09-20 21:04:02,955 - INFO - Successfully processed data\input\B27.3.2.txt
2026-09-20 21:04:02,955 - INFO - Processing file: data\input\B27.3.20.txt
2026-09-20 21:04:02,965 - INFO - Split into 1 chunks
2026-09-20 21:04:02,998 - INFO - Successfully processed data\input\B27.3.20.txt
2026-09-20 21:04:02,999 - INFO - Processing file: data\input\B27.3.22.txt
2026-09-20 21:04:03,010 - INFO - Split into 1 chunks
2026-09-20 21:04:03,047 - INFO - Successfully processed data\input\B27.3.22.txt
2026-09-20 21:04:03,047 - INFO - Processing file: data\input\B27.3.23.txt
2026-09-20 21:04:03,056 - INFO - Split into 1 chunks
2026-09-20 21:04:03,089 - INFO - Successfully processed data\input\B27.3.23.txt
2026-09-20 21:04:03,090 - INFO - Processing file: data\input\B27.3.25.txt
2026-09-20 21:04:03,098 - INFO - Split into 1 chunks
2026-09-20 21:04:03,141 - INFO - Successfully processed data\input\B27.3.25.txt
2026-09-20 21:04:03,142 - INFO - Processing file: data\input\B27.3.26.txt
2026-09-20 21:04:03,149 - INFO - Split into 1 chunks
2026-09-20 21:04:03,185 - INFO - Successfully processed data\input\B27.3.26.txt
2026-09-20 21:04:03,186 - INFO - Processing file: data\input\B27.3.27.txt
2026-09-20 21:04:03,196 - INFO - Split into 1 chunks
2026-09-20 21:04:03,230 - INFO - Successfully processed data\input\B27.3.27.txt
2026-09-20 21:04:03,231 - INFO - Processing file: data\input\B27.3.28.txt
2026-09-20 21:04:03,239 - INFO - Split into 1 chunks
2026-09-20 21:04:03,272 - INFO - Successfully processed data\input\B27.3.28.txt
2026-09-20 21:04:03,272 - INFO - Processing file: data\input\B27.3.29.txt
2026-09-20 21:04:03,280 - INFO - Split into 1 chunks
2026-09-20 21:04:03,315 - INFO - Successfully processed data\input\B27.3.29.txt
2026-09-20 21:04:03,316 - INFO - Processing file: data\input\B27.3.30.txt
2026-09-20 21:04:03,327 - INFO - Split into 1 chunks
2026-09-20 21:04:03,357 - INFO - Successfully processed data\input\B27.3.30.txt
2026-09-20 21:04:03,358 - INFO - Processing file: data\input\B27.3.31.txt
2026-09-20 21:04:03,365 - INFO - Split into 1 chunks
2026-09-20 21:04:03,402 - INFO - Successfully processed data\input\B27.3.31.txt
2026-09-20 21:04:03,403 - INFO - Processing file: data\input\B27.3.33.txt
2026-09-20 21:04:03,411 - INFO - Split into 1 chunks
2026-09-20 21:04:03,444 - INFO - Successfully processed data\input\B27.3.33.txt
2026-09-20 21:04:03,445 - INFO - Processing file: data\input\B27.3.35.txt
2026-09-20 21:04:03,453 - INFO - Split into 1 chunks
2026-09-20 21:04:03,483 - INFO - Successfully processed data\input\B27.3.35.txt
2026-09-20 21:04:03,484 - INFO - Processing file: data\input\B27.3.37.txt
2026-09-20 21:04:03,495 - INFO - Split into 1 chunks
2026-09-20 21:04:03,526 - INFO - Successfully processed data\input\B27.3.37.txt
2026-09-20 21:04:03,527 - INFO - Processing file: data\input\B27.3.38.txt
2026-09-20 21:04:03,535 - INFO - Split into 1 chunks
2026-09-20 21:04:03,563 - INFO - Successfully processed data\input\B27.3.38.txt
2026-09-20 21:04:03,564 - INFO - Processing file: data\input\B27.3.39.txt
2026-09-20 21:04:03,574 - INFO - Split into 1 chunks
2026-09-20 21:04:03,607 - INFO - Successfully processed data\input\B27.3.39.txt
2026-09-20 21:04:03,607 - INFO - Processing file: data\input\B27.3.4.txt
2026-09-20 21:04:03,618 - INFO - Split into 1 chunks
2026-09-20 21:04:03,670 - INFO - Successfully processed data\input\B27.3.4.txt
2026-09-20 21:04:03,671 - INFO - Processing file: data\input\B27.3.42.txt
2026-09-20 21:04:03,683 - INFO - Split into 1 chunks
2026-09-20 21:04:03,724 - INFO - Successfully processed data\input\B27.3.42.txt
2026-09-20 21:04:03,725 - INFO - Processing file: data\input\B27.3.43.1.txt
2026-09-20 21:04:03,735 - INFO - Split into 1 chunks
2026-09-20 21:04:03,771 - INFO - Successfully processed data\input\B27.3.43.1.txt
2026-09-20 21:04:03,771 - INFO - Processing file: data\input\B27.3.43.2.txt
2026-09-20 21:04:03,781 - INFO - Split into 1 chunks
2026-09-20 21:04:03,817 - INFO - Successfully processed data\input\B27.3.43.2.txt
2026-09-20 21:04:03,818 - INFO - Processing file: data\input\B27.3.43.3.txt
2026-09-20 21:04:03,827 - INFO - Split into 1 chunks
2026-09-20 21:04:03,860 - INFO - Successfully processed data\input\B27.3.43.3.txt
2026-09-20 21:04:03,860 - INFO - Processing file: data\input\B27.3.5.txt
2026-09-20 21:04:03,870 - INFO - Split into 1 chunks
2026-09-20 21:04:03,913 - INFO - Successfully processed data\input\B27.3.5.txt
2026-09-20 21:04:03,913 - INFO - Processing file: data\input\B27.3.6.txt
2026-09-20 21:04:03,922 - INFO - Split into 1 chunks
2026-09-20 21:04:03,958 - INFO - Successfully processed data\input\B27.3.6.txt
2026-09-20 21:04:03,958 - INFO - Processing file: data\input\B27.3.8.txt
2026-09-20 21:04:03,968 - INFO - Split into 1 chunks
2026-09-20 21:04:04,001 - INFO - Successfully processed data\input\B27.3.8.txt
2026-09-20 21:04:04,001 - INFO - Processing file: data\input\B27.3.9.txt
2026-09-20 21:04:04,009 - INFO - Split into 1 chunks
2026-09-20 21:04:04,045 - INFO - Successfully processed data\input\B27.3.9.txt
2026-09-20 21:04:04,045 - INFO - Processing file: data\input\B28.1.1.txt
2026-09-20 21:04:04,054 - INFO - Split into 1 chunks
2026-09-20 21:04:04,085 - INFO - Successfully processed data\input\B28.1.1.txt
2026-09-20 21:04:04,086 - INFO - Processing file: data\input\B28.1.2.txt
2026-09-20 21:04:04,097 - INFO - Split into 1 chunks
2026-09-20 21:04:04,139 - INFO - Successfully processed data\input\B28.1.2.txt
2026-09-20 21:04:04,140 - INFO - Processing file: data\input\B28.2.txt
2026-09-20 21:04:04,153 - INFO - Split into 1 chunks
2026-09-20 21:04:04,190 - INFO - Successfully processed data\input\B28.2.txt
2026-09-20 21:04:04,192 - INFO - Processing file: data\input\B28.4.txt
2026-09-20 21:04:04,204 - INFO - Split into 1 chunks
2026-09-20 21:04:04,238 - INFO - Successfully processed data\input\B28.4.txt
2026-09-20 21:04:04,239 - INFO - Processing file: data\input\B28.5.txt
2026-09-20 21:04:04,247 - INFO - Split into 1 chunks
2026-09-20 21:04:04,280 - INFO - Successfully processed data\input\B28.5.txt
2026-09-20 21:04:04,280 - INFO - Processing file: data\input\B28.6.txt
2026-09-20 21:04:04,288 - INFO - Split into 1 chunks
2026-09-20 21:04:04,323 - INFO - Successfully processed data\input\B28.6.txt
2026-09-20 21:04:04,324 - INFO - Processing file: data\input\B28.7.txt
2026-09-20 21:04:04,333 - INFO - Split into 1 chunks
2026-09-20 21:04:04,369 - INFO - Successfully processed data\input\B28.7.txt
2026-09-20 21:04:04,370 - INFO - Processing file: data\input\B28.8.txt
2026-09-20 21:04:04,380 - INFO - Split into 1 chunks
2026-09-20 21:04:04,426 - INFO - Successfully processed data\input\B28.8.txt
2026-09-20 21:04:04,426 - INFO - Processing file: data\input\B3.3.15.txt
2026-09-20 21:04:04,436 - INFO - Split into 1 chunks
2026-09-20 21:04:04,477 - INFO - Successfully processed data\input\B3.3.15.txt
2026-09-20 21:04:04,478 - INFO - Processing file: data\input\B3.3.2.txt
2026-09-20 21:04:04,488 - INFO - Split into 1 chunks
2026-09-20 21:04:04,535 - INFO - Successfully processed data\input\B3.3.2.txt
2026-09-20 21:04:04,536 - INFO - Processing file: data\input\B3.3.31.txt
2026-09-20 21:04:04,545 - INFO - Split into 1 chunks
2026-09-20 21:04:04,594 - INFO - Successfully processed data\input\B3.3.31.txt
2026-09-20 21:04:04,595 - INFO - Processing file: data\input\B3.3.33.txt
2026-09-20 21:04:04,605 - INFO - Split into 1 chunks
2026-09-20 21:04:04,635 - INFO - Successfully processed data\input\B3.3.33.txt
2026-09-20 21:04:04,636 - INFO - Processing file: data\input\B3.4.14.txt
2026-09-20 21:04:04,645 - INFO - Split into 1 chunks
2026-09-20 21:04:04,686 - INFO - Successfully processed data\input\B3.4.14.txt
2026-09-20 21:04:04,687 - INFO - Processing file: data\input\B3.4.22.txt
2026-09-20 21:04:04,698 - INFO - Split into 1 chunks
2026-09-20 21:04:04,774 - INFO - Successfully processed data\input\B3.4.22.txt
2026-09-20 21:04:04,775 - INFO - Processing file: data\input\B3.4.23.txt
2026-09-20 21:04:04,784 - INFO - Split into 1 chunks
2026-09-20 21:04:04,816 - INFO - Successfully processed data\input\B3.4.23.txt
2026-09-20 21:04:04,816 - INFO - Processing file: data\input\B3.4.24.txt
2026-09-20 21:04:04,826 - INFO - Split into 1 chunks
2026-09-20 21:04:04,883 - INFO - Successfully processed data\input\B3.4.24.txt
2026-09-20 21:04:04,884 - INFO - Processing file: data\input\B3.4.28.txt
2026-09-20 21:04:04,896 - INFO - Split into 1 chunks
2026-09-20 21:04:04,962 - INFO - Successfully processed data\input\B3.4.28.txt
2026-09-20 21:04:04,963 - INFO - Processing file: data\input\B3.4.30.txt
2026-09-20 21:04:04,979 - INFO - Split into 1 chunks
2026-09-20 21:04:05,028 - INFO - Successfully processed data\input\B3.4.30.txt
2026-09-20 21:04:05,030 - INFO - Processing file: data\input\B3.4.33.txt
2026-09-20 21:04:05,039 - INFO - Split into 1 chunks
2026-09-20 21:04:05,070 - INFO - Successfully processed data\input\B3.4.33.txt
2026-09-20 21:04:05,071 - INFO - Processing file: data\input\B3.4.41.txt
2026-09-20 21:04:05,081 - INFO - Split into 1 chunks
2026-09-20 21:04:05,147 - INFO - Successfully processed data\input\B3.4.41.txt
2026-09-20 21:04:05,148 - INFO - Processing file: data\input\B3.4.42.txt
2026-09-20 21:04:05,160 - INFO - Split into 1 chunks
2026-09-20 21:04:05,219 - INFO - Successfully processed data\input\B3.4.42.txt
2026-09-20 21:04:05,220 - INFO - Processing file: data\input\B3.4.43.txt
2026-09-20 21:04:05,232 - INFO - Split into 1 chunks
2026-09-20 21:04:05,280 - INFO - Successfully processed data\input\B3.4.43.txt
2026-09-20 21:04:05,280 - INFO - Processing file: data\input\B3.4.49.txt
2026-09-20 21:04:05,291 - INFO - Split into 1 chunks
2026-09-20 21:04:05,348 - INFO - Successfully processed data\input\B3.4.49.txt
2026-09-20 21:04:05,348 - INFO - Processing file: data\input\B3.4.50.txt
2026-09-20 21:04:05,358 - INFO - Split into 1 chunks
2026-09-20 21:04:05,434 - INFO - Successfully processed data\input\B3.4.50.txt
2026-09-20 21:04:05,435 - INFO - Processing file: data\input\B3.4.57.txt
2026-09-20 21:04:05,444 - INFO - Split into 1 chunks
2026-09-20 21:04:05,486 - INFO - Successfully processed data\input\B3.4.57.txt
2026-09-20 21:04:05,487 - INFO - Processing file: data\input\B3.4.59.txt
2026-09-20 21:04:05,498 - INFO - Split into 1 chunks
2026-09-20 21:04:05,544 - INFO - Successfully processed data\input\B3.4.59.txt
2026-09-20 21:04:05,544 - INFO - Processing file: data\input\B3.5.12.txt
2026-09-20 21:04:05,553 - INFO - Split into 1 chunks
2026-09-20 21:04:05,582 - INFO - Successfully processed data\input\B3.5.12.txt
2026-09-20 21:04:05,583 - INFO - Processing file: data\input\B3.5.14.1.txt
2026-09-20 21:04:05,591 - INFO - Split into 1 chunks
2026-09-20 21:04:05,631 - INFO - Successfully processed data\input\B3.5.14.1.txt
2026-09-20 21:04:05,632 - INFO - Processing file: data\input\B3.5.6.txt
2026-09-20 21:04:05,640 - INFO - Split into 1 chunks
2026-09-20 21:04:05,672 - INFO - Successfully processed data\input\B3.5.6.txt
2026-09-20 21:04:05,673 - INFO - Processing file: data\input\B3.5.9.txt
2026-09-20 21:04:05,682 - INFO - Split into 1 chunks
2026-09-20 21:04:05,740 - INFO - Successfully processed data\input\B3.5.9.txt
2026-09-20 21:04:05,741 - INFO - Processing file: data\input\B6.3.txt
2026-09-20 21:04:05,751 - INFO - Split into 1 chunks
2026-09-20 21:04:05,785 - INFO - Successfully processed data\input\B6.3.txt
2026-09-20 21:04:05,787 - INFO - Processing file: data\input\B7.2.txt
2026-09-20 21:04:05,797 - INFO - Split into 1 chunks
2026-09-20 21:04:05,835 - INFO - Successfully processed data\input\B7.2.txt
2026-09-20 21:04:05,835 - INFO - Processing file: data\input\B7.3.txt
2026-09-20 21:04:05,846 - INFO - Split into 1 chunks
2026-09-20 21:04:05,879 - INFO - Successfully processed data\input\B7.3.txt
2026-09-20 21:04:05,880 - INFO - Processing file: data\input\B7.4.txt
2026-09-20 21:04:05,888 - INFO - Split into 1 chunks
2026-09-20 21:04:05,919 - INFO - Successfully processed data\input\B7.4.txt
2026-09-20 21:04:05,919 - INFO - Processing file: data\input\B8.3.txt
2026-09-20 21:04:05,930 - INFO - Split into 1 chunks
2026-09-20 21:04:05,968 - INFO - Successfully processed data\input\B8.3.txt
2026-09-20 21:04:05,968 - INFO - Processing file: data\input\B8.4.1.1.txt
2026-09-20 21:04:05,977 - INFO - Split into 1 chunks
2026-09-20 21:04:06,016 - INFO - Successfully processed data\input\B8.4.1.1.txt
2026-09-20 21:04:06,016 - INFO - Processing file: data\input\B8.4.1.2.1.txt
2026-09-20 21:04:06,027 - INFO - Split into 1 chunks
2026-09-20 21:04:06,062 - INFO - Successfully processed data\input\B8.4.1.2.1.txt
2026-09-20 21:04:06,063 - INFO - Processing file: data\input\B8.4.1.2.txt
2026-09-20 21:04:06,075 - INFO - Split into 1 chunks
2026-09-20 21:04:06,129 - INFO - Successfully processed data\input\B8.4.1.2.txt
2026-09-20 21:04:06,130 - INFO - Processing file: data\input\B8.5.7.txt
2026-09-20 21:04:06,140 - INFO - Split into 1 chunks
2026-09-20 21:04:06,210 - INFO - Successfully processed data\input\B8.5.7.txt
2026-09-20 21:04:06,210 - INFO - Processing file: data\input\B9.4.1.txt
2026-09-20 21:04:06,222 - INFO - Split into 1 chunks
2026-09-20 21:04:06,293 - INFO - Successfully processed data\input\B9.4.1.txt
2026-09-20 21:04:06,293 - INFO - Processing file: data\input\B9.8.txt
2026-09-20 21:04:06,304 - INFO - Split into 1 chunks
2026-09-20 21:04:06,338 - INFO - Successfully processed data\input\B9.8.txt
2026-09-20 21:04:06,339 - INFO - Processing file: data\input\C100.txt
2026-09-20 21:04:06,347 - INFO - Split into 1 chunks
2026-09-20 21:04:06,378 - INFO - Successfully processed data\input\C100.txt
2026-09-20 21:04:06,378 - INFO - Processing file: data\input\C101.txt
2026-09-20 21:04:06,387 - INFO - Split into 1 chunks
2026-09-20 21:04:06,425 - INFO - Successfully processed data\input\C101.txt
2026-09-20 21:04:06,425 - INFO - Processing file: data\input\C102.txt
2026-09-20 21:04:06,436 - INFO - Split into 1 chunks
2026-09-20 21:04:06,476 - INFO - Successfully processed data\input\C102.txt
2026-09-20 21:04:06,477 - INFO - Processing file: data\input\C13.2.txt
2026-09-20 21:04:06,488 - INFO - Split into 1 chunks
2026-09-20 21:04:06,530 - INFO - Successfully processed data\input\C13.2.txt
2026-09-20 21:04:06,530 - INFO - Processing file: data\input\C14.txt
2026-09-20 21:04:06,543 - INFO - Split into 1 chunks
2026-09-20 21:04:06,590 - INFO - Successfully processed data\input\C14.txt
2026-09-20 21:04:06,590 - INFO - Processing file: data\input\C16.4.txt
2026-09-20 21:04:06,601 - INFO - Split into 1 chunks
2026-09-20 21:04:06,649 - INFO - Successfully processed data\input\C16.4.txt
2026-09-20 21:04:06,650 - INFO - Processing file: data\input\C17.txt
2026-09-20 21:04:06,659 - INFO - Split into 1 chunks
2026-09-20 21:04:06,690 - INFO - Successfully processed data\input\C17.txt
2026-09-20 21:04:06,690 - INFO - Processing file: data\input\C19.txt
2026-09-20 21:04:06,703 - INFO - Split into 1 chunks
2026-09-20 21:04:06,782 - INFO - Successfully processed data\input\C19.txt
2026-09-20 21:04:06,783 - INFO - Processing file: data\input\C21.4.txt
2026-09-20 21:04:06,791 - INFO - Split into 1 chunks
2026-09-20 21:04:06,826 - INFO - Successfully processed data\input\C21.4.txt
2026-09-20 21:04:06,827 - INFO - Processing file: data\input\C21.6.txt
2026-09-20 21:04:06,838 - INFO - Split into 1 chunks
2026-09-20 21:04:06,878 - INFO - Successfully processed data\input\C21.6.txt
2026-09-20 21:04:06,879 - INFO - Processing file: data\input\C21.7.txt
2026-09-20 21:04:06,888 - INFO - Split into 1 chunks
2026-09-20 21:04:06,919 - INFO - Successfully processed data\input\C21.7.txt
2026-09-20 21:04:06,920 - INFO - Processing file: data\input\C23.2.txt
2026-09-20 21:04:06,930 - INFO - Split into 1 chunks
2026-09-20 21:04:06,964 - INFO - Successfully processed data\input\C23.2.txt
2026-09-20 21:04:06,965 - INFO - Processing file: data\input\C23.3.txt
2026-09-20 21:04:06,974 - INFO - Split into 1 chunks
2026-09-20 21:04:07,008 - INFO - Successfully processed data\input\C23.3.txt
2026-09-20 21:04:07,009 - INFO - Processing file: data\input\C29.txt
2026-09-20 21:04:07,021 - INFO - Split into 1 chunks
2026-09-20 21:04:07,072 - INFO - Successfully processed data\input\C29.txt
2026-09-20 21:04:07,073 - INFO - Processing file: data\input\C30.txt
2026-09-20 21:04:07,082 - INFO - Split into 1 chunks
2026-09-20 21:04:07,122 - INFO - Successfully processed data\input\C30.txt
2026-09-20 21:04:07,122 - INFO - Processing file: data\input\C31.12.txt
2026-09-20 21:04:07,132 - INFO - Split into 1 chunks
2026-09-20 21:04:07,177 - INFO - Successfully processed data\input\C31.12.txt
2026-09-20 21:04:07,178 - INFO - Processing file: data\input\C31.13.1.1.txt
2026-09-20 21:04:07,188 - INFO - Split into 1 chunks
2026-09-20 21:04:07,222 - INFO - Successfully processed data\input\C31.13.1.1.txt
2026-09-20 21:04:07,222 - INFO - Processing file: data\input\C31.13.2.txt
2026-09-20 21:04:07,233 - INFO - Split into 1 chunks
2026-09-20 21:04:07,271 - INFO - Successfully processed data\input\C31.13.2.txt
2026-09-20 21:04:07,272 - INFO - Processing file: data\input\C31.2.1.txt
2026-09-20 21:04:07,282 - INFO - Split into 1 chunks
2026-09-20 21:04:07,316 - INFO - Successfully processed data\input\C31.2.1.txt
2026-09-20 21:04:07,317 - INFO - Processing file: data\input\C31.2.7.txt
2026-09-20 21:04:07,327 - INFO - Split into 1 chunks
2026-09-20 21:04:07,363 - INFO - Successfully processed data\input\C31.2.7.txt
2026-09-20 21:04:07,363 - INFO - Processing file: data\input\C31.3.2.txt
2026-09-20 21:04:07,374 - INFO - Split into 1 chunks
2026-09-20 21:04:07,413 - INFO - Successfully processed data\input\C31.3.2.txt
2026-09-20 21:04:07,414 - INFO - Processing file: data\input\C31.5.txt
2026-09-20 21:04:07,422 - INFO - Split into 1 chunks
2026-09-20 21:04:07,452 - INFO - Successfully processed data\input\C31.5.txt
2026-09-20 21:04:07,453 - INFO - Processing file: data\input\C31.7.2.txt
2026-09-20 21:04:07,463 - INFO - Split into 1 chunks
2026-09-20 21:04:07,494 - INFO - Successfully processed data\input\C31.7.2.txt
2026-09-20 21:04:07,495 - INFO - Processing file: data\input\C31.7.4.txt
2026-09-20 21:04:07,503 - INFO - Split into 1 chunks
2026-09-20 21:04:07,535 - INFO - Successfully processed data\input\C31.7.4.txt
2026-09-20 21:04:07,536 - INFO - Processing file: data\input\C32.1.txt
2026-09-20 21:04:07,545 - INFO - Split into 1 chunks
2026-09-20 21:04:07,578 - INFO - Successfully processed data\input\C32.1.txt
2026-09-20 21:04:07,578 - INFO - Processing file: data\input\C32.2.1.txt
2026-09-20 21:04:07,588 - INFO - Split into 1 chunks
2026-09-20 21:04:07,639 - INFO - Successfully processed data\input\C32.2.1.txt
2026-09-20 21:04:07,640 - INFO - Processing file: data\input\C32.3.1.txt
2026-09-20 21:04:07,648 - INFO - Split into 1 chunks
2026-09-20 21:04:07,677 - INFO - Successfully processed data\input\C32.3.1.txt
2026-09-20 21:04:07,679 - INFO - Processing file: data\input\C32.3.2.txt
2026-09-20 21:04:07,688 - INFO - Split into 1 chunks
2026-09-20 21:04:07,725 - INFO - Successfully processed data\input\C32.3.2.txt
2026-09-20 21:04:07,725 - INFO - Processing file: data\input\C32.4.1.txt
2026-09-20 21:04:07,735 - INFO - Split into 1 chunks
2026-09-20 21:04:07,776 - INFO - Successfully processed data\input\C32.4.1.txt
2026-09-20 21:04:07,776 - INFO - Processing file: data\input\C32.4.2.txt
2026-09-20 21:04:07,787 - INFO - Split into 1 chunks
2026-09-20 21:04:07,827 - INFO - Successfully processed data\input\C32.4.2.txt
2026-09-20 21:04:07,827 - INFO - Processing file: data\input\C32.5.2.txt
2026-09-20 21:04:07,838 - INFO - Split into 1 chunks
2026-09-20 21:04:07,874 - INFO - Successfully processed data\input\C32.5.2.txt
2026-09-20 21:04:07,874 - INFO - Processing file: data\input\C33.4.txt
2026-09-20 21:04:07,883 - INFO - Split into 1 chunks
2026-09-20 21:04:07,916 - INFO - Successfully processed data\input\C33.4.txt
2026-09-20 21:04:07,916 - INFO - Processing file: data\input\C34.txt
2026-09-20 21:04:07,924 - INFO - Split into 1 chunks
2026-09-20 21:04:07,960 - INFO - Successfully processed data\input\C34.txt
2026-09-20 21:04:07,960 - INFO - Processing file: data\input\C35.txt
2026-09-20 21:04:07,971 - INFO - Split into 1 chunks
2026-09-20 21:04:08,008 - INFO - Successfully processed data\input\C35.txt
2026-09-20 21:04:08,008 - INFO - Processing file: data\input\C37.txt
2026-09-20 21:04:08,018 - INFO - Split into 1 chunks
2026-09-20 21:04:08,051 - INFO - Successfully processed data\input\C37.txt
2026-09-20 21:04:08,051 - INFO - Processing file: data\input\C38.txt
2026-09-20 21:04:08,063 - INFO - Split into 1 chunks
2026-09-20 21:04:08,116 - INFO - Successfully processed data\input\C38.txt
2026-09-20 21:04:08,117 - INFO - Processing file: data\input\C39.1.txt
2026-09-20 21:04:08,133 - INFO - Split into 1 chunks
2026-09-20 21:04:08,184 - INFO - Successfully processed data\input\C39.1.txt
2026-09-20 21:04:08,185 - INFO - Processing file: data\input\C39.2.txt
2026-09-20 21:04:08,194 - INFO - Split into 1 chunks
2026-09-20 21:04:08,226 - INFO - Successfully processed data\input\C39.2.txt
2026-09-20 21:04:08,227 - INFO - Processing file: data\input\C42.txt
2026-09-20 21:04:08,236 - INFO - Split into 1 chunks
2026-09-20 21:04:08,281 - INFO - Successfully processed data\input\C42.txt
2026-09-20 21:04:08,282 - INFO - Processing file: data\input\C43.txt
2026-09-20 21:04:08,290 - INFO - Split into 1 chunks
2026-09-20 21:04:08,328 - INFO - Successfully processed data\input\C43.txt
2026-09-20 21:04:08,328 - INFO - Processing file: data\input\C44.1.txt
2026-09-20 21:04:08,338 - INFO - Split into 1 chunks
2026-09-20 21:04:08,390 - INFO - Successfully processed data\input\C44.1.txt
2026-09-20 21:04:08,391 - INFO - Processing file: data\input\C45.1.1.txt
2026-09-20 21:04:08,403 - INFO - Split into 1 chunks
2026-09-20 21:04:08,443 - INFO - Successfully processed data\input\C45.1.1.txt
2026-09-20 21:04:08,444 - INFO - Processing file: data\input\C45.2.txt
2026-09-20 21:04:08,461 - INFO - Split into 1 chunks
2026-09-20 21:04:08,493 - INFO - Successfully processed data\input\C45.2.txt
2026-09-20 21:04:08,494 - INFO - Processing file: data\input\C45.3.txt
2026-09-20 21:04:08,506 - INFO - Split into 1 chunks
2026-09-20 21:04:08,543 - INFO - Successfully processed data\input\C45.3.txt
2026-09-20 21:04:08,544 - INFO - Processing file: data\input\C45.4.txt
2026-09-20 21:04:08,553 - INFO - Split into 1 chunks
2026-09-20 21:04:08,585 - INFO - Successfully processed data\input\C45.4.txt
2026-09-20 21:04:08,585 - INFO - Processing file: data\input\C46.txt
2026-09-20 21:04:08,597 - INFO - Split into 1 chunks
2026-09-20 21:04:08,637 - INFO - Successfully processed data\input\C46.txt
2026-09-20 21:04:08,638 - INFO - Processing file: data\input\C47.2.txt
2026-09-20 21:04:08,655 - INFO - Split into 1 chunks
2026-09-20 21:04:08,690 - INFO - Successfully processed data\input\C47.2.txt
2026-09-20 21:04:08,691 - INFO - Processing file: data\input\C47.4.txt
2026-09-20 21:04:08,707 - INFO - Split into 1 chunks
2026-09-20 21:04:08,776 - INFO - Successfully processed data\input\C47.4.txt
2026-09-20 21:04:08,777 - INFO - Processing file: data\input\C47.5.txt
2026-09-20 21:04:08,788 - INFO - Split into 1 chunks
2026-09-20 21:04:08,829 - INFO - Successfully processed data\input\C47.5.txt
2026-09-20 21:04:08,830 - INFO - Processing file: data\input\C48.1.txt
2026-09-20 21:04:08,842 - INFO - Split into 1 chunks
2026-09-20 21:04:08,881 - INFO - Successfully processed data\input\C48.1.txt
2026-09-20 21:04:08,882 - INFO - Processing file: data\input\C48.2.txt
2026-09-20 21:04:08,893 - INFO - Split into 1 chunks
2026-09-20 21:04:08,934 - INFO - Successfully processed data\input\C48.2.txt
2026-09-20 21:04:08,935 - INFO - Processing file: data\input\C48.3.txt
2026-09-20 21:04:08,944 - INFO - Split into 1 chunks
2026-09-20 21:04:08,981 - INFO - Successfully processed data\input\C48.3.txt
2026-09-20 21:04:08,982 - INFO - Processing file: data\input\C50.1.3.txt
2026-09-20 21:04:08,991 - INFO - Split into 1 chunks
2026-09-20 21:04:09,038 - INFO - Successfully processed data\input\C50.1.3.txt
2026-09-20 21:04:09,039 - INFO - Processing file: data\input\C50.2.txt
2026-09-20 21:04:09,049 - INFO - Split into 1 chunks
2026-09-20 21:04:09,092 - INFO - Successfully processed data\input\C50.2.txt
2026-09-20 21:04:09,094 - INFO - Processing file: data\input\C51.1.1.txt
2026-09-20 21:04:09,107 - INFO - Split into 1 chunks
2026-09-20 21:04:09,166 - INFO - Successfully processed data\input\C51.1.1.txt
2026-09-20 21:04:09,167 - INFO - Processing file: data\input\C51.4.1.txt
2026-09-20 21:04:09,178 - INFO - Split into 1 chunks
2026-09-20 21:04:09,230 - INFO - Successfully processed data\input\C51.4.1.txt
2026-09-20 21:04:09,231 - INFO - Processing file: data\input\C51.4.2.txt
2026-09-20 21:04:09,240 - INFO - Split into 1 chunks
2026-09-20 21:04:09,315 - INFO - Successfully processed data\input\C51.4.2.txt
2026-09-20 21:04:09,316 - INFO - Processing file: data\input\C52.txt
2026-09-20 21:04:09,327 - INFO - Split into 1 chunks
2026-09-20 21:04:09,367 - INFO - Successfully processed data\input\C52.txt
2026-09-20 21:04:09,368 - INFO - Processing file: data\input\C53.1.txt
2026-09-20 21:04:09,379 - INFO - Split into 1 chunks
2026-09-20 21:04:09,423 - INFO - Successfully processed data\input\C53.1.txt
2026-09-20 21:04:09,424 - INFO - Processing file: data\input\C53.4.txt
2026-09-20 21:04:09,436 - INFO - Split into 1 chunks
2026-09-20 21:04:09,476 - INFO - Successfully processed data\input\C53.4.txt
2026-09-20 21:04:09,478 - INFO - Processing file: data\input\C55.1.txt
2026-09-20 21:04:09,489 - INFO - Split into 1 chunks
2026-09-20 21:04:09,536 - INFO - Successfully processed data\input\C55.1.txt
2026-09-20 21:04:09,537 - INFO - Processing file: data\input\C57.txt
2026-09-20 21:04:09,548 - INFO - Split into 1 chunks
2026-09-20 21:04:09,583 - INFO - Successfully processed data\input\C57.txt
2026-09-20 21:04:09,584 - INFO - Processing file: data\input\C58.txt
2026-09-20 21:04:09,593 - INFO - Split into 1 chunks
2026-09-20 21:04:09,626 - INFO - Successfully processed data\input\C58.txt
2026-09-20 21:04:09,627 - INFO - Processing file: data\input\C59.txt
2026-09-20 21:04:09,636 - INFO - Split into 1 chunks
2026-09-20 21:04:09,673 - INFO - Successfully processed data\input\C59.txt
2026-09-20 21:04:09,674 - INFO - Processing file: data\input\C60.txt
2026-09-20 21:04:09,684 - INFO - Split into 1 chunks
2026-09-20 21:04:09,721 - INFO - Successfully processed data\input\C60.txt
2026-09-20 21:04:09,721 - INFO - Processing file: data\input\C61.txt
2026-09-20 21:04:09,733 - INFO - Split into 1 chunks
2026-09-20 21:04:09,776 - INFO - Successfully processed data\input\C61.txt
2026-09-20 21:04:09,777 - INFO - Processing file: data\input\C62.txt
2026-09-20 21:04:09,791 - INFO - Split into 1 chunks
2026-09-20 21:04:09,832 - INFO - Successfully processed data\input\C62.txt
2026-09-20 21:04:09,833 - INFO - Processing file: data\input\C64.txt
2026-09-20 21:04:09,845 - INFO - Split into 1 chunks
2026-09-20 21:04:09,881 - INFO - Successfully processed data\input\C64.txt
2026-09-20 21:04:09,881 - INFO - Processing file: data\input\C66.3.txt
2026-09-20 21:04:09,891 - INFO - Split into 1 chunks
2026-09-20 21:04:09,934 - INFO - Successfully processed data\input\C66.3.txt
2026-09-20 21:04:09,935 - INFO - Processing file: data\input\C66.4.1.txt
2026-09-20 21:04:09,948 - INFO - Split into 1 chunks
2026-09-20 21:04:09,988 - INFO - Successfully processed data\input\C66.4.1.txt
2026-09-20 21:04:09,988 - INFO - Processing file: data\input\C66.4.2.txt
2026-09-20 21:04:09,999 - INFO - Split into 1 chunks
2026-09-20 21:04:10,042 - INFO - Successfully processed data\input\C66.4.2.txt
2026-09-20 21:04:10,043 - INFO - Processing file: data\input\C67.txt
2026-09-20 21:04:10,055 - INFO - Split into 1 chunks
2026-09-20 21:04:10,088 - INFO - Successfully processed data\input\C67.txt
2026-09-20 21:04:10,089 - INFO - Processing file: data\input\C68.1.txt
2026-09-20 21:04:10,098 - INFO - Split into 1 chunks
2026-09-20 21:04:10,139 - INFO - Successfully processed data\input\C68.1.txt
2026-09-20 21:04:10,140 - INFO - Processing file: data\input\C68.2.txt
2026-09-20 21:04:10,149 - INFO - Split into 1 chunks
2026-09-20 21:04:10,194 - INFO - Successfully processed data\input\C68.2.txt
2026-09-20 21:04:10,195 - INFO - Processing file: data\input\C7.2.1.txt
2026-09-20 21:04:10,209 - INFO - Split into 1 chunks
2026-09-20 21:04:10,284 - INFO - Successfully processed data\input\C7.2.1.txt
2026-09-20 21:04:10,285 - INFO - Processing file: data\input\C7.9.1.1.txt
2026-09-20 21:04:10,301 - INFO - Split into 1 chunks
2026-09-20 21:04:10,382 - INFO - Successfully processed data\input\C7.9.1.1.txt
2026-09-20 21:04:10,382 - INFO - Processing file: data\input\C70.1.txt
2026-09-20 21:04:10,395 - INFO - Split into 1 chunks
2026-09-20 21:04:10,441 - INFO - Successfully processed data\input\C70.1.txt
2026-09-20 21:04:10,441 - INFO - Processing file: data\input\C71.2.2.txt
2026-09-20 21:04:10,456 - INFO - Split into 1 chunks
2026-09-20 21:04:10,500 - INFO - Successfully processed data\input\C71.2.2.txt
2026-09-20 21:04:10,502 - INFO - Processing file: data\input\C71.2.3.txt
2026-09-20 21:04:10,513 - INFO - Split into 1 chunks
2026-09-20 21:04:10,579 - INFO - Successfully processed data\input\C71.2.3.txt
2026-09-20 21:04:10,579 - INFO - Processing file: data\input\C72.txt
2026-09-20 21:04:10,590 - INFO - Split into 1 chunks
2026-09-20 21:04:10,621 - INFO - Successfully processed data\input\C72.txt
2026-09-20 21:04:10,622 - INFO - Processing file: data\input\C73.1.txt
2026-09-20 21:04:10,631 - INFO - Split into 1 chunks
2026-09-20 21:04:10,670 - INFO - Successfully processed data\input\C73.1.txt
2026-09-20 21:04:10,670 - INFO - Processing file: data\input\C74.1.txt
2026-09-20 21:04:10,679 - INFO - Split into 1 chunks
2026-09-20 21:04:10,711 - INFO - Successfully processed data\input\C74.1.txt
2026-09-20 21:04:10,712 - INFO - Processing file: data\input\C74.2.txt
2026-09-20 21:04:10,722 - INFO - Split into 1 chunks
2026-09-20 21:04:10,753 - INFO - Successfully processed data\input\C74.2.txt
2026-09-20 21:04:10,754 - INFO - Processing file: data\input\C75.txt
2026-09-20 21:04:10,764 - INFO - Split into 1 chunks
2026-09-20 21:04:10,806 - INFO - Successfully processed data\input\C75.txt
2026-09-20 21:04:10,807 - INFO - Processing file: data\input\C76.txt
2026-09-20 21:04:10,817 - INFO - Split into 1 chunks
2026-09-20 21:04:10,854 - INFO - Successfully processed data\input\C76.txt
2026-09-20 21:04:10,855 - INFO - Processing file: data\input\C77.2.txt
2026-09-20 21:04:10,865 - INFO - Split into 1 chunks
2026-09-20 21:04:10,902 - INFO - Successfully processed data\input\C77.2.txt
2026-09-20 21:04:10,902 - INFO - Processing file: data\input\C78.2.txt
2026-09-20 21:04:10,912 - INFO - Split into 1 chunks
2026-09-20 21:04:10,946 - INFO - Successfully processed data\input\C78.2.txt
2026-09-20 21:04:10,947 - INFO - Processing file: data\input\C78.3.txt
2026-09-20 21:04:10,956 - INFO - Split into 1 chunks
2026-09-20 21:04:10,998 - INFO - Successfully processed data\input\C78.3.txt
2026-09-20 21:04:10,998 - INFO - Processing file: data\input\C79.txt
2026-09-20 21:04:11,006 - INFO - Split into 1 chunks
2026-09-20 21:04:11,068 - INFO - Successfully processed data\input\C79.txt
2026-09-20 21:04:11,069 - INFO - Processing file: data\input\C8.1.5.txt
2026-09-20 21:04:11,088 - INFO - Split into 1 chunks
2026-09-20 21:04:11,131 - INFO - Successfully processed data\input\C8.1.5.txt
2026-09-20 21:04:11,131 - INFO - Processing file: data\input\C8.1.6.txt
2026-09-20 21:04:11,144 - INFO - Split into 1 chunks
2026-09-20 21:04:11,187 - INFO - Successfully processed data\input\C8.1.6.txt
2026-09-20 21:04:11,187 - INFO - Processing file: data\input\C8.1.7.txt
2026-09-20 21:04:11,201 - INFO - Split into 1 chunks
2026-09-20 21:04:11,245 - INFO - Successfully processed data\input\C8.1.7.txt
2026-09-20 21:04:11,246 - INFO - Processing file: data\input\C8.1.8.txt
2026-09-20 21:04:11,259 - INFO - Split into 1 chunks
2026-09-20 21:04:11,304 - INFO - Successfully processed data\input\C8.1.8.txt
2026-09-20 21:04:11,305 - INFO - Processing file: data\input\C80.txt
2026-09-20 21:04:11,320 - INFO - Split into 1 chunks
2026-09-20 21:04:11,366 - INFO - Successfully processed data\input\C80.txt
2026-09-20 21:04:11,366 - INFO - Processing file: data\input\C82.1.txt
2026-09-20 21:04:11,380 - INFO - Split into 1 chunks
2026-09-20 21:04:11,417 - INFO - Successfully processed data\input\C82.1.txt
2026-09-20 21:04:11,418 - INFO - Processing file: data\input\C82.2.txt
2026-09-20 21:04:11,426 - INFO - Split into 1 chunks
2026-09-20 21:04:11,464 - INFO - Successfully processed data\input\C82.2.txt
2026-09-20 21:04:11,465 - INFO - Processing file: data\input\C82.3.1.txt
2026-09-20 21:04:11,475 - INFO - Split into 1 chunks
2026-09-20 21:04:11,506 - INFO - Successfully processed data\input\C82.3.1.txt
2026-09-20 21:04:11,507 - INFO - Processing file: data\input\C82.3.2.txt
2026-09-20 21:04:11,519 - INFO - Split into 1 chunks
2026-09-20 21:04:11,554 - INFO - Successfully processed data\input\C82.3.2.txt
2026-09-20 21:04:11,555 - INFO - Processing file: data\input\C82.3.3.txt
2026-09-20 21:04:11,565 - INFO - Split into 1 chunks
2026-09-20 21:04:11,601 - INFO - Successfully processed data\input\C82.3.3.txt
2026-09-20 21:04:11,602 - INFO - Processing file: data\input\C82.3.4.txt
2026-09-20 21:04:11,609 - INFO - Split into 1 chunks
2026-09-20 21:04:11,644 - INFO - Successfully processed data\input\C82.3.4.txt
2026-09-20 21:04:11,644 - INFO - Processing file: data\input\C82.3.5.txt
2026-09-20 21:04:11,656 - INFO - Split into 1 chunks
2026-09-20 21:04:11,696 - INFO - Successfully processed data\input\C82.3.5.txt
2026-09-20 21:04:11,698 - INFO - Processing file: data\input\C82.3.6.txt
2026-09-20 21:04:11,710 - INFO - Split into 1 chunks
2026-09-20 21:04:11,752 - INFO - Successfully processed data\input\C82.3.6.txt
2026-09-20 21:04:11,752 - INFO - Processing file: data\input\C82.4.txt
2026-09-20 21:04:11,761 - INFO - Split into 1 chunks
2026-09-20 21:04:11,803 - INFO - Successfully processed data\input\C82.4.txt
2026-09-20 21:04:11,804 - INFO - Processing file: data\input\C82.5.txt
2026-09-20 21:04:11,816 - INFO - Split into 1 chunks
2026-09-20 21:04:11,859 - INFO - Successfully processed data\input\C82.5.txt
2026-09-20 21:04:11,859 - INFO - Processing file: data\input\C84.txt
2026-09-20 21:04:11,872 - INFO - Split into 1 chunks
2026-09-20 21:04:11,913 - INFO - Successfully processed data\input\C84.txt
2026-09-20 21:04:11,913 - INFO - Processing file: data\input\C85.txt
2026-09-20 21:04:11,920 - INFO - Split into 1 chunks
2026-09-20 21:04:11,969 - INFO - Successfully processed data\input\C85.txt
2026-09-20 21:04:11,969 - INFO - Processing file: data\input\C86.txt
2026-09-20 21:04:11,981 - INFO - Split into 1 chunks
2026-09-20 21:04:12,018 - INFO - Successfully processed data\input\C86.txt
2026-09-20 21:04:12,018 - INFO - Processing file: data\input\C87.txt
2026-09-20 21:04:12,028 - INFO - Split into 1 chunks
2026-09-20 21:04:12,065 - INFO - Successfully processed data\input\C87.txt
2026-09-20 21:04:12,066 - INFO - Processing file: data\input\C88.txt
2026-09-20 21:04:12,077 - INFO - Split into 1 chunks
2026-09-20 21:04:12,133 - INFO - Successfully processed data\input\C88.txt
2026-09-20 21:04:12,133 - INFO - Processing file: data\input\C89.1.txt
2026-09-20 21:04:12,143 - INFO - Split into 1 chunks
2026-09-20 21:04:12,176 - INFO - Successfully processed data\input\C89.1.txt
2026-09-20 21:04:12,177 - INFO - Processing file: data\input\C89.2.txt
2026-09-20 21:04:12,186 - INFO - Split into 1 chunks
2026-09-20 21:04:12,224 - INFO - Successfully processed data\input\C89.2.txt
2026-09-20 21:04:12,225 - INFO - Processing file: data\input\C89.3.txt
2026-09-20 21:04:12,237 - INFO - Split into 1 chunks
2026-09-20 21:04:12,278 - INFO - Successfully processed data\input\C89.3.txt
2026-09-20 21:04:12,278 - INFO - Processing file: data\input\C89.4.txt
2026-09-20 21:04:12,287 - INFO - Split into 1 chunks
2026-09-20 21:04:12,330 - INFO - Successfully processed data\input\C89.4.txt
2026-09-20 21:04:12,331 - INFO - Processing file: data\input\C89.5.txt
2026-09-20 21:04:12,341 - INFO - Split into 1 chunks
2026-09-20 21:04:12,381 - INFO - Successfully processed data\input\C89.5.txt
2026-09-20 21:04:12,382 - INFO - Processing file: data\input\C90.txt
2026-09-20 21:04:12,391 - INFO - Split into 1 chunks
2026-09-20 21:04:12,425 - INFO - Successfully processed data\input\C90.txt
2026-09-20 21:04:12,425 - INFO - Processing file: data\input\C91.1.txt
2026-09-20 21:04:12,434 - INFO - Split into 1 chunks
2026-09-20 21:04:12,472 - INFO - Successfully processed data\input\C91.1.txt
2026-09-20 21:04:12,473 - INFO - Processing file: data\input\C91.2.txt
2026-09-20 21:04:12,487 - INFO - Split into 1 chunks
2026-09-20 21:04:12,522 - INFO - Successfully processed data\input\C91.2.txt
2026-09-20 21:04:12,523 - INFO - Processing file: data\input\C91.3.txt
2026-09-20 21:04:12,534 - INFO - Split into 1 chunks
2026-09-20 21:04:12,571 - INFO - Successfully processed data\input\C91.3.txt
2026-09-20 21:04:12,572 - INFO - Processing file: data\input\C91.4.txt
2026-09-20 21:04:12,587 - INFO - Split into 1 chunks
2026-09-20 21:04:12,637 - INFO - Successfully processed data\input\C91.4.txt
2026-09-20 21:04:12,638 - INFO - Processing file: data\input\C92.1.txt
2026-09-20 21:04:12,846 - INFO - Split into 1 chunks
2026-09-20 21:04:12,891 - INFO - Successfully processed data\input\C92.1.txt
2026-09-20 21:04:12,892 - INFO - Processing file: data\input\C92.2.txt
2026-09-20 21:04:12,958 - INFO - Split into 1 chunks
2026-09-20 21:04:13,075 - INFO - Successfully processed data\input\C92.2.txt
2026-09-20 21:04:13,076 - INFO - Processing file: data\input\C93.1.txt
2026-09-20 21:04:13,154 - INFO - Split into 1 chunks
2026-09-20 21:04:13,205 - INFO - Successfully processed data\input\C93.1.txt
2026-09-20 21:04:13,205 - INFO - Processing file: data\input\C93.2.txt
2026-09-20 21:04:13,215 - INFO - Split into 1 chunks
2026-09-20 21:04:13,253 - INFO - Successfully processed data\input\C93.2.txt
2026-09-20 21:04:13,254 - INFO - Processing file: data\input\C94.3.txt
2026-09-20 21:04:13,263 - INFO - Split into 1 chunks
2026-09-20 21:04:13,310 - INFO - Successfully processed data\input\C94.3.txt
2026-09-20 21:04:13,311 - INFO - Processing file: data\input\C94.4.txt
2026-09-20 21:04:13,325 - INFO - Split into 1 chunks
2026-09-20 21:04:13,388 - INFO - Successfully processed data\input\C94.4.txt
2026-09-20 21:04:13,389 - INFO - Processing file: data\input\C94.5.txt
2026-09-20 21:04:13,400 - INFO - Split into 1 chunks
2026-09-20 21:04:13,435 - INFO - Successfully processed data\input\C94.5.txt
2026-09-20 21:04:13,436 - INFO - Processing file: data\input\C94.7.txt
2026-09-20 21:04:13,446 - INFO - Split into 1 chunks
2026-09-20 21:04:13,497 - INFO - Successfully processed data\input\C94.7.txt
2026-09-20 21:04:13,499 - INFO - Processing file: data\input\C94.9.txt
2026-09-20 21:04:13,512 - INFO - Split into 1 chunks
2026-09-20 21:04:13,553 - INFO - Successfully processed data\input\C94.9.txt
2026-09-20 21:04:13,554 - INFO - Processing file: data\input\C95.2.txt
2026-09-20 21:04:13,567 - INFO - Split into 1 chunks
2026-09-20 21:04:13,627 - INFO - Successfully processed data\input\C95.2.txt
2026-09-20 21:04:13,628 - INFO - Processing file: data\input\C96.1.txt
2026-09-20 21:04:13,640 - INFO - Split into 1 chunks
2026-09-20 21:04:13,682 - INFO - Successfully processed data\input\C96.1.txt
2026-09-20 21:04:13,684 - INFO - Processing file: data\input\C96.2.txt
2026-09-20 21:04:13,695 - INFO - Split into 1 chunks
2026-09-20 21:04:13,737 - INFO - Successfully processed data\input\C96.2.txt
2026-09-20 21:04:13,737 - INFO - Processing file: data\input\C97.1.txt
2026-09-20 21:04:13,749 - INFO - Split into 1 chunks
2026-09-20 21:04:13,787 - INFO - Successfully processed data\input\C97.1.txt
2026-09-20 21:04:13,787 - INFO - Processing file: data\input\C97.2.2.txt
2026-09-20 21:04:13,796 - INFO - Split into 1 chunks
2026-09-20 21:04:13,843 - INFO - Successfully processed data\input\C97.2.2.txt
2026-09-20 21:04:13,843 - INFO - Processing file: data\input\C97.2.4.txt
2026-09-20 21:04:13,857 - INFO - Split into 1 chunks
2026-09-20 21:04:13,892 - INFO - Successfully processed data\input\C97.2.4.txt
2026-09-20 21:04:13,894 - INFO - Processing file: data\input\C97.4.txt
2026-09-20 21:04:13,903 - INFO - Split into 1 chunks
2026-09-20 21:04:13,946 - INFO - Successfully processed data\input\C97.4.txt
2026-09-20 21:04:13,946 - INFO - Processing file: data\input\C97.5.txt
2026-09-20 21:04:13,955 - INFO - Split into 1 chunks
2026-09-20 21:04:13,990 - INFO - Successfully processed data\input\C97.5.txt
2026-09-20 21:04:13,991 - INFO - Processing file: data\input\C98.1.txt
2026-09-20 21:04:14,002 - INFO - Split into 1 chunks
2026-09-20 21:04:14,042 - INFO - Successfully processed data\input\C98.1.txt
2026-09-20 21:04:14,042 - INFO - Processing file: data\input\C98.2.txt
2026-09-20 21:04:14,050 - INFO - Split into 1 chunks
2026-09-20 21:04:14,082 - INFO - Successfully processed data\input\C98.2.txt
2026-09-20 21:04:14,082 - INFO - Processing file: data\input\C99.1.txt
2026-09-20 21:04:14,091 - INFO - Split into 1 chunks
2026-09-20 21:04:14,126 - INFO - Successfully processed data\input\C99.1.txt
2026-09-20 21:04:14,127 - INFO - Processing file: data\input\C99.2.txt
2026-09-20 21:04:14,137 - INFO - Split into 1 chunks
2026-09-20 21:04:14,169 - INFO - Successfully processed data\input\C99.2.txt
2026-09-20 21:04:14,170 - INFO - Processing file: data\input\C99.3.txt
2026-09-20 21:04:14,180 - INFO - Split into 1 chunks
2026-09-20 21:04:14,214 - INFO - Successfully processed data\input\C99.3.txt
2026-09-20 21:04:14,215 - INFO - Processing file: data\input\D10.1.txt
2026-09-20 21:04:14,225 - INFO - Split into 1 chunks
2026-09-20 21:04:14,258 - INFO - Successfully processed data\input\D10.1.txt
2026-09-20 21:04:14,259 - INFO - Processing file: data\input\D10.2.txt
2026-09-20 21:04:14,272 - INFO - Split into 1 chunks
2026-09-20 21:04:14,311 - INFO - Successfully processed data\input\D10.2.txt
2026-09-20 21:04:14,311 - INFO - Processing file: data\input\D10.3.txt
2026-09-20 21:04:14,327 - INFO - Split into 1 chunks
2026-09-20 21:04:14,396 - INFO - Successfully processed data\input\D10.3.txt
2026-09-20 21:04:14,396 - INFO - Processing file: data\input\D13.txt
2026-09-20 21:04:14,407 - INFO - Split into 1 chunks
2026-09-20 21:04:14,442 - INFO - Successfully processed data\input\D13.txt
2026-09-20 21:04:14,442 - INFO - Processing file: data\input\D14.txt
2026-09-20 21:04:14,455 - INFO - Split into 1 chunks
2026-09-20 21:04:14,490 - INFO - Successfully processed data\input\D14.txt
2026-09-20 21:04:14,491 - INFO - Processing file: data\input\D17.txt
2026-09-20 21:04:14,502 - INFO - Split into 1 chunks
2026-09-20 21:04:14,548 - INFO - Successfully processed data\input\D17.txt
2026-09-20 21:04:14,548 - INFO - Processing file: data\input\D19.txt
2026-09-20 21:04:14,557 - INFO - Split into 1 chunks
2026-09-20 21:04:14,590 - INFO - Successfully processed data\input\D19.txt
2026-09-20 21:04:14,591 - INFO - Processing file: data\input\D2.3.txt
2026-09-20 21:04:14,602 - INFO - Split into 1 chunks
2026-09-20 21:04:14,635 - INFO - Successfully processed data\input\D2.3.txt
2026-09-20 21:04:14,636 - INFO - Processing file: data\input\D23.txt
2026-09-20 21:04:14,649 - INFO - Split into 1 chunks
2026-09-20 21:04:14,690 - INFO - Successfully processed data\input\D23.txt
2026-09-20 21:04:14,691 - INFO - Processing file: data\input\D24.txt
2026-09-20 21:04:14,701 - INFO - Split into 1 chunks
2026-09-20 21:04:14,735 - INFO - Successfully processed data\input\D24.txt
2026-09-20 21:04:14,735 - INFO - Processing file: data\input\D27.txt
2026-09-20 21:04:14,746 - INFO - Split into 1 chunks
2026-09-20 21:04:14,790 - INFO - Successfully processed data\input\D27.txt
2026-09-20 21:04:14,790 - INFO - Processing file: data\input\D28.txt
2026-09-20 21:04:14,799 - INFO - Split into 1 chunks
2026-09-20 21:04:14,841 - INFO - Successfully processed data\input\D28.txt
2026-09-20 21:04:14,842 - INFO - Processing file: data\input\D3.txt
2026-09-20 21:04:14,850 - INFO - Split into 1 chunks
2026-09-20 21:04:14,888 - INFO - Successfully processed data\input\D3.txt
2026-09-20 21:04:14,889 - INFO - Processing file: data\input\D30.2.txt
2026-09-20 21:04:14,902 - INFO - Split into 1 chunks
2026-09-20 21:04:14,951 - INFO - Successfully processed data\input\D30.2.txt
2026-09-20 21:04:14,951 - INFO - Processing file: data\input\D30.4.txt
2026-09-20 21:04:14,959 - INFO - Split into 1 chunks
2026-09-20 21:04:14,994 - INFO - Successfully processed data\input\D30.4.txt
2026-09-20 21:04:14,995 - INFO - Processing file: data\input\D31.txt
2026-09-20 21:04:15,003 - INFO - Split into 1 chunks
2026-09-20 21:04:15,039 - INFO - Successfully processed data\input\D31.txt
2026-09-20 21:04:15,039 - INFO - Processing file: data\input\D32.1.txt
2026-09-20 21:04:15,050 - INFO - Split into 1 chunks
2026-09-20 21:04:15,086 - INFO - Successfully processed data\input\D32.1.txt
2026-09-20 21:04:15,086 - INFO - Processing file: data\input\D32.2.txt
2026-09-20 21:04:15,098 - INFO - Split into 1 chunks
2026-09-20 21:04:15,129 - INFO - Successfully processed data\input\D32.2.txt
2026-09-20 21:04:15,129 - INFO - Processing file: data\input\D32.3.txt
2026-09-20 21:04:15,137 - INFO - Split into 1 chunks
2026-09-20 21:04:15,172 - INFO - Successfully processed data\input\D32.3.txt
2026-09-20 21:04:15,173 - INFO - Processing file: data\input\D33.txt
2026-09-20 21:04:15,182 - INFO - Split into 1 chunks
2026-09-20 21:04:15,214 - INFO - Successfully processed data\input\D33.txt
2026-09-20 21:04:15,215 - INFO - Processing file: data\input\D34.1.txt
2026-09-20 21:04:15,225 - INFO - Split into 1 chunks
2026-09-20 21:04:15,258 - INFO - Successfully processed data\input\D34.1.txt
2026-09-20 21:04:15,259 - INFO - Processing file: data\input\D34.2.txt
2026-09-20 21:04:15,269 - INFO - Split into 1 chunks
2026-09-20 21:04:15,300 - INFO - Successfully processed data\input\D34.2.txt
2026-09-20 21:04:15,302 - INFO - Processing file: data\input\D35.2.txt
2026-09-20 21:04:15,313 - INFO - Split into 1 chunks
2026-09-20 21:04:15,342 - INFO - Successfully processed data\input\D35.2.txt
2026-09-20 21:04:15,342 - INFO - Processing file: data\input\D35.3.txt
2026-09-20 21:04:15,351 - INFO - Split into 1 chunks
2026-09-20 21:04:15,392 - INFO - Successfully processed data\input\D35.3.txt
2026-09-20 21:04:15,393 - INFO - Processing file: data\input\D36.2.txt
2026-09-20 21:04:15,405 - INFO - Split into 1 chunks
2026-09-20 21:04:15,454 - INFO - Successfully processed data\input\D36.2.txt
2026-09-20 21:04:15,454 - INFO - Processing file: data\input\D37.1.txt
2026-09-20 21:04:15,464 - INFO - Split into 1 chunks
2026-09-20 21:04:15,507 - INFO - Successfully processed data\input\D37.1.txt
2026-09-20 21:04:15,507 - INFO - Processing file: data\input\D37.2.txt
2026-09-20 21:04:15,517 - INFO - Split into 1 chunks
2026-09-20 21:04:15,553 - INFO - Successfully processed data\input\D37.2.txt
2026-09-20 21:04:15,553 - INFO - Processing file: data\input\D37.3.txt
2026-09-20 21:04:15,562 - INFO - Split into 1 chunks
2026-09-20 21:04:15,596 - INFO - Successfully processed data\input\D37.3.txt
2026-09-20 21:04:15,596 - INFO - Processing file: data\input\D38.1.txt
2026-09-20 21:04:15,605 - INFO - Split into 1 chunks
2026-09-20 21:04:15,640 - INFO - Successfully processed data\input\D38.1.txt
2026-09-20 21:04:15,641 - INFO - Processing file: data\input\D38.10.txt
2026-09-20 21:04:15,652 - INFO - Split into 1 chunks
2026-09-20 21:04:15,692 - INFO - Successfully processed data\input\D38.10.txt
2026-09-20 21:04:15,693 - INFO - Processing file: data\input\D38.11.txt
2026-09-20 21:04:15,705 - INFO - Split into 1 chunks
2026-09-20 21:04:15,747 - INFO - Successfully processed data\input\D38.11.txt
2026-09-20 21:04:15,748 - INFO - Processing file: data\input\D38.12.txt
2026-09-20 21:04:15,760 - INFO - Split into 1 chunks
2026-09-20 21:04:15,806 - INFO - Successfully processed data\input\D38.12.txt
2026-09-20 21:04:15,807 - INFO - Processing file: data\input\D38.15.txt
2026-09-20 21:04:15,818 - INFO - Split into 1 chunks
2026-09-20 21:04:15,861 - INFO - Successfully processed data\input\D38.15.txt
2026-09-20 21:04:15,862 - INFO - Processing file: data\input\D38.16.txt
2026-09-20 21:04:15,872 - INFO - Split into 1 chunks
2026-09-20 21:04:15,927 - INFO - Successfully processed data\input\D38.16.txt
2026-09-20 21:04:15,929 - INFO - Processing file: data\input\D38.2.txt
2026-09-20 21:04:15,940 - INFO - Split into 1 chunks
2026-09-20 21:04:15,981 - INFO - Successfully processed data\input\D38.2.txt
2026-09-20 21:04:15,982 - INFO - Processing file: data\input\D38.3.txt
2026-09-20 21:04:15,996 - INFO - Split into 1 chunks
2026-09-20 21:04:16,042 - INFO - Successfully processed data\input\D38.3.txt
2026-09-20 21:04:16,044 - INFO - Processing file: data\input\D38.4.txt
2026-09-20 21:04:16,055 - INFO - Split into 1 chunks
2026-09-20 21:04:16,098 - INFO - Successfully processed data\input\D38.4.txt
2026-09-20 21:04:16,099 - INFO - Processing file: data\input\D38.5.txt
2026-09-20 21:04:16,116 - INFO - Split into 1 chunks
2026-09-20 21:04:16,162 - INFO - Successfully processed data\input\D38.5.txt
2026-09-20 21:04:16,163 - INFO - Processing file: data\input\D38.6.txt
2026-09-20 21:04:16,175 - INFO - Split into 1 chunks
2026-09-20 21:04:16,220 - INFO - Successfully processed data\input\D38.6.txt
2026-09-20 21:04:16,221 - INFO - Processing file: data\input\D38.7.txt
2026-09-20 21:04:16,232 - INFO - Split into 1 chunks
2026-09-20 21:04:16,272 - INFO - Successfully processed data\input\D38.7.txt
2026-09-20 21:04:16,273 - INFO - Processing file: data\input\D38.8.txt
2026-09-20 21:04:16,285 - INFO - Split into 1 chunks
2026-09-20 21:04:16,324 - INFO - Successfully processed data\input\D38.8.txt
2026-09-20 21:04:16,326 - INFO - Processing file: data\input\D38.9.txt
2026-09-20 21:04:16,336 - INFO - Split into 1 chunks
2026-09-20 21:04:16,380 - INFO - Successfully processed data\input\D38.9.txt
2026-09-20 21:04:16,381 - INFO - Processing file: data\input\D39.2.txt
2026-09-20 21:04:16,392 - INFO - Split into 1 chunks
2026-09-20 21:04:16,446 - INFO - Successfully processed data\input\D39.2.txt
2026-09-20 21:04:16,446 - INFO - Processing file: data\input\D39.3.txt
2026-09-20 21:04:16,457 - INFO - Split into 1 chunks
2026-09-20 21:04:16,495 - INFO - Successfully processed data\input\D39.3.txt
2026-09-20 21:04:16,495 - INFO - Processing file: data\input\D39.4.txt
2026-09-20 21:04:16,506 - INFO - Split into 1 chunks
2026-09-20 21:04:16,555 - INFO - Successfully processed data\input\D39.4.txt
2026-09-20 21:04:16,555 - INFO - Processing file: data\input\D39.5.txt
2026-09-20 21:04:16,567 - INFO - Split into 1 chunks
2026-09-20 21:04:16,608 - INFO - Successfully processed data\input\D39.5.txt
2026-09-20 21:04:16,609 - INFO - Processing file: data\input\D39.6.txt
2026-09-20 21:04:16,619 - INFO - Split into 1 chunks
2026-09-20 21:04:16,657 - INFO - Successfully processed data\input\D39.6.txt
2026-09-20 21:04:16,658 - INFO - Processing file: data\input\D39.7.txt
2026-09-20 21:04:16,672 - INFO - Split into 1 chunks
2026-09-20 21:04:16,710 - INFO - Successfully processed data\input\D39.7.txt
2026-09-20 21:04:16,711 - INFO - Processing file: data\input\D39.8.txt
2026-09-20 21:04:16,720 - INFO - Split into 1 chunks
2026-09-20 21:04:16,757 - INFO - Successfully processed data\input\D39.8.txt
2026-09-20 21:04:16,758 - INFO - Processing file: data\input\D39.9.txt
2026-09-20 21:04:16,766 - INFO - Split into 1 chunks
2026-09-20 21:04:16,804 - INFO - Successfully processed data\input\D39.9.txt
2026-09-20 21:04:16,804 - INFO - Processing file: data\input\D42.txt
2026-09-20 21:04:16,815 - INFO - Split into 1 chunks
2026-09-20 21:04:16,852 - INFO - Successfully processed data\input\D42.txt
2026-09-20 21:04:16,852 - INFO - Processing file: data\input\D43.txt
2026-09-20 21:04:16,864 - INFO - Split into 1 chunks
2026-09-20 21:04:16,919 - INFO - Successfully processed data\input\D43.txt
2026-09-20 21:04:16,920 - INFO - Processing file: data\input\D44.txt
2026-09-20 21:04:16,930 - INFO - Split into 1 chunks
2026-09-20 21:04:16,968 - INFO - Successfully processed data\input\D44.txt
2026-09-20 21:04:16,968 - INFO - Processing file: data\input\D45.txt
2026-09-20 21:04:16,976 - INFO - Split into 1 chunks
2026-09-20 21:04:17,011 - INFO - Successfully processed data\input\D45.txt
2026-09-20 21:04:17,012 - INFO - Processing file: data\input\D47.1.txt
2026-09-20 21:04:17,021 - INFO - Split into 1 chunks
2026-09-20 21:04:17,057 - INFO - Successfully processed data\input\D47.1.txt
2026-09-20 21:04:17,058 - INFO - Processing file: data\input\D47.11.txt
2026-09-20 21:04:17,069 - INFO - Split into 1 chunks
2026-09-20 21:04:17,103 - INFO - Successfully processed data\input\D47.11.txt
2026-09-20 21:04:17,103 - INFO - Processing file: data\input\D47.2.txt
2026-09-20 21:04:17,113 - INFO - Split into 1 chunks
2026-09-20 21:04:17,148 - INFO - Successfully processed data\input\D47.2.txt
2026-09-20 21:04:17,148 - INFO - Processing file: data\input\D47.3.txt
2026-09-20 21:04:17,160 - INFO - Split into 1 chunks
2026-09-20 21:04:17,198 - INFO - Successfully processed data\input\D47.3.txt
2026-09-20 21:04:17,199 - INFO - Processing file: data\input\D47.4.txt
2026-09-20 21:04:17,208 - INFO - Split into 1 chunks
2026-09-20 21:04:17,242 - INFO - Successfully processed data\input\D47.4.txt
2026-09-20 21:04:17,242 - INFO - Processing file: data\input\D47.5.txt
2026-09-20 21:04:17,252 - INFO - Split into 1 chunks
2026-09-20 21:04:17,290 - INFO - Successfully processed data\input\D47.5.txt
2026-09-20 21:04:17,290 - INFO - Processing file: data\input\D47.6.txt
2026-09-20 21:04:17,299 - INFO - Split into 1 chunks
2026-09-20 21:04:17,351 - INFO - Successfully processed data\input\D47.6.txt
2026-09-20 21:04:17,352 - INFO - Processing file: data\input\D47.7.txt
2026-09-20 21:04:17,366 - INFO - Split into 1 chunks
2026-09-20 21:04:17,414 - INFO - Successfully processed data\input\D47.7.txt
2026-09-20 21:04:17,414 - INFO - Processing file: data\input\D47.9.txt
2026-09-20 21:04:17,427 - INFO - Split into 1 chunks
2026-09-20 21:04:17,480 - INFO - Successfully processed data\input\D47.9.txt
2026-09-20 21:04:17,481 - INFO - Processing file: data\input\D48.1.txt
2026-09-20 21:04:17,493 - INFO - Split into 1 chunks
2026-09-20 21:04:17,544 - INFO - Successfully processed data\input\D48.1.txt
2026-09-20 21:04:17,544 - INFO - Processing file: data\input\D48.2.txt
2026-09-20 21:04:17,554 - INFO - Split into 1 chunks
2026-09-20 21:04:17,600 - INFO - Successfully processed data\input\D48.2.txt
2026-09-20 21:04:17,600 - INFO - Processing file: data\input\D48.3.txt
2026-09-20 21:04:17,614 - INFO - Split into 1 chunks
2026-09-20 21:04:17,658 - INFO - Successfully processed data\input\D48.3.txt
2026-09-20 21:04:17,658 - INFO - Processing file: data\input\D49.1.txt
2026-09-20 21:04:17,670 - INFO - Split into 1 chunks
2026-09-20 21:04:17,719 - INFO - Successfully processed data\input\D49.1.txt
2026-09-20 21:04:17,720 - INFO - Processing file: data\input\D5.txt
2026-09-20 21:04:17,734 - INFO - Split into 1 chunks
2026-09-20 21:04:17,786 - INFO - Successfully processed data\input\D5.txt
2026-09-20 21:04:17,787 - INFO - Processing file: data\input\D50.1.txt
2026-09-20 21:04:17,801 - INFO - Split into 1 chunks
2026-09-20 21:04:17,844 - INFO - Successfully processed data\input\D50.1.txt
2026-09-20 21:04:17,844 - INFO - Processing file: data\input\D50.2.txt
2026-09-20 21:04:17,858 - INFO - Split into 1 chunks
2026-09-20 21:04:17,897 - INFO - Successfully processed data\input\D50.2.txt
2026-09-20 21:04:17,898 - INFO - Processing file: data\input\D50.3.txt
2026-09-20 21:04:17,909 - INFO - Split into 1 chunks
2026-09-20 21:04:17,955 - INFO - Successfully processed data\input\D50.3.txt
2026-09-20 21:04:17,955 - INFO - Processing file: data\input\D50.4.txt
2026-09-20 21:04:17,969 - INFO - Split into 1 chunks
2026-09-20 21:04:18,012 - INFO - Successfully processed data\input\D50.4.txt
2026-09-20 21:04:18,013 - INFO - Processing file: data\input\D51.2.txt
2026-09-20 21:04:18,022 - INFO - Split into 1 chunks
2026-09-20 21:04:18,056 - INFO - Successfully processed data\input\D51.2.txt
2026-09-20 21:04:18,057 - INFO - Processing file: data\input\D52.1.txt
2026-09-20 21:04:18,066 - INFO - Split into 1 chunks
2026-09-20 21:04:18,101 - INFO - Successfully processed data\input\D52.1.txt
2026-09-20 21:04:18,101 - INFO - Processing file: data\input\D52.2.txt
2026-09-20 21:04:18,111 - INFO - Split into 1 chunks
2026-09-20 21:04:18,145 - INFO - Successfully processed data\input\D52.2.txt
2026-09-20 21:04:18,146 - INFO - Processing file: data\input\D53.2.txt
2026-09-20 21:04:18,156 - INFO - Split into 1 chunks
2026-09-20 21:04:18,198 - INFO - Successfully processed data\input\D53.2.txt
2026-09-20 21:04:18,199 - INFO - Processing file: data\input\D53.3.txt
2026-09-20 21:04:18,209 - INFO - Split into 1 chunks
2026-09-20 21:04:18,247 - INFO - Successfully processed data\input\D53.3.txt
2026-09-20 21:04:18,248 - INFO - Processing file: data\input\D55.1.txt
2026-09-20 21:04:18,258 - INFO - Split into 1 chunks
2026-09-20 21:04:18,300 - INFO - Successfully processed data\input\D55.1.txt
2026-09-20 21:04:18,301 - INFO - Processing file: data\input\D55.2.txt
2026-09-20 21:04:18,312 - INFO - Split into 1 chunks
2026-09-20 21:04:18,356 - INFO - Successfully processed data\input\D55.2.txt
2026-09-20 21:04:18,357 - INFO - Processing file: data\input\D56.1.txt
2026-09-20 21:04:18,370 - INFO - Split into 1 chunks
2026-09-20 21:04:18,411 - INFO - Successfully processed data\input\D56.1.txt
2026-09-20 21:04:18,412 - INFO - Processing file: data\input\D56.2.txt
2026-09-20 21:04:18,423 - INFO - Split into 1 chunks
2026-09-20 21:04:18,478 - INFO - Successfully processed data\input\D56.2.txt
2026-09-20 21:04:18,479 - INFO - Processing file: data\input\D58.1.txt
2026-09-20 21:04:18,490 - INFO - Split into 1 chunks
2026-09-20 21:04:18,567 - INFO - Successfully processed data\input\D58.1.txt
2026-09-20 21:04:18,567 - INFO - Processing file: data\input\D58.4.txt
2026-09-20 21:04:18,576 - INFO - Split into 1 chunks
2026-09-20 21:04:18,615 - INFO - Successfully processed data\input\D58.4.txt
2026-09-20 21:04:18,616 - INFO - Processing file: data\input\D59.1.txt
2026-09-20 21:04:18,627 - INFO - Split into 1 chunks
2026-09-20 21:04:18,695 - INFO - Successfully processed data\input\D59.1.txt
2026-09-20 21:04:18,696 - INFO - Processing file: data\input\D59.2.1.txt
2026-09-20 21:04:18,705 - INFO - Split into 1 chunks
2026-09-20 21:04:18,742 - INFO - Successfully processed data\input\D59.2.1.txt
2026-09-20 21:04:18,743 - INFO - Processing file: data\input\D59.2.2.txt
2026-09-20 21:04:18,756 - INFO - Split into 1 chunks
2026-09-20 21:04:18,805 - INFO - Successfully processed data\input\D59.2.2.txt
2026-09-20 21:04:18,806 - INFO - Processing file: data\input\D60.txt
2026-09-20 21:04:18,816 - INFO - Split into 1 chunks
2026-09-20 21:04:18,854 - INFO - Successfully processed data\input\D60.txt
2026-09-20 21:04:18,855 - INFO - Processing file: data\input\D61.txt
2026-09-20 21:04:18,864 - INFO - Split into 1 chunks
2026-09-20 21:04:18,907 - INFO - Successfully processed data\input\D61.txt
2026-09-20 21:04:18,908 - INFO - Processing file: data\input\D62.txt
2026-09-20 21:04:18,919 - INFO - Split into 1 chunks
2026-09-20 21:04:18,959 - INFO - Successfully processed data\input\D62.txt
2026-09-20 21:04:18,961 - INFO - Processing file: data\input\D63.txt
2026-09-20 21:04:18,970 - INFO - Split into 1 chunks
2026-09-20 21:04:19,009 - INFO - Successfully processed data\input\D63.txt
2026-09-20 21:04:19,010 - INFO - Processing file: data\input\D65.txt
2026-09-20 21:04:19,019 - INFO - Split into 1 chunks
2026-09-20 21:04:19,058 - INFO - Successfully processed data\input\D65.txt
2026-09-20 21:04:19,058 - INFO - Processing file: data\input\D66.txt
2026-09-20 21:04:19,063 - INFO - Split into 1 chunks
2026-09-20 21:04:19,103 - INFO - Successfully processed data\input\D66.txt
2026-09-20 21:04:19,104 - INFO - Processing file: data\input\D67.txt
2026-09-20 21:04:19,116 - INFO - Split into 1 chunks
2026-09-20 21:04:19,155 - INFO - Successfully processed data\input\D67.txt
2026-09-20 21:04:19,155 - INFO - Processing file: data\input\D9.txt
2026-09-20 21:04:19,165 - INFO - Split into 1 chunks
2026-09-20 21:04:19,201 - INFO - Successfully processed data\input\D9.txt
2026-09-20 21:04:19,202 - INFO - Processing file: data\input\E11.txt
2026-09-20 21:04:19,211 - INFO - Split into 1 chunks
2026-09-20 21:04:19,250 - INFO - Successfully processed data\input\E11.txt
2026-09-20 21:04:19,250 - INFO - Processing file: data\input\E12.txt
2026-09-20 21:04:19,258 - INFO - Split into 1 chunks
2026-09-20 21:04:19,296 - INFO - Successfully processed data\input\E12.txt
2026-09-20 21:04:19,297 - INFO - Processing file: data\input\E14.txt
2026-09-20 21:04:19,306 - INFO - Split into 1 chunks
2026-09-20 21:04:19,343 - INFO - Successfully processed data\input\E14.txt
2026-09-20 21:04:19,345 - INFO - Processing file: data\input\E15.txt
2026-09-20 21:04:19,357 - INFO - Split into 1 chunks
2026-09-20 21:04:19,399 - INFO - Successfully processed data\input\E15.txt
2026-09-20 21:04:19,400 - INFO - Processing file: data\input\E16.txt
2026-09-20 21:04:19,409 - INFO - Split into 1 chunks
2026-09-20 21:04:19,449 - INFO - Successfully processed data\input\E16.txt
2026-09-20 21:04:19,450 - INFO - Processing file: data\input\E18.txt
2026-09-20 21:04:19,460 - INFO - Split into 1 chunks
2026-09-20 21:04:19,507 - INFO - Successfully processed data\input\E18.txt
2026-09-20 21:04:19,508 - INFO - Processing file: data\input\E19.txt
2026-09-20 21:04:19,517 - INFO - Split into 1 chunks
2026-09-20 21:04:19,555 - INFO - Successfully processed data\input\E19.txt
2026-09-20 21:04:19,556 - INFO - Processing file: data\input\E2.txt
2026-09-20 21:04:19,565 - INFO - Split into 1 chunks
2026-09-20 21:04:19,606 - INFO - Successfully processed data\input\E2.txt
2026-09-20 21:04:19,607 - INFO - Processing file: data\input\E22.txt
2026-09-20 21:04:19,619 - INFO - Split into 1 chunks
2026-09-20 21:04:19,654 - INFO - Successfully processed data\input\E22.txt
2026-09-20 21:04:19,655 - INFO - Processing file: data\input\E25.txt
2026-09-20 21:04:19,663 - INFO - Split into 1 chunks
2026-09-20 21:04:19,698 - INFO - Successfully processed data\input\E25.txt
2026-09-20 21:04:19,699 - INFO - Processing file: data\input\E26.txt
2026-09-20 21:04:19,708 - INFO - Split into 1 chunks
2026-09-20 21:04:19,757 - INFO - Successfully processed data\input\E26.txt
2026-09-20 21:04:19,758 - INFO - Processing file: data\input\E28.txt
2026-09-20 21:04:19,769 - INFO - Split into 1 chunks
2026-09-20 21:04:19,813 - INFO - Successfully processed data\input\E28.txt
2026-09-20 21:04:19,815 - INFO - Processing file: data\input\E29.txt
2026-09-20 21:04:19,823 - INFO - Split into 1 chunks
2026-09-20 21:04:19,867 - INFO - Successfully processed data\input\E29.txt
2026-09-20 21:04:19,868 - INFO - Processing file: data\input\E3.txt
2026-09-20 21:04:19,881 - INFO - Split into 1 chunks
2026-09-20 21:04:19,931 - INFO - Successfully processed data\input\E3.txt
2026-09-20 21:04:19,931 - INFO - Processing file: data\input\E30.txt
2026-09-20 21:04:19,944 - INFO - Split into 1 chunks
2026-09-20 21:04:19,992 - INFO - Successfully processed data\input\E30.txt
2026-09-20 21:04:19,992 - INFO - Processing file: data\input\E31.txt
2026-09-20 21:04:20,004 - INFO - Split into 1 chunks
2026-09-20 21:04:20,054 - INFO - Successfully processed data\input\E31.txt
2026-09-20 21:04:20,055 - INFO - Processing file: data\input\E35.txt
2026-09-20 21:04:20,067 - INFO - Split into 1 chunks
2026-09-20 21:04:20,117 - INFO - Successfully processed data\input\E35.txt
2026-09-20 21:04:20,118 - INFO - Processing file: data\input\E38.txt
2026-09-20 21:04:20,207 - INFO - Split into 1 chunks
2026-09-20 21:04:20,250 - INFO - Successfully processed data\input\E38.txt
2026-09-20 21:04:20,252 - INFO - Processing file: data\input\E39.txt
2026-09-20 21:04:20,307 - INFO - Split into 1 chunks
2026-09-20 21:04:20,353 - INFO - Successfully processed data\input\E39.txt
2026-09-20 21:04:20,353 - INFO - Processing file: data\input\E4.txt
2026-09-20 21:04:20,439 - INFO - Split into 1 chunks
2026-09-20 21:04:20,539 - INFO - Successfully processed data\input\E4.txt
2026-09-20 21:04:20,540 - INFO - Processing file: data\input\E40.txt
2026-09-20 21:04:20,614 - INFO - Split into 1 chunks
2026-09-20 21:04:20,726 - INFO - Successfully processed data\input\E40.txt
2026-09-20 21:04:20,727 - INFO - Processing file: data\input\E41.txt
2026-09-20 21:04:20,736 - INFO - Split into 1 chunks
2026-09-20 21:04:20,774 - INFO - Successfully processed data\input\E41.txt
2026-09-20 21:04:20,776 - INFO - Processing file: data\input\E43.txt
2026-09-20 21:04:20,828 - INFO - Split into 1 chunks
2026-09-20 21:04:20,869 - INFO - Successfully processed data\input\E43.txt
2026-09-20 21:04:20,869 - INFO - Processing file: data\input\E45.txt
2026-09-20 21:04:20,879 - INFO - Split into 1 chunks
2026-09-20 21:04:20,924 - INFO - Successfully processed data\input\E45.txt
2026-09-20 21:04:20,925 - INFO - Processing file: data\input\E46.txt
2026-09-20 21:04:20,937 - INFO - Split into 1 chunks
2026-09-20 21:04:20,985 - INFO - Successfully processed data\input\E46.txt
2026-09-20 21:04:20,986 - INFO - Processing file: data\input\E47.txt
2026-09-20 21:04:20,998 - INFO - Split into 1 chunks
2026-09-20 21:04:21,046 - INFO - Successfully processed data\input\E47.txt
2026-09-20 21:04:21,047 - INFO - Processing file: data\input\E48.txt
2026-09-20 21:04:21,056 - INFO - Split into 1 chunks
2026-09-20 21:04:21,098 - INFO - Successfully processed data\input\E48.txt
2026-09-20 21:04:21,101 - INFO - Processing file: data\input\E49.txt
2026-09-20 21:04:21,125 - INFO - Split into 1 chunks
2026-09-20 21:04:21,182 - INFO - Successfully processed data\input\E49.txt
2026-09-20 21:04:21,183 - INFO - Processing file: data\input\E50.txt
2026-09-20 21:04:21,199 - INFO - Split into 1 chunks
2026-09-20 21:04:21,242 - INFO - Successfully processed data\input\E50.txt
2026-09-20 21:04:21,242 - INFO - Processing file: data\input\E51.txt
2026-09-20 21:04:21,244 - INFO - Split into 1 chunks
2026-09-20 21:04:21,294 - INFO - Successfully processed data\input\E51.txt
2026-09-20 21:04:21,295 - INFO - Processing file: data\input\E52.txt
2026-09-20 21:04:21,305 - INFO - Split into 1 chunks
2026-09-20 21:04:21,345 - INFO - Successfully processed data\input\E52.txt
2026-09-20 21:04:21,346 - INFO - Processing file: data\input\E53.txt
2026-09-20 21:04:21,348 - INFO - Split into 1 chunks
2026-09-20 21:04:21,383 - INFO - Successfully processed data\input\E53.txt
2026-09-20 21:04:21,384 - INFO - Processing file: data\input\E6.txt
2026-09-20 21:04:21,387 - INFO - Split into 1 chunks
2026-09-20 21:04:21,431 - INFO - Successfully processed data\input\E6.txt
2026-09-20 21:04:21,432 - INFO - Processing file: data\input\E7.txt
2026-09-20 21:04:21,445 - INFO - Split into 1 chunks
2026-09-20 21:04:21,493 - INFO - Successfully processed data\input\E7.txt
2026-09-20 21:04:21,494 - INFO - Processing file: data\input\E8.txt
2026-09-20 21:04:21,503 - INFO - Split into 1 chunks
2026-09-20 21:04:21,553 - INFO - Successfully processed data\input\E8.txt
2026-09-20 21:04:21,554 - INFO - Processing file: data\input\E9.txt
2026-09-20 21:04:21,562 - INFO - Split into 1 chunks
2026-09-20 21:04:21,599 - INFO - Successfully processed data\input\E9.txt
2026-09-20 21:04:21,599 - INFO - Processing file: data\input\F1.txt
2026-09-20 21:04:21,610 - INFO - Split into 1 chunks
2026-09-20 21:04:21,650 - INFO - Successfully processed data\input\F1.txt
2026-09-20 21:04:21,650 - INFO - Processing file: data\input\F10.txt
2026-09-20 21:04:21,658 - INFO - Split into 1 chunks
2026-09-20 21:04:21,699 - INFO - Successfully processed data\input\F10.txt
2026-09-20 21:04:21,699 - INFO - Processing file: data\input\F11.txt
2026-09-20 21:04:21,709 - INFO - Split into 1 chunks
2026-09-20 21:04:21,754 - INFO - Successfully processed data\input\F11.txt
2026-09-20 21:04:21,755 - INFO - Processing file: data\input\F13.txt
2026-09-20 21:04:21,768 - INFO - Split into 1 chunks
2026-09-20 21:04:21,814 - INFO - Successfully processed data\input\F13.txt
2026-09-20 21:04:21,815 - INFO - Processing file: data\input\F14.txt
2026-09-20 21:04:21,826 - INFO - Split into 1 chunks
2026-09-20 21:04:21,873 - INFO - Successfully processed data\input\F14.txt
2026-09-20 21:04:21,874 - INFO - Processing file: data\input\F15.txt
2026-09-20 21:04:21,887 - INFO - Split into 1 chunks
2026-09-20 21:04:21,935 - INFO - Successfully processed data\input\F15.txt
2026-09-20 21:04:21,937 - INFO - Processing file: data\input\F17.txt
2026-09-20 21:04:21,947 - INFO - Split into 1 chunks
2026-09-20 21:04:21,999 - INFO - Successfully processed data\input\F17.txt
2026-09-20 21:04:21,999 - INFO - Processing file: data\input\F18.txt
2026-09-20 21:04:22,013 - INFO - Split into 1 chunks
2026-09-20 21:04:22,061 - INFO - Successfully processed data\input\F18.txt
2026-09-20 21:04:22,062 - INFO - Processing file: data\input\F19.txt
2026-09-20 21:04:22,072 - INFO - Split into 1 chunks
2026-09-20 21:04:22,112 - INFO - Successfully processed data\input\F19.txt
2026-09-20 21:04:22,112 - INFO - Processing file: data\input\F20.txt
2026-09-20 21:04:22,122 - INFO - Split into 1 chunks
2026-09-20 21:04:22,166 - INFO - Successfully processed data\input\F20.txt
2026-09-20 21:04:22,166 - INFO - Processing file: data\input\F22.txt
2026-09-20 21:04:22,180 - INFO - Split into 1 chunks
2026-09-20 21:04:22,228 - INFO - Successfully processed data\input\F22.txt
2026-09-20 21:04:22,228 - INFO - Processing file: data\input\F23.txt
2026-09-20 21:04:22,240 - INFO - Split into 1 chunks
2026-09-20 21:04:22,295 - INFO - Successfully processed data\input\F23.txt
2026-09-20 21:04:22,296 - INFO - Processing file: data\input\F24.txt
2026-09-20 21:04:22,310 - INFO - Split into 1 chunks
2026-09-20 21:04:22,350 - INFO - Successfully processed data\input\F24.txt
2026-09-20 21:04:22,351 - INFO - Processing file: data\input\F25.txt
2026-09-20 21:04:22,403 - INFO - Split into 1 chunks
2026-09-20 21:04:22,448 - INFO - Successfully processed data\input\F25.txt
2026-09-20 21:04:22,449 - INFO - Processing file: data\input\F26.txt
2026-09-20 21:04:22,459 - INFO - Split into 1 chunks
2026-09-20 21:04:22,503 - INFO - Successfully processed data\input\F26.txt
2026-09-20 21:04:22,504 - INFO - Processing file: data\input\F27.txt
2026-09-20 21:04:22,513 - INFO - Split into 1 chunks
2026-09-20 21:04:22,559 - INFO - Successfully processed data\input\F27.txt
2026-09-20 21:04:22,560 - INFO - Processing file: data\input\F28.txt
2026-09-20 21:04:22,571 - INFO - Split into 1 chunks
2026-09-20 21:04:22,610 - INFO - Successfully processed data\input\F28.txt
2026-09-20 21:04:22,610 - INFO - Processing file: data\input\F29.txt
2026-09-20 21:04:22,621 - INFO - Split into 1 chunks
2026-09-20 21:04:22,653 - INFO - Successfully processed data\input\F29.txt
2026-09-20 21:04:22,653 - INFO - Processing file: data\input\F30.txt
2026-09-20 21:04:22,660 - INFO - Split into 1 chunks
2026-09-20 21:04:22,700 - INFO - Successfully processed data\input\F30.txt
2026-09-20 21:04:22,700 - INFO - Processing file: data\input\F31.txt
2026-09-20 21:04:22,711 - INFO - Split into 1 chunks
2026-09-20 21:04:22,752 - INFO - Successfully processed data\input\F31.txt
2026-09-20 21:04:22,753 - INFO - Processing file: data\input\F32.txt
2026-09-20 21:04:22,763 - INFO - Split into 1 chunks
2026-09-20 21:04:22,799 - INFO - Successfully processed data\input\F32.txt
2026-09-20 21:04:22,799 - INFO - Processing file: data\input\F33.txt
2026-09-20 21:04:22,810 - INFO - Split into 1 chunks
2026-09-20 21:04:22,844 - INFO - Successfully processed data\input\F33.txt
2026-09-20 21:04:22,845 - INFO - Processing file: data\input\F34.txt
2026-09-20 21:04:22,856 - INFO - Split into 1 chunks
2026-09-20 21:04:22,890 - INFO - Successfully processed data\input\F34.txt
2026-09-20 21:04:22,891 - INFO - Processing file: data\input\F35.txt
2026-09-20 21:04:22,903 - INFO - Split into 1 chunks
2026-09-20 21:04:22,950 - INFO - Successfully processed data\input\F35.txt
2026-09-20 21:04:22,951 - INFO - Processing file: data\input\F36.txt
2026-09-20 21:04:22,966 - INFO - Split into 1 chunks
2026-09-20 21:04:23,017 - INFO - Successfully processed data\input\F36.txt
2026-09-20 21:04:23,018 - INFO - Processing file: data\input\F38.txt
2026-09-20 21:04:23,028 - INFO - Split into 1 chunks
2026-09-20 21:04:23,079 - INFO - Successfully processed data\input\F38.txt
2026-09-20 21:04:23,080 - INFO - Processing file: data\input\F39.txt
2026-09-20 21:04:23,090 - INFO - Split into 1 chunks
2026-09-20 21:04:23,128 - INFO - Successfully processed data\input\F39.txt
2026-09-20 21:04:23,129 - INFO - Processing file: data\input\F40.txt
2026-09-20 21:04:23,140 - INFO - Split into 1 chunks
2026-09-20 21:04:23,183 - INFO - Successfully processed data\input\F40.txt
2026-09-20 21:04:23,184 - INFO - Processing file: data\input\F42.txt
2026-09-20 21:04:23,193 - INFO - Split into 1 chunks
2026-09-20 21:04:23,233 - INFO - Successfully processed data\input\F42.txt
2026-09-20 21:04:23,233 - INFO - Processing file: data\input\F43.txt
2026-09-20 21:04:23,244 - INFO - Split into 1 chunks
2026-09-20 21:04:23,283 - INFO - Successfully processed data\input\F43.txt
2026-09-20 21:04:23,284 - INFO - Processing file: data\input\F45.txt
2026-09-20 21:04:23,296 - INFO - Split into 1 chunks
2026-09-20 21:04:23,332 - INFO - Successfully processed data\input\F45.txt
2026-09-20 21:04:23,332 - INFO - Processing file: data\input\F46.txt
2026-09-20 21:04:23,343 - INFO - Split into 1 chunks
2026-09-20 21:04:23,385 - INFO - Successfully processed data\input\F46.txt
2026-09-20 21:04:23,386 - INFO - Processing file: data\input\F47.txt
2026-09-20 21:04:23,396 - INFO - Split into 1 chunks
2026-09-20 21:04:23,447 - INFO - Successfully processed data\input\F47.txt
2026-09-20 21:04:23,448 - INFO - Processing file: data\input\F48.txt
2026-09-20 21:04:23,458 - INFO - Split into 1 chunks
2026-09-20 21:04:23,537 - INFO - Successfully processed data\input\F48.txt
2026-09-20 21:04:23,539 - INFO - Processing file: data\input\F49.txt
2026-09-20 21:04:23,573 - INFO - Split into 1 chunks
2026-09-20 21:04:23,637 - INFO - Successfully processed data\input\F49.txt
2026-09-20 21:04:23,639 - INFO - Processing file: data\input\F5.txt
2026-09-20 21:04:23,652 - INFO - Split into 1 chunks
2026-09-20 21:04:23,736 - INFO - Successfully processed data\input\F5.txt
2026-09-20 21:04:23,737 - INFO - Processing file: data\input\F50.txt
2026-09-20 21:04:23,753 - INFO - Split into 1 chunks
2026-09-20 21:04:23,831 - INFO - Successfully processed data\input\F50.txt
2026-09-20 21:04:23,833 - INFO - Processing file: data\input\F51.txt
2026-09-20 21:04:23,852 - INFO - Split into 1 chunks
2026-09-20 21:04:23,914 - INFO - Successfully processed data\input\F51.txt
2026-09-20 21:04:23,915 - INFO - Processing file: data\input\F53.txt
2026-09-20 21:04:23,931 - INFO - Split into 1 chunks
2026-09-20 21:04:24,004 - INFO - Successfully processed data\input\F53.txt
2026-09-20 21:04:24,006 - INFO - Processing file: data\input\F54.txt
2026-09-20 21:04:24,024 - INFO - Split into 1 chunks
2026-09-20 21:04:24,113 - INFO - Successfully processed data\input\F54.txt
2026-09-20 21:04:24,114 - INFO - Processing file: data\input\F55.txt
2026-09-20 21:04:24,134 - INFO - Split into 1 chunks
2026-09-20 21:04:24,200 - INFO - Successfully processed data\input\F55.txt
2026-09-20 21:04:24,201 - INFO - Processing file: data\input\F56.txt
2026-09-20 21:04:24,220 - INFO - Split into 1 chunks
2026-09-20 21:04:24,277 - INFO - Successfully processed data\input\F56.txt
2026-09-20 21:04:24,279 - INFO - Processing file: data\input\F57.txt
2026-09-20 21:04:24,302 - INFO - Split into 1 chunks
2026-09-20 21:04:24,366 - INFO - Successfully processed data\input\F57.txt
2026-09-20 21:04:24,367 - INFO - Processing file: data\input\F58.txt
2026-09-20 21:04:24,382 - INFO - Split into 1 chunks
2026-09-20 21:04:24,450 - INFO - Successfully processed data\input\F58.txt
2026-09-20 21:04:24,451 - INFO - Processing file: data\input\F59.txt
2026-09-20 21:04:24,471 - INFO - Split into 1 chunks
2026-09-20 21:04:24,536 - INFO - Successfully processed data\input\F59.txt
2026-09-20 21:04:24,537 - INFO - Processing file: data\input\F6.txt
2026-09-20 21:04:24,550 - INFO - Split into 1 chunks
2026-09-20 21:04:24,617 - INFO - Successfully processed data\input\F6.txt
2026-09-20 21:04:24,617 - INFO - Processing file: data\input\F7.txt
2026-09-20 21:04:24,634 - INFO - Split into 1 chunks
2026-09-20 21:04:24,686 - INFO - Successfully processed data\input\F7.txt
2026-09-20 21:04:24,687 - INFO - Processing file: data\input\F8.1.txt
2026-09-20 21:04:24,707 - INFO - Split into 1 chunks
2026-09-20 21:04:24,766 - INFO - Successfully processed data\input\F8.1.txt
2026-09-20 21:04:24,768 - INFO - Processing file: data\input\F8.2.txt
2026-09-20 21:04:24,783 - INFO - Split into 1 chunks
2026-09-20 21:04:24,845 - INFO - Successfully processed data\input\F8.2.txt
2026-09-20 21:04:24,846 - INFO - Processing file: data\input\F9.txt
2026-09-20 21:04:24,858 - INFO - Split into 1 chunks
2026-09-20 21:04:24,905 - INFO - Successfully processed data\input\F9.txt
